country,iso_code,year,wind_electricity,hdi,population,urbanization,density,network,corruption
Afghanistan,AFG,1996,0.0,0.334,27.23466568541772,,52.83,,13.088573
Afghanistan,AFG,1998,0.0,0.338,29.376134185793354,,52.487,,14.874578699999999
Afghanistan,AFG,2000,0.0,0.351,30.86384710914861,,55.005,,14.710318599999999
Afghanistan,AFG,2002,0.0,0.383,32.77696058139,0.00456139517022146,56.225,0.00456139517022146,16.613494499999998
Afghanistan,AFG,2003,0.0,0.392,34.85434432638793,0.0878912528559713,57.171,0.0878912528559713,16.5738272
Afghanistan,AFG,2004,0.0,0.408,36.123229535593275,0.105809030021958,57.81,0.105809030021958,17.3443576
Afghanistan,AFG,2005,0.0,0.417,37.41711819450194,1.22414808372471,58.247,1.22414808372471,16.045249899999998
Afghanistan,AFG,2006,0.0,0.426,38.98025849776919,2.10712364546412,58.553,2.10712364546412,17.0449084
Afghanistan,AFG,2007,0.0,0.442,39.725023381322536,1.899999976,58.956,1.899999976,16.0812697
Afghanistan,AFG,2008,0.0,0.446,40.60319519188017,1.84,59.708,1.84,15.214008999999999
Afghanistan,AFG,2009,0.0,0.458,42.11106664826825,3.55,60.248,3.55,16.215215999999998
Afghanistan,AFG,2010,0.0,0.465,43.3652070588596,4.0,60.702,4.0,14.371945
Afghanistan,AFG,2011,0.0,0.474,44.995949281695104,5.0,61.25,5.0,15.6169815
Afghanistan,AFG,2012,0.0,0.484,46.85468929672048,5.454500198,61.735,5.454500198,14.7503847
Afghanistan,AFG,2013,0.0,0.492,48.483976511353355,5.900000095,62.188,5.900000095,15.750763899999999
Afghanistan,AFG,2014,0.0,0.497,50.27754473115312,7.0,62.26,7.0,16.261878799999998
Afghanistan,AFG,2015,0.0,0.496,51.870910568357786,8.260000229,62.27,8.260000229,17.0972591
Afghanistan,AFG,2016,0.0,0.495,53.20302960612054,11.0,62.646,11.0,16.1765911
Afghanistan,AFG,2017,0.0,0.496,54.71832789046809,13.5,62.406,13.5,16.6116262
Afghanistan,AFG,2018,0.0,0.498,56.33448170124036,16.799999240000002,62.443,16.799999240000002,16.686024
Afghanistan,AFG,2019,0.0,0.507,58.041060668782485,17.60000038,62.941,17.60000038,17.4649243
Afghanistan,AFG,2020,0.0,0.501,59.900616346994155,17.04850006,61.454,17.04850006,19.4986641
Afghanistan,AFG,2021,0.0,0.486,61.32869079925793,16.51429939,60.417,16.51429939,23.1191682
Afghanistan,AFG,2022,0.0,0.495,62.21554053018107,15.86629963,65.617,15.86629963,24.1318765
Afghanistan,AFG,2023,0.0,0.496,63.558500835594806,15.92840004,66.035,15.92840004,23.5902009
Albania,ALB,1996,0.0,0.647,115.62164233576642,0.0322,74.113,0.0322,30.901499899999997
Albania,ALB,1998,0.0,0.659,114.17992700729927,0.065,74.357,0.065,36.4551191
Albania,ALB,2000,0.0,0.682,112.73821167883212,0.114097346552109,74.826,0.114097346552109,27.9620505
Albania,ALB,2002,0.0,0.697,111.3507299270073,0.39008127343332,75.299,0.39008127343332,27.6063683
Albania,ALB,2003,0.0,0.705,110.9348905109489,0.971900415195857,75.557,0.971900415195857,27.4519375
Albania,ALB,2004,0.0,0.71,110.47222627737226,2.42038779776014,75.951,2.42038779776014,32.563702299999996
Albania,ALB,2005,0.0,0.723,109.90828467153284,6.04389086404814,76.427,6.04389086404814,29.9809776
Albania,ALB,2006,0.0,0.732,109.21704379562044,9.609999657,76.994,9.609999657,33.7922723
Albania,ALB,2007,0.0,0.742,108.39478102189781,15.03610039,77.691,15.03610039,34.1877454
Albania,ALB,2008,0.0,0.749,107.56620437956204,23.86,78.248,23.86,34.8230664
Albania,ALB,2009,0.0,0.756,106.8437591240876,41.2,78.509,41.2,36.2266306
Albania,ALB,2010,0.0,0.769,106.31463503649636,45.0,78.414,45.0,37.6546668
Albania,ALB,2011,0.0,0.781,106.02901459854014,47.0,78.303,47.0,33.8997731
Albania,ALB,2012,0.0,0.79,104.40540145985402,49.40000153,78.084,49.40000153,31.203602699999998
Albania,ALB,2013,0.0,0.793,102.80664233576643,51.79999924,77.995,51.79999924,31.3472083
Albania,ALB,2014,0.0,0.797,101.23237226277372,54.29999924,78.029,54.29999924,34.1743313
Albania,ALB,2015,0.0,0.797,99.68222627737227,56.90000153,78.358,56.90000153,35.9826918
Albania,ALB,2016,0.0,0.797,98.15580291970802,59.59999847,78.643,59.59999847,37.608593
Albania,ALB,2017,0.0,0.798,96.65273722627737,62.40000153,78.9,62.40000153,36.3908461
Albania,ALB,2018,0.0,0.801,95.17273722627738,65.40000153,79.238,65.40000153,35.970842399999995
Albania,ALB,2019,0.0,0.805,93.71536496350365,68.5503911218006,79.467,68.5503911218006,36.954892699999995
Albania,ALB,2020,0.0,0.794,92.28029197080292,72.23767711,77.824,72.23767711,34.506940199999995
Albania,ALB,2021,0.0,0.794,90.86722627737227,79.32371752,76.844,79.32371752,35.6688164
Albania,ALB,2022,0.0,0.806,89.47576642335767,82.61367544,78.769,82.61367544,37.7248301
Albania,ALB,2023,0.0,0.81,88.01671532846716,83.13559161,79.602,83.13559161,38.4618567
Algeria,DZA,1996,0.0,0.615,12.189846078917094,0.00174,68.219,0.00174,35.0880322
Algeria,DZA,1998,0.0,0.634,12.61856163980955,0.0202,69.327,0.0202,27.8363567
Algeria,DZA,2000,0.0,0.651,12.97534281659627,0.491705679141589,70.576,0.491705679141589,26.714641699999998
Algeria,DZA,2002,0.0,0.669,13.330940824775164,1.59164126035832,71.644,1.59164126035832,27.732560099999997
Algeria,DZA,2003,0.0,0.677,13.509374658862848,2.19535973086144,71.906,2.19535973086144,31.3314381
Algeria,DZA,2004,0.0,0.685,13.699348375557365,4.63447508776537,72.536,4.63447508776537,30.871509999999997
Algeria,DZA,2005,0.0,0.692,13.90128603457976,5.843900204,72.836,5.843900204,35.2740802
Algeria,DZA,2006,0.0,0.698,14.11720254939666,7.37598495634886,73.116,7.37598495634886,38.8745553
Algeria,DZA,2007,0.0,0.704,14.354806150125539,9.45119062555304,73.346,9.45119062555304,38.1520884
Algeria,DZA,2008,0.0,0.711,14.618287890365867,10.18,73.618,10.18,36.074908199999996
Algeria,DZA,2009,0.0,0.714,14.90105763013595,11.23,73.871,11.23,35.403077499999995
Algeria,DZA,2010,0.0,0.718,15.194032933905465,12.5,74.144,12.5,39.9230526
Algeria,DZA,2011,0.0,0.718,15.49429240807141,14.899999620000001,74.383,14.899999620000001,39.5664616
Algeria,DZA,2012,0.0,0.723,15.80616104192733,18.20000076,74.609,18.20000076,38.6703708
Algeria,DZA,2013,0.0,0.727,16.128616473670508,22.5,74.809,22.5,39.640786399999996
Algeria,DZA,2014,0.0,0.732,16.46066783108148,29.5,74.992,29.5,35.2635769
Algeria,DZA,2015,0.02,0.737,16.80263681063558,38.20000076,75.159,38.20000076,35.1036202
Algeria,DZA,2016,0.029999999,0.743,17.151621859807594,42.94549942,75.31,42.94549942,34.87432
Algeria,DZA,2017,0.01,0.746,17.503708001835633,47.69110107,75.431,47.69110107,36.9149217
Algeria,DZA,2018,0.01,0.749,17.846203680416973,49.0384680793271,75.555,49.0384680793271,36.9544858
Algeria,DZA,2019,0.01,0.753,18.17769613811751,55.79069901,75.682,55.79069901,35.294024199999996
Algeria,DZA,2020,0.01,0.742,18.49156121155122,63.47269821,73.257,63.47269821,34.9886078
Algeria,DZA,2021,0.01,0.755,18.79344470849043,72.21240234,75.208,72.21240234,34.6776856
Algeria,DZA,2022,0.01,0.761,19.094187022932815,74.78150177,76.129,74.78150177,34.8379642
Algeria,DZA,2023,0.02,0.763,19.382560229076223,76.19760132,76.261,76.19760132,34.9054029
Angola,AGO,1996,0.0,,11.366786716932703,0.000776,46.418,0.000776,25.2637507
Angola,AGO,1998,0.0,,12.1595973369696,0.0185,45.452,0.0185,22.0118814
Angola,AGO,2000,0.0,0.391,12.990189299751343,0.105045562462262,46.501,0.105045562462262,21.9369655
Angola,AGO,2002,0.0,0.417,13.898852169728082,0.270376745595134,47.874,0.270376745595134,21.456945599999997
Angola,AGO,2003,0.0,0.435,14.392967032967032,0.370682065225727,50.218,0.370682065225727,21.0722451
Angola,AGO,2004,0.0,0.448,14.91972647790166,0.464814617985909,51.123,0.464814617985909,23.102135
Angola,AGO,2005,0.0,0.463,15.473779578086148,1.143399954,52.13,1.143399954,21.6605916
Angola,AGO,2006,0.0,0.475,16.05460736343948,1.5,52.965,1.5,21.605690499999998
Angola,AGO,2007,0.0,0.492,16.666849282104756,1.700000048,54.2,1.700000048,21.937228599999997
Angola,AGO,2008,0.0,0.504,17.308618753509265,1.899999976,55.281,1.899999976,22.1495785
Angola,AGO,2009,0.0,0.517,17.979283708991737,2.299999952,56.225,2.299999952,22.0978088
Angola,AGO,2010,0.0,0.528,18.685188898692548,2.799999952,57.242,2.799999952,20.9936978
Angola,AGO,2011,0.0,0.545,19.425966150637684,4.699999809,58.093,4.699999809,20.1489376
Angola,AGO,2012,0.0,0.557,20.19523060880725,7.699999809,58.916,7.699999809,18.718187
Angola,AGO,2013,0.0,0.567,20.987904066736185,13.0,59.705,13.0,18.2839535
Angola,AGO,2014,0.0,0.577,21.786130584743724,21.3623407584103,60.396,21.3623407584103,17.767013
Angola,AGO,2015,0.0,0.603,22.58586508382129,22.0,61.042,22.0,17.7806659
Angola,AGO,2016,0.0,0.609,23.408253790005613,23.20000076,61.619,23.20000076,17.7314932
Angola,AGO,2017,0.0,0.61,24.251896205983797,26.0,62.122,26.0,19.095467
Angola,AGO,2018,0.0,0.611,25.103998556188337,29.0,62.622,29.0,23.9337463
Angola,AGO,2019,0.0,0.611,25.96906392877196,32.12939835,63.051,32.12939835,28.325819199999998
Angola,AGO,2020,0.0,0.61,26.83174139728884,33.32089996,63.116,33.32089996,29.802773199999997
Angola,AGO,2021,0.0,0.609,27.6990687414775,34.55649948,62.958,34.55649948,34.8668347
Angola,AGO,2022,0.0,0.615,28.583483596695274,35.83800125,64.246,35.83800125,35.646071
Angola,AGO,2023,0.0,0.616,29.477746049570868,37.88589859,64.617,37.88589859,35.2190131
Antigua and Barbuda,ATG,1996,0.0,,158.20909090909092,2.86,73.839,2.86,65.962627
Antigua and Barbuda,ATG,1998,0.0,,164.57272727272726,4.07,74.187,4.07,65.87218779999999
Antigua and Barbuda,ATG,2000,0.0,,170.25454545454545,6.48222573702907,74.819,6.48222573702907,65.60776249999999
Antigua and Barbuda,ATG,2002,0.0,,175.07272727272726,12.5,75.237,12.5,65.4205688
Antigua and Barbuda,ATG,2003,0.0,,177.0090909090909,17.2286487816884,75.313,17.2286487816884,65.3567128
Antigua and Barbuda,ATG,2004,0.0,,178.90681818181818,24.2665437161785,75.329,24.2665437161785,60.3873958
Antigua and Barbuda,ATG,2005,0.0,,180.9340909090909,27.0,75.364,27.0,61.6709622
Antigua and Barbuda,ATG,2006,0.0,,183.1909090909091,30.0,75.506,30.0,69.134022
Antigua and Barbuda,ATG,2007,0.0,0.827,185.6909090909091,34.0,75.72,34.0,69.0421558
Antigua and Barbuda,ATG,2008,0.0,0.83,188.43636363636364,38.0,76.075,38.0,69.0665752
Antigua and Barbuda,ATG,2009,0.0,0.827,191.30227272727274,42.0,76.386,42.0,69.0657149
Antigua and Barbuda,ATG,2010,0.0,0.828,193.9090909090909,47.0,76.701,47.0,74.81422979999999
Antigua and Barbuda,ATG,2011,0.0,0.828,196.20909090909092,52.0,77.023,52.0,74.7665367
Antigua and Barbuda,ATG,2012,0.0,0.833,198.3181818181818,58.0,77.1,58.0,74.6674341
Antigua and Barbuda,ATG,2013,0.0,0.835,200.14545454545456,63.40000153,77.05,63.40000153,74.674964
Antigua and Barbuda,ATG,2014,0.0,0.837,201.73863636363637,67.77999878,76.912,67.77999878,58.797059
Antigua and Barbuda,ATG,2015,0.0,0.839,203.2022727272727,70.0,76.892,70.0,60.741335299999996
Antigua and Barbuda,ATG,2016,0.0,0.842,204.475,70.27159882,76.968,70.27159882,60.767724199999996
Antigua and Barbuda,ATG,2017,0.0,0.845,205.6090909090909,70.54419708,77.03,70.54419708,51.8166929
Antigua and Barbuda,ATG,2018,0.0,0.85,206.65,70.81790161,77.132,70.81790161,52.433841099999995
Antigua and Barbuda,ATG,2019,0.0,0.851,207.64545454545456,71.09259796,77.168,71.09259796,52.295137999999994
Antigua and Barbuda,ATG,2020,0.0,0.84,208.7409090909091,71.36840057,77.161,71.36840057,52.3062547
Antigua and Barbuda,ATG,2021,0.0,0.843,209.8840909090909,71.64530182,77.197,71.64530182,51.5284433
Antigua and Barbuda,ATG,2022,0.0,0.848,211.0,71.9233017,77.483,71.9233017,52.6506623
Antigua and Barbuda,ATG,2023,0.0,0.851,212.0818181818182,72.12409973,77.598,72.12409973,53.292770399999995
Argentina,ARG,1996,0.009618,0.76,12.976914813150193,0.14200000000000002,73.056,0.14200000000000002,43.3037026
Argentina,ARG,1998,0.032540999,0.772,13.290822124537305,0.831,73.412,0.831,39.4043147
Argentina,ARG,2000,0.029999999,0.789,13.59817297538267,7.0386830862178,73.91,7.0386830862178,41.678819499999996
Argentina,ARG,2002,0.07,0.795,13.896111360804476,10.8821243775325,74.312,10.8821243775325,36.4762512
Argentina,ARG,2003,0.079999998,0.804,14.04042182344365,11.9136965509954,74.307,11.9136965509954,36.7579365
Argentina,ARG,2004,0.07,0.808,14.183526815240308,16.0366841054923,74.871,16.0366841054923,39.6472232
Argentina,ARG,2005,0.07,0.812,14.33000778312487,17.7205833696065,75.231,17.7205833696065,39.979253199999995
Argentina,ARG,2006,0.07,0.822,14.478115899133625,20.9272021035896,75.279,20.9272021035896,41.3602947
Argentina,ARG,2007,0.059999999,0.825,14.622322221369611,25.9466329403819,74.783,25.9466329403819,39.6714463
Argentina,ARG,2008,0.039999999,0.833,14.771182706115782,28.1126234799907,75.428,28.1126234799907,39.479360199999995
Argentina,ARG,2009,0.039999999,0.835,14.928556394768863,34.0,75.577,34.0,39.8188047
Argentina,ARG,2010,0.029999999,0.844,15.087092071078565,45.0,75.68,45.0,40.4201705
Argentina,ARG,2011,0.029999999,0.852,15.248588623483112,51.0,76.1,51.0,40.9800858
Argentina,ARG,2012,0.370000005,0.85,15.406100435197263,55.79999924,75.802,55.79999924,37.393715
Argentina,ARG,2013,0.449999988,0.852,15.559838710266781,59.90000153,75.829,59.90000153,37.3840031
Argentina,ARG,2014,0.620000005,0.855,15.721207370948116,64.69999695,76.268,64.69999695,34.3728744
Argentina,ARG,2015,0.589999974,0.859,15.886714242387702,68.0430641088122,76.6,68.0430641088122,34.796284799999995
Argentina,ARG,2016,0.550000012,0.857,16.041390511895756,70.9689808206024,76.105,70.9689808206024,43.4145878
Argentina,ARG,2017,0.610000014,0.861,16.183379922461075,74.2949068657957,76.543,74.2949068657957,44.2489681
Argentina,ARG,2018,1.409999967,0.861,16.31711373959053,77.7,76.77,77.7,47.738734199999996
Argentina,ARG,2019,5.0,0.861,16.433525536323078,79.9469520347551,76.847,79.9469520347551,46.1402602
Argentina,ARG,2020,9.409999847,0.851,16.513366512100383,85.51438646,75.878,85.51438646,45.132954399999996
Argentina,ARG,2021,12.93999958,0.847,16.55733057087211,87.15070683,73.948,87.15070683,41.229169999999996
Argentina,ARG,2022,14.15999985,0.858,16.592271685868695,88.37535691,75.806,88.37535691,40.9679996
Argentina,ARG,2023,14.47999954,0.865,16.63995593216623,89.22897166,77.395,89.22897166,40.687737299999995
Armenia,ARM,1996,0.0,0.635,115.16455918510714,0.0946,69.00612195121953,0.0946,36.2702248
Armenia,ARM,1998,0.0,0.655,112.6940990516333,0.129,69.79934146341465,0.129,34.8201941
Armenia,ARM,2000,0.0,0.667,113.14014752370917,1.30047002237784,72.88048780487806,1.30047002237784,31.1625144
Armenia,ARM,2002,0.0,0.682,112.39199157007376,1.9604050458212,72.8268292682927,1.9604050458212,28.826945
Armenia,ARM,2003,0.0,0.692,111.78433438707411,4.57521722477781,72.8268292682927,4.57521722477781,28.7991837
Armenia,ARM,2004,0.0,0.7,111.16613979627678,4.8990085713054,73.02682926829269,4.8990085713054,34.249229
Armenia,ARM,2005,0.0,0.711,110.51633298208641,5.252999783,73.07560975609758,5.252999783,35.7346763
Armenia,ARM,2006,0.0,0.725,109.83842641376889,5.631800175,72.82439024390246,5.631800175,35.1272866
Armenia,ARM,2007,0.0,0.739,109.14646996838778,6.021299839,72.87317073170732,6.021299839,33.572161799999996
Armenia,ARM,2008,0.0,0.743,108.43343870741131,6.21,73.07317073170734,6.21,32.4790279
Armenia,ARM,2009,0.0,0.741,107.6923076923077,15.30000019,73.07317073170734,15.30000019,32.9693305
Armenia,ARM,2010,0.01,0.747,106.94766420793817,25.0,73.17317073170732,25.0,34.2652259
Armenia,ARM,2011,0.0,0.752,106.35405690200211,32.0,73.8170731707317,32.0,34.1433537
Armenia,ARM,2012,0.0,0.761,106.22058306989814,37.5,74.11951219512196,37.5,35.338233699999996
Armenia,ARM,2013,0.0,0.766,106.14682121531436,41.9,74.62195121951221,41.9,37.043421099999996
Armenia,ARM,2014,0.0,0.772,105.85879873551106,54.6228058583362,74.87317073170733,54.6228058583362,34.919990999999996
Armenia,ARM,2015,0.0,0.777,105.53565156304883,59.1008337674937,74.87073170731709,59.1008337674937,35.2404023
Armenia,ARM,2016,0.0,0.783,105.10361784334387,64.3460297653742,74.86829268292684,64.3460297653742,36.1010481
Armenia,ARM,2017,0.0,0.785,104.65050930804355,64.7448843250726,75.21707317073171,64.7448843250726,36.4364948
Armenia,ARM,2018,0.0,0.789,104.28521250439059,68.2450522610271,75.61951219512196,68.2450522610271,44.5303761
Armenia,ARM,2019,0.0,0.796,104.05690200210748,66.5439496866159,76.2219512195122,66.5439496866159,46.7952054
Armenia,ARM,2020,0.0,0.761,105.02737662785341,76.50770055,73.37560975609757,76.50770055,49.9924934
Armenia,ARM,2021,0.0,0.786,105.05694027291469,78.61225758,72.27804878048782,78.61225758,48.9851107
Armenia,ARM,2022,0.0,0.801,105.29705315777677,77.02767465,74.7658536585366,77.02767465,49.0185983
Armenia,ARM,2023,0.0,0.811,105.11910874825884,79.99663036,77.4658536585366,79.99663036,49.972330799999995
Australia,AUS,1996,0.007,0.884,2.3723060802103535,3.28,78.07804878048782,3.28,91.3808672
Australia,AUS,1998,0.017999999,0.891,2.422137120393632,30.8,78.63170731707318,30.8,91.38642949999999
Australia,AUS,2000,0.129999995,0.897,2.476966793798732,46.7561156116738,79.23414634146343,46.7561156116738,89.5404441
Australia,AUS,2002,0.529999971,0.902,2.5376788201450085,,79.93658536585367,,88.6586378
Australia,AUS,2003,0.699999988,0.906,2.567035523215704,,80.23902439024391,,88.93455829999999
Australia,AUS,2004,0.800000012,0.91,2.5946294729443005,,80.49024390243903,,83.7516182
Australia,AUS,2005,1.299999952,0.914,2.6264066750842847,63.0,80.84146341463415,63.0,83.8804536
Australia,AUS,2006,2.160000086,0.917,2.662088957734012,66.0,81.04146341463415,66.0,83.2165677
Australia,AUS,2007,2.849999905,0.919,2.7111180245499393,69.45,81.29268292682927,69.45,85.63010349999999
Australia,AUS,2008,3.460000038,0.924,2.765994428751806,71.67,81.39512195121952,71.67,88.08298479999999
Australia,AUS,2009,4.440000057,0.927,2.823588378480403,74.25,81.54390243902441,74.25,87.7794468
Australia,AUS,2010,4.989999771,0.929,2.867858584017807,76.0,81.69512195121953,76.0,88.2098405
Australia,AUS,2011,6.429999828,0.933,2.9079864103198263,79.4876977139029,81.89512195121951,79.4876977139029,87.7087957
Australia,AUS,2012,7.71999979,0.938,2.959200369680955,79.0,82.04634146341463,79.0,87.6005622
Australia,AUS,2013,9.260000229,0.935,3.010573526157531,83.453497167,82.14878048780488,83.453497167,82.8742935
Australia,AUS,2014,9.779999733,0.937,3.055814795048358,84.0,82.3,84.0,85.5670045
Australia,AUS,2015,11.82999992,0.938,3.1001125964880307,84.5605149091408,82.4,84.5605149091408,85.39162379999999
Australia,AUS,2016,13.03999996,0.939,3.1449355305888442,86.54000092,82.4487804878049,86.54000092,84.176233
Australia,AUS,2017,13.21000004,0.94,3.1971560136349098,86.5450488476768,82.5,86.5450488476768,84.17408739999999
Australia,AUS,2018,16.26000023,0.945,3.245344915899855,90.0082016,82.7487804878049,90.0082016,83.6549548
Australia,AUS,2019,19.46999931,0.947,3.2936505625310386,93.60990143,82.9,93.60990143,84.01514069999999
Australia,AUS,2020,22.61000061,0.95,3.334526951307979,94.6934967,83.2,94.6934967,80.3186803
Australia,AUS,2021,26.79999924,0.954,3.339228447143923,96.97219849,83.3,96.97219849,81.8010164
Australia,AUS,2022,30.04999924,0.952,3.382560237752892,96.11940002,83.2,96.11940002,82.84870819999999
Australia,AUS,2023,31.87000084,0.958,3.4659194853887536,96.1160965,83.05121951219513,96.1160965,84.4063894
Austria,AUT,1996,0.0,0.861,96.44955162384876,6.91,76.87073170731708,6.91,86.9234728
Austria,AUT,1998,0.050000001,0.87,96.66491759573437,15.4,77.67073170731709,15.4,83.6287967
Austria,AUT,2000,0.07,0.879,97.0863548230732,33.7301329516915,78.1268292682927,33.7301329516915,82.07125309999999
Austria,AUT,2002,0.140000001,0.887,97.93937227338827,36.56,78.67804878048783,36.56,85.6985361
Austria,AUT,2003,0.370000005,0.889,98.4176320891905,42.7,78.63170731707318,42.7,87.9717434
Austria,AUT,2004,0.930000007,0.895,99.03012603005332,54.28,79.18048780487806,54.28,86.9145503
Austria,AUT,2005,1.330000043,0.898,99.70708919049927,58.0,79.33170731707318,58.0,87.34921299999999
Austria,AUT,2006,1.75,0.902,100.20166020358701,63.6,79.88048780487806,63.6,87.193005
Austria,AUT,2007,2.039999962,0.905,100.52698739699467,69.37,80.18048780487806,69.37,87.638256
Austria,AUT,2008,2.00999999,0.907,100.8421715947649,72.87,80.43170731707318,72.87,85.3544077
Austria,AUT,2009,1.950000048,0.907,101.1066771691711,73.45,80.33170731707318,73.45,84.38557899999999
Austria,AUT,2010,2.0599999430000002,0.912,101.35002423654872,75.17,80.58048780487806,75.17,81.6075357
Austria,AUT,2011,1.940000057,0.915,101.69223218613669,78.7399930986888,80.9829268292683,78.7399930986888,79.7921696
Austria,AUT,2012,2.460000038,0.916,102.15694377120698,80.0299939169903,80.93658536585367,80.0299939169903,75.6280326
Austria,AUT,2013,3.150000095,0.915,102.76082161900145,80.6188,81.13658536585366,80.6188,77.13797009999999
Austria,AUT,2014,3.849999905,0.919,103.5670867668444,80.9958249574764,81.49024390243903,80.9958249574764,76.6206977
Austria,AUT,2015,4.840000153,0.919,104.73459767329132,83.9401419315026,81.19024390243904,83.9401419315026,78.04466939999999
Austria,AUT,2016,5.230000019,0.921,105.87333979641299,84.3237425711653,81.64146341463416,84.3237425711653,78.58105789999999
Austria,AUT,2017,6.570000172,0.922,106.61131846825012,87.9355865856062,81.6439024390244,87.9355865856062,79.57830369999999
Austria,AUT,2018,6.03000021,0.925,107.13185894328647,87.4791372262556,81.69268292682928,87.4791372262556,80.94587229999999
Austria,AUT,2019,7.449999809,0.928,107.60930683470674,87.7522047870069,81.89512195121951,87.7522047870069,80.3973652
Austria,AUT,2020,6.789999962,0.925,108.05700436257877,87.52942813,81.19268292682928,87.52942813,80.36115509999999
Austria,AUT,2021,6.739999771,0.93,108.52880513814833,92.52915104,81.19024390243904,92.52915104,75.3856847
Austria,AUT,2022,7.239999771,0.927,109.57163111972855,93.61409139,81.2951219512195,93.61409139,75.54189269999999
Austria,AUT,2023,8.039999962,0.93,110.66118516723219,95.33467117,81.79268292682929,95.33467117,74.5754384
Azerbaijan,AZE,1996,0.0,0.622,93.28622757369287,0.00635,62.66,0.00635,17.897459599999998
Azerbaijan,AZE,1998,0.0,0.636,95.23179126751072,0.0375,63.75,0.0375,21.3452386
Azerbaijan,AZE,2000,0.0,0.652,97.43477997699897,0.147757575623251,65.377,0.147757575623251,19.891426799999998
Azerbaijan,AZE,2002,0.0,0.669,98.91246459609286,4.99971367812957,66.769,4.99971367812957,19.6829228
Azerbaijan,AZE,2003,0.0,0.676,99.6237235638581,,67.036,,22.2531666
Azerbaijan,AZE,2004,0.0,0.682,100.47537255660924,,67.488,,22.642038799999998
Azerbaijan,AZE,2005,0.0,0.692,101.52250181466248,8.030400276,67.71,8.030400276,24.4234315
Azerbaijan,AZE,2006,0.0,0.711,102.67253167467358,11.9921999,68.489,11.9921999,24.7378352
Azerbaijan,AZE,2007,0.0,0.72,103.85336867201588,14.53999996,68.659,14.53999996,24.2508218
Azerbaijan,AZE,2008,0.0,0.731,106.05976254735135,17.08,69.355,17.08,24.075331799999997
Azerbaijan,AZE,2009,0.0,0.74,108.29129045532667,27.4,69.874,27.4,24.7424401
Azerbaijan,AZE,2010,0.0,0.744,109.54234417344173,46.0,70.309,46.0,22.881939499999998
Azerbaijan,AZE,2011,0.0,0.746,110.97633622879817,50.0,70.565,50.0,24.312013999999998
Azerbaijan,AZE,2012,0.0,0.751,112.4607902441385,54.20000076,71.08,54.20000076,24.100493999999998
Azerbaijan,AZE,2013,0.0,0.757,113.92348080668772,73.000001372,71.485,73.000001372,27.558576
Azerbaijan,AZE,2014,0.0,0.766,115.34881385867922,75.0000156363396,71.93,75.0000156363396,25.1486007
Azerbaijan,AZE,2015,0.0,0.771,116.73107678163144,77.0,72.349,77.0,28.8929466
Azerbaijan,AZE,2016,0.02,0.772,118.03328898028305,78.2,72.568,78.2,32.6269874
Azerbaijan,AZE,2017,0.02,0.774,119.20874162251094,79.0,72.694,79.0,30.4755734
Azerbaijan,AZE,2018,0.079999998,0.775,120.25759188907978,79.7999954887896,73.016,79.7999954887896,29.505787299999998
Azerbaijan,AZE,2019,0.100000001,0.78,121.28007113993273,81.0999990651547,73.29,81.0999990651547,32.5706735
Azerbaijan,AZE,2020,0.100000001,0.757,122.12473682936863,84.59999573,70.312,84.59999573,32.4751638
Azerbaijan,AZE,2021,0.090000004,0.765,122.65880217785843,85.99998954,70.999,85.99998954,32.1511758
Azerbaijan,AZE,2022,0.079999998,0.784,122.70727162734423,88.0,74.125,88.0,31.0498764
Azerbaijan,AZE,2023,0.079999998,0.789,122.85490623109497,89.0,74.429,89.0,30.0026199
Bahamas,BHS,1996,0.0,0.779,30.596203796203795,1.75,71.464,1.75,75.0508432
Bahamas,BHS,1998,0.0,0.777,31.505294705294705,2.34,71.84,2.34,74.9928269
Bahamas,BHS,2000,0.0,0.787,32.35114885114885,8.0,72.481,8.0,74.82319679999999
Bahamas,BHS,2002,0.0,0.793,33.12827172827173,18.0,73.023,18.0,74.7031098
Bahamas,BHS,2003,0.0,0.794,33.528271728271726,20.0,73.213,20.0,74.66214699999999
Bahamas,BHS,2004,0.0,0.795,33.94425574425574,22.0,73.235,22.0,71.37772319999999
Bahamas,BHS,2005,0.0,0.798,34.35504495504495,25.0,73.413,25.0,74.5898544
Bahamas,BHS,2006,0.0,0.8,34.802697302697304,26.0,73.456,26.0,74.6961184
Bahamas,BHS,2007,0.0,0.801,35.2981018981019,27.0,73.463,27.0,74.6200001
Bahamas,BHS,2008,0.0,0.801,35.77622377622377,31.54,73.445,31.54,74.6402335
Bahamas,BHS,2009,0.0,0.8,36.24475524475525,33.88,73.455,33.88,77.8907912
Bahamas,BHS,2010,0.0,0.801,36.71108891108891,43.0,73.449,43.0,77.897313
Bahamas,BHS,2011,0.0,0.802,37.135764235764235,65.0,73.571,65.0,77.8809781
Bahamas,BHS,2012,0.0,0.805,37.50939060939061,71.74819946,73.707,71.74819946,77.8470371
Bahamas,BHS,2013,0.0,0.805,37.85744255744256,72.0,73.93,72.0,77.8496159
Bahamas,BHS,2014,0.0,0.807,38.19160839160839,76.91999817,74.029,76.91999817,74.3616412
Bahamas,BHS,2015,0.0,0.807,38.4961038961039,78.0,73.805,78.0,69.8937253
Bahamas,BHS,2016,0.0,0.808,38.76673326673327,80.0,74.042,80.0,69.90839629999999
Bahamas,BHS,2017,0.0,0.81,39.00949050949051,80.59999847,74.031,80.59999847,69.6533793
Bahamas,BHS,2018,0.0,0.812,39.23246753246753,83.0,74.062,83.0,70.1768051
Bahamas,BHS,2019,0.0,0.8,39.42807192807193,90.69329834,71.408,90.69329834,72.3987063
Bahamas,BHS,2020,0.0,0.797,39.54675324675325,92.4437027,72.994,92.4437027,72.4048394
Bahamas,BHS,2021,0.0,0.794,39.5977022977023,92.34980011,70.752,92.34980011,72.7166886
Bahamas,BHS,2022,0.0,0.818,39.71408591408591,92.2559967,74.491,92.2559967,72.8143702
Bahamas,BHS,2023,0.0,0.82,39.904095904095904,92.38729858,74.552,92.38729858,72.5488762
Bahrain,BHR,1996,0.0,0.741,808.1577464788733,0.843,73.61,0.843,50.034506799999996
Bahrain,BHR,1998,0.0,0.754,851.8901408450704,3.22,74.138,3.22,50.0035311
Bahrain,BHR,2000,0.0,0.775,898.0028169014084,6.15373254647607,74.673,6.15373254647607,49.9129685
Bahrain,BHR,2002,0.0,0.791,1000.7788732394366,18.0507208881153,75.209,18.0507208881153,59.1944691
Bahrain,BHR,2003,0.0,0.799,1061.8291666666667,21.5549449917804,75.486,21.5549449917804,55.3993575
Bahrain,BHR,2004,0.0,0.795,1128.4123287671232,21.4586805077435,75.787,21.4586805077435,52.391341999999995
Bahrain,BHR,2005,0.0,0.791,1201.1108108108108,21.30369949,76.125,21.30369949,50.8843496
Bahrain,BHR,2006,0.0,0.795,1297.8702702702703,28.24399948,76.51,28.24399948,50.0366625
Bahrain,BHR,2007,0.0,0.8,1385.7266666666667,32.91,76.952,32.91,49.9647362
Bahrain,BHR,2008,0.0,0.804,1451.9684210526316,51.95,77.457,51.95,48.3089787
Bahrain,BHR,2009,0.0,0.804,1550.546052631579,53.0,78.016,53.0,49.4400635
Bahrain,BHR,2010,0.0,0.81,1612.261154855643,55.0,78.593,55.0,50.9319456
Bahrain,BHR,2011,0.0,0.817,1558.044328552803,76.9999665032303,79.141,76.9999665032303,51.8308761
Bahrain,BHR,2012,0.0,0.833,1570.0831168831169,88.0,79.622,88.0,51.2212153
Bahrain,BHR,2013,0.0,0.846,1627.5207792207793,90.0000397,79.998,90.0000397,51.842733599999995
Bahrain,BHR,2014,0.0,0.847,1705.0090791180285,90.5031334814656,80.214,90.5031334814656,47.4409974
Bahrain,BHR,2015,0.0,0.868,1761.3393316195372,93.4783007986129,80.338,93.4783007986129,48.6359928
Bahrain,BHR,2016,0.0,0.871,1827.6328626444158,97.9999807024146,80.407,97.9999807024146,46.0789263
Bahrain,BHR,2017,0.0,0.874,1924.5076923076922,95.8781357543453,80.407,95.8781357543453,44.955794399999995
Bahrain,BHR,2018,0.0,0.886,1931.9935732647814,98.6446725799886,80.412,98.6446725799886,45.0015605
Bahrain,BHR,2019,0.0,0.894,1902.251282051282,99.7015043807778,80.471,99.7015043807778,46.1637586
Bahrain,BHR,2020,0.0,0.885,1875.4191082802547,99.67103159,78.683,99.67103159,45.9821495
Bahrain,BHR,2021,0.0,0.885,1904.259493670886,100.0,78.083,100.0,52.1075132
Bahrain,BHR,2022,0.0,0.902,1929.9911392405063,100.0,80.992,100.0,50.7864899
Bahrain,BHR,2023,0.0,0.899,1971.32375,100.0,81.284,100.0,52.673146599999995
Bangladesh,BGD,1996,0.0,0.442,959.2239302450641,,58.94,,30.2023957
Bangladesh,BGD,1998,0.0,0.459,995.7926711223785,0.00368,60.429,0.00368,30.176772
Bangladesh,BGD,2000,0.0,0.477,1033.6045478989015,0.0710394230507683,62.049,0.0710394230507683,24.780231099999998
Bangladesh,BGD,2002,0.0,0.494,1067.3247138357533,0.13992028850905,63.591,0.13992028850905,18.5183687
Bangladesh,BGD,2003,0.0,0.503,1082.9711223784282,0.163877665498048,64.288,0.163877665498048,18.2398532
Bangladesh,BGD,2004,0.0,0.511,1097.817131443497,0.199036333744363,64.912,0.199036333744363,17.1748732
Bangladesh,BGD,2005,0.0,0.52,1111.7445340708305,0.241600007,65.509,0.241600007,18.236653099999998
Bangladesh,BGD,2006,0.0,0.527,1124.7289928554967,1.0,66.048,1.0,18.9112993
Bangladesh,BGD,2007,0.0,0.534,1136.8923561496504,1.799999952,66.458,1.799999952,24.6268326
Bangladesh,BGD,2008,0.0,0.538,1148.300407159868,2.5,67.047,2.5,28.657640699999998
Bangladesh,BGD,2009,0.0,0.551,1159.051348236921,3.0999999050000002,67.527,3.0999999050000002,29.4117654
Bangladesh,BGD,2010,0.0,0.561,1169.2554428823846,3.700000048,68.009,3.700000048,27.1710842
Bangladesh,BGD,2011,0.0,0.572,1179.9268341399709,4.5,68.499,4.5,26.553092
Bangladesh,BGD,2012,0.0,0.583,1191.2890911884458,5.0,68.989,5.0,25.1573288
Bangladesh,BGD,2013,0.0,0.589,1202.5208650226627,6.63,69.487,6.63,24.929229
Bangladesh,BGD,2014,0.0,0.6,1213.5279173388647,9.052900314,70.016,9.052900314,23.8775902
Bangladesh,BGD,2015,0.01,0.621,1224.423284935085,12.36880016,70.543,12.36880016,25.9977736
Bangladesh,BGD,2016,0.01,0.632,1235.3993393254975,16.89909935,71.075,16.89909935,26.2613123
Bangladesh,BGD,2017,0.01,0.633,1245.9564185296151,21.5,71.606,21.5,26.3545731
Bangladesh,BGD,2018,0.01,0.646,1256.2272643466235,25.56509972,72.122,25.56509972,25.660415999999998
Bangladesh,BGD,2019,0.01,0.656,1266.9052393024506,30.38310051,72.625,30.38310051,25.5760817
Bangladesh,BGD,2020,0.01,0.663,1277.5449335484366,36.10910034,71.421,36.10910034,26.0737663
Bangladesh,BGD,2021,0.01,0.663,1287.9991856802642,38.91744466,71.103,38.91744466,25.7330264
Bangladesh,BGD,2022,0.01,0.68,1300.360026101643,41.61650085,74.265,41.61650085,24.003243599999998
Bangladesh,BGD,2023,0.0,0.685,1319.1797968918295,44.50274195,74.672,44.50274195,23.5908891
Barbados,BRB,1996,0.0,0.748,609.9627906976744,0.38899999999999996,74.065,0.38899999999999996,77.38661909999999
Barbados,BRB,1998,0.0,0.754,610.3162790697675,1.97,74.465,1.97,77.3304387
Barbados,BRB,2000,0.0,0.762,609.4488372093023,3.97367835457927,74.58,3.97367835457927,77.1661787
Barbados,BRB,2002,0.0,0.767,614.2976744186046,27.836322424146,74.82,27.836322424146,77.0498951
Barbados,BRB,2003,0.0,0.771,618.0837209302325,39.6896271159532,74.865,39.6896271159532,77.0102278
Barbados,BRB,2004,0.0,0.775,621.6232558139535,49.8,75.15,49.8,71.3065601
Barbados,BRB,2005,0.0,0.779,624.8976744186047,52.5,74.96,52.5,75.1976166
Barbados,BRB,2006,0.0,0.783,627.9116279069767,55.29999924,75.049,55.29999924,75.96081149999999
Barbados,BRB,2007,0.0,0.79,630.9023255813953,58.20000076,75.263,58.20000076,74.9729356
Barbados,BRB,2008,0.0,0.794,634.2186046511628,61.40000153,75.3,61.40000153,74.8881438
Barbados,BRB,2009,0.0,0.798,637.4953488372093,64.69999695,75.458,64.69999695,73.2248807
Barbados,BRB,2010,0.0,0.797,640.1,65.09999847,75.488,65.09999847,74.983194
Barbados,BRB,2011,0.0,0.794,642.1837209302325,66.5,75.599,66.5,78.50263609999999
Barbados,BRB,2012,0.0,0.797,644.0418604651163,71.19999695,75.737,71.19999695,77.1088364
Barbados,BRB,2013,0.0,0.798,645.7325581395348,71.80000305,75.816,71.80000305,76.6432892
Barbados,BRB,2014,0.0,0.799,647.3209302325581,71.92459869,75.926,71.92459869,67.5042344
Barbados,BRB,2015,0.0,0.8,648.8139534883721,72.04940033,76.055,72.04940033,72.2911771
Barbados,BRB,2016,0.0,0.803,650.2279069767442,71.57299805,76.168,71.57299805,71.0519722
Barbados,BRB,2017,0.0,0.804,651.560465116279,71.14849854,76.237,71.14849854,70.3188562
Barbados,BRB,2018,0.0,0.806,652.8162790697675,70.72650146,76.378,70.72650146,70.83094679999999
Barbados,BRB,2019,0.0,0.808,653.9697674418604,70.30709839,76.495,70.30709839,71.033937
Barbados,BRB,2020,0.0,0.803,655.1116279069768,69.89009857,76.647,69.89009857,71.5279357
Barbados,BRB,2021,0.0,0.803,656.1558139534884,69.4756012,76.58,69.4756012,72.0370427
Barbados,BRB,2022,0.0,0.807,656.553488372093,69.06359863,75.676,69.06359863,71.99658389999999
Barbados,BRB,2023,0.0,0.811,656.5953488372093,69.67510223,76.178,69.67510223,72.32591769999999
Belarus,BLR,1996,0.0,0.697,50.08315833062203,0.029300000000000003,68.51219512195122,0.029300000000000003,36.30435
Belarus,BLR,1998,0.0,0.709,49.65741092250122,0.0739,68.40731707317074,0.0739,48.2898363
Belarus,BLR,2000,0.0,0.724,49.197477914497554,1.86039812615388,68.91219512195123,1.86039812615388,40.5795807
Belarus,BLR,2002,0.0,0.738,48.63973100493519,8.95097131467325,68.05609756097562,8.95097131467325,37.3752871
Belarus,BLR,2003,0.0,0.747,48.30124836066382,,68.55365853658539,,37.3475258
Belarus,BLR,2004,0.0,0.758,47.97547518674654,,68.95609756097562,,40.8237867
Belarus,BLR,2005,0.0,0.767,47.644687994557096,,68.85121951219512,,41.9628872
Belarus,BLR,2006,0.0,0.777,47.33728265583724,16.2,69.40487804878049,16.2,37.7698695
Belarus,BLR,2007,0.0,0.786,47.12127096465764,19.7,70.20731707317074,19.7,37.7163691
Belarus,BLR,2008,0.0,0.796,46.95855634739924,23.0,70.45609756097562,23.0,38.2567148
Belarus,BLR,2009,0.0,0.798,46.84414336267484,27.43,70.40731707317074,27.43,38.288360499999996
Belarus,BLR,2010,0.0,0.803,46.740968546391855,31.8,70.40487804878049,31.8,36.5084009
Belarus,BLR,2011,0.0,0.812,46.6297521068454,39.6488956598961,70.55365853658537,39.6488956598961,38.554235
Belarus,BLR,2012,0.01,0.818,46.55930290440071,46.91,71.96585365853657,46.91,41.568152999999995
Belarus,BLR,2013,0.01,0.821,46.53937252350819,54.17,72.47073170731707,54.17,42.210929
Belarus,BLR,2014,0.01,0.825,46.55060032615175,59.0163187101542,72.97073170731709,59.0163187101542,44.7729587
Belarus,BLR,2015,0.029999999,0.825,46.61133718925204,62.230360906803,73.62439024390245,62.230360906803,42.985325599999996
Belarus,BLR,2016,0.079999998,0.825,46.64994482432459,71.1130457603832,73.8268292682927,71.1130457603832,44.894891699999995
Belarus,BLR,2017,0.100000001,0.828,46.59875953258321,74.4364454136036,74.12926829268294,74.4364454136036,45.5875165
Belarus,BLR,2018,0.100000001,0.827,46.50105921765691,79.1298866919307,74.17560975609757,79.1298866919307,45.280059699999995
Belarus,BLR,2019,0.180000007,0.826,46.41075062202843,82.7891520910901,74.2268292682927,82.7891520910901,48.1996906
Belarus,BLR,2020,0.189999998,0.815,46.21121292738201,85.08791245,72.13856097560976,85.08791245,45.8019695
Belarus,BLR,2021,0.170000002,0.817,45.83683173195368,86.88841196,72.07146341463415,86.88841196,43.679533299999996
Belarus,BLR,2022,0.180000007,0.824,45.46071727671314,89.50733148,74.10336585365854,89.50733148,39.4543234
Belarus,BLR,2023,0.189999998,0.824,45.21707729218703,91.51249979,74.18378048780488,91.51249979,37.0386886
Belgium,BEL,1996,0.01,0.881,,2.97,77.18731707317073,2.97,78.2349074
Belgium,BEL,1998,0.01,0.886,,7.89,77.47317073170733,7.89,72.923383
Belgium,BEL,2000,0.02,0.894,337.9570105165991,29.4316916924341,77.72195121951219,29.4316916924341,77.21365519999999
Belgium,BEL,2002,0.059999999,0.901,340.64500708799,46.33,78.07560975609758,46.33,79.420029
Belgium,BEL,2003,0.090000004,0.903,342.074077737118,49.97,78.12926829268292,49.97,77.3283154
Belgium,BEL,2004,0.140000001,0.909,343.55774239277355,53.86,78.8780487804878,53.86,76.2542206
Belgium,BEL,2005,0.230000004,0.911,345.45270827151944,55.81999969,78.98048780487807,55.81999969,77.6414398
Belgium,BEL,2006,0.370000005,0.913,347.7387004252794,61.9818700222023,79.38048780487804,61.9818700222023,76.3326869
Belgium,BEL,2007,0.49000001,0.916,350.3016516665018,66.7604202433135,79.7829268292683,66.7604202433135,75.9228485
Belgium,BEL,2008,0.639999986,0.917,353.07991296607656,68.8573221425131,79.68048780487806,68.8573221425131,76.2882527
Belgium,BEL,2009,0.99000001,0.919,355.93225200276925,74.5441455527336,80.03414634146341,74.5441455527336,79.3926382
Belgium,BEL,2010,1.299999952,0.921,359.1990900998912,77.6397855126946,80.1829268292683,77.6397855126946,78.1287041
Belgium,BEL,2011,2.319999933,0.923,363.9028121188145,81.6099959955952,80.58536585365854,81.6099959955952,79.5628594
Belgium,BEL,2012,2.75999999,0.923,366.1666172155738,80.7199905482042,80.38536585365854,80.7199905482042,77.937871
Belgium,BEL,2013,3.670000076,0.925,367.89658128111296,82.1702,80.58780487804879,82.1702,78.22358229999999
Belgium,BEL,2014,4.6199998860000004,0.93,369.53341245508193,85.0012379539925,81.28780487804877,85.0012379539925,78.5216794
Belgium,BEL,2015,5.570000172,0.933,371.68087561401774,85.0529417508701,80.99268292682929,85.0529417508701,78.71194779999999
Belgium,BEL,2016,5.420000076,0.936,373.56746777437115,86.5164766644457,81.4390243902439,86.5164766644457,79.128812
Belgium,BEL,2017,6.519999981,0.94,375.00932977285464,87.6796808175598,81.49268292682927,87.6796808175598,77.0539333
Belgium,BEL,2018,7.570000172,0.942,374.7435149050602,88.6473429951691,81.59512195121953,88.6473429951691,77.29331169999999
Belgium,BEL,2019,9.75,0.945,376.76198596445204,90.275428012141,81.99512195121952,90.275428012141,78.16421179999999
Belgium,BEL,2020,12.81000042,0.939,378.3893224896701,91.52641629,80.69512195121952,91.52641629,79.5583496
Belgium,BEL,2021,12.0,0.948,379.9499901619991,92.78867618,81.79024390243904,92.78867618,79.23356
Belgium,BEL,2022,12.35000038,0.945,383.0330556830852,94.00783071,81.7487804878049,94.00783071,79.7844434
Belgium,BEL,2023,15.43999958,0.951,386.30373188168164,94.62625074,82.4,94.62625074,77.5494825
Belize,BLZ,1996,0.0,0.65,9.220078912757563,0.8829999999999999,69.363,0.8829999999999999,47.015135699999995
Belize,BLZ,1998,0.0,0.657,9.871679088119246,2.09,68.906,2.09,46.9246966
Belize,BLZ,2000,0.0,0.671,10.556729504603243,5.96383530272428,68.911,5.96383530272428,46.6602713
Belize,BLZ,2002,0.0,0.686,11.223542306006138,5.68425121358763,69.528,5.68425121358763,46.473077599999996
Belize,BLZ,2003,0.0,0.696,11.56422621657168,,69.819,,46.409221599999995
Belize,BLZ,2004,0.0,0.703,11.910916264796143,9.8,70.152,9.8,45.8167316
Belize,BLZ,2005,0.0,0.7,12.26352476983779,17.0,70.335,17.0,44.877625699999996
Belize,BLZ,2006,0.0,0.713,12.620692678649714,24.0,70.535,24.0,42.3673292
Belize,BLZ,2007,0.0,0.718,12.981148619026742,24.60000038,70.652,24.60000038,42.2342533
Belize,BLZ,2008,0.0,0.72,13.343314335817624,26.299999240000002,70.665,26.299999240000002,48.1583635
Belize,BLZ,2009,0.0,0.724,13.705129329241561,27.20000076,70.806,27.20000076,52.9023233
Belize,BLZ,2010,0.0,0.727,14.039675580885577,28.2,70.875,28.2,51.543865399999994
Belize,BLZ,2011,0.0,0.725,14.348882069267866,30.70000076,70.975,30.70000076,46.479146
Belize,BLZ,2012,0.0,0.727,14.66085050416484,31.0,71.134,31.0,46.3306581
Belize,BLZ,2013,0.0,0.724,14.977071459886014,33.59999847,71.276,33.59999847,46.3329616
Belize,BLZ,2014,0.0,0.721,15.296931170539237,38.70000076,71.437,38.70000076,42.0415316
Belize,BLZ,2015,0.0,0.721,15.621788689171415,41.59000015,71.647,41.59000015,42.451868
Belize,BLZ,2016,0.0,0.727,15.98882069267865,44.57569885,71.843,44.57569885,45.3554493
Belize,BLZ,2017,0.0,0.722,16.36133274879439,48.8771019,72.062,48.8771019,43.8241368
Belize,BLZ,2018,0.0,0.723,16.669267864971502,53.59360123,72.322,53.59360123,45.6640437
Belize,BLZ,2019,0.0,0.725,16.914905743095133,58.76520157,72.577,58.76520157,46.3235149
Belize,BLZ,2020,0.0,0.713,17.133362560280577,64.43589783,71.58,64.43589783,46.3301035
Belize,BLZ,2021,0.0,0.713,17.332135028496275,70.65370178,70.917,70.65370178,46.034901
Belize,BLZ,2022,0.0,0.717,17.655984217448488,69.98329926,72.19,69.98329926,46.9254536
Belize,BLZ,2023,0.0,0.721,18.02306006137659,70.18720245,73.566,70.18720245,45.5070827
Benin,BEN,1996,0.0,0.389,56.68550904576091,0.00169,55.648,0.00169,32.287779799999996
Benin,BEN,1998,0.0,0.401,60.21185704150408,0.0479,56.154,0.0479,31.114206
Benin,BEN,2000,0.0,0.415,64.0441557289819,0.225247851473369,56.594,0.225247851473369,30.949948
Benin,BEN,2002,0.0,0.435,68.06869457254345,0.7029455951039,56.851,0.7029455951039,30.8336644
Benin,BEN,2003,0.0,0.442,70.17621496984746,0.951327114915695,57.092,0.951327114915695,30.7939971
Benin,BEN,2004,0.0,0.449,72.35805250088684,1.18254096518994,57.346,1.18254096518994,37.5436623
Benin,BEN,2005,0.0,0.456,74.72635686413622,1.271000028,57.738,1.271000028,33.5905796
Benin,BEN,2006,0.0,0.462,77.09508691025187,1.537899971,57.966,1.537899971,39.1935639
Benin,BEN,2007,0.0,0.469,79.40731642426393,1.79,58.249,1.79,41.0088207
Benin,BEN,2008,0.0,0.475,81.84166371053566,1.85,58.099,1.85,40.623853
Benin,BEN,2009,0.0,0.48,84.33330081589216,2.24,58.258,2.24,38.7877414
Benin,BEN,2010,0.0,0.485,86.88793898545583,3.13,58.387,3.13,37.7502777
Benin,BEN,2011,0.0,0.49,89.51421603405463,4.14832306562512,58.462,4.14832306562512,37.8241856
Benin,BEN,2012,0.0,0.497,92.21050904576092,4.5,58.559,4.5,34.1433739
Benin,BEN,2013,0.0,0.506,94.97014898900319,4.900000095,58.863,4.900000095,36.2390164
Benin,BEN,2014,0.0,0.509,97.81841078396594,6.0,59.008,6.0,35.556401
Benin,BEN,2015,0.0,0.511,100.75098439162824,11.25500011,59.123,11.25500011,37.587416399999995
Benin,BEN,2016,0.0,0.51,103.74106065980844,14.5,59.283,14.5,39.0787377
Benin,BEN,2017,0.0,0.507,106.77350124157503,18.7,59.528,18.7,39.715018199999996
Benin,BEN,2018,0.0,0.507,109.82038843561547,19.0,59.71,19.0,41.941421
Benin,BEN,2019,0.0,0.507,112.8658655551614,20.50099945,59.888,20.50099945,42.998950099999995
Benin,BEN,2020,0.0,0.504,115.91139588506563,22.12059975,60.154,22.12059975,47.1409996
Benin,BEN,2021,0.0,0.506,118.95545406172401,28.20470047,59.61,28.20470047,44.5298255
Benin,BEN,2022,0.0,0.512,122.02466300106421,30.53730011,60.475,30.53730011,45.611846799999995
Benin,BEN,2023,0.0,0.515,125.14219581411848,32.39400101,60.774,32.39400101,45.734180599999995
Bhutan,BTN,1996,0.0,,13.78854271356784,,59.982,,63.2911735
Bhutan,BTN,1998,0.0,,14.307412060301507,,61.322,,62.963195899999995
Bhutan,BTN,2000,0.0,,14.996557788944724,0.40094444691941,61.842,0.40094444691941,56.793106599999994
Bhutan,BTN,2002,0.0,,15.688668341708542,1.67580258375242,63.984,1.67580258375242,57.522415099999996
Bhutan,BTN,2003,0.0,,16.021683417085427,2.43691239949767,64.662,2.43691239949767,69.46421
Bhutan,BTN,2004,0.0,,17.067030458850383,3.15698419613711,65.29,3.15698419613711,62.9366208
Bhutan,BTN,2005,0.0,,17.364037043838707,3.847100019,65.875,3.847100019,67.86793829999999
Bhutan,BTN,2006,0.0,,17.598420652202428,4.518300056,66.499,4.518300056,64.34457739999999
Bhutan,BTN,2007,0.0,,17.80415562609859,5.92,67.152,5.92,64.9425832
Bhutan,BTN,2008,0.0,,18.006427578245926,6.55,67.733,6.55,65.48026709999999
Bhutan,BTN,2009,0.0,,18.20678437442611,7.17,68.156,7.17,63.4781992
Bhutan,BTN,2010,0.0,0.593,18.40732481569903,13.6,68.765,13.6,63.482194899999996
Bhutan,BTN,2011,0.0,0.603,18.610514993310073,14.399999620000001,69.28,14.399999620000001,62.309511699999995
Bhutan,BTN,2012,0.0,0.609,18.817824068001155,15.60000038,69.759,15.60000038,64.3226052
Bhutan,BTN,2013,0.0,0.616,19.027546763911115,22.39999962,70.161,22.39999962,63.7486423
Bhutan,BTN,2014,0.0,0.626,19.233911378125246,30.299999240000002,70.504,30.299999240000002,69.92624529999999
Bhutan,BTN,2015,0.0,0.637,19.430123042212138,39.79999924,70.797,39.79999924,69.6925042
Bhutan,BTN,2016,0.0,0.647,19.606386325503355,46.50320053,71.119,46.50320053,71.519246
Bhutan,BTN,2017,0.0,0.656,19.775980494966444,54.33549881,71.413,54.33549881,77.2291116
Bhutan,BTN,2018,0.0,0.667,19.920267435762977,63.48680115,71.711,63.48680115,77.2441309
Bhutan,BTN,2019,0.0,0.68,20.053067645516517,74.17939758,72.005,74.17939758,77.4890271
Bhutan,BTN,2020,0.0,0.688,20.188935500786577,76.85079956,72.253,76.85079956,75.0214788
Bhutan,BTN,2021,0.0,0.691,20.331463030938647,85.63688389000001,72.448,85.63688389000001,74.5710095
Bhutan,BTN,2022,0.0,0.695,20.47493445201888,88.35620117,72.754,88.35620117,75.32372339999999
Bhutan,BTN,2023,0.0,0.698,20.61837965390666,90.02140045,72.975,90.02140045,75.3103134
Bolivia,BOL,1996,0.0,0.602,7.4049072279147055,0.196,60.287,0.196,36.215683999999996
Bolivia,BOL,1998,0.0,0.618,7.674138281177882,0.626,61.227,0.626,39.8868425
Bolivia,BOL,2000,0.0,0.63,7.944545370626789,1.4427635847914,62.057,1.4427635847914,38.697510699999995
Bolivia,BOL,2002,0.0,0.642,8.215965106618665,3.11719294696997,63.068,3.11719294696997,30.9195614
Bolivia,BOL,2003,0.0,0.645,8.354749376903905,3.50859640072336,63.455,3.50859640072336,30.7430107
Bolivia,BOL,2004,0.0,0.648,8.496526354657066,4.43992460120042,63.819,4.43992460120042,35.205593
Bolivia,BOL,2005,0.0,0.658,8.640961875750023,5.22758395663196,64.182,5.22758395663196,32.4357292
Bolivia,BOL,2006,0.0,0.656,8.789521831440968,6.20067125473576,64.529,6.20067125473576,38.6977536
Bolivia,BOL,2007,0.0,0.664,8.941161266500508,10.49919987,64.939,10.49919987,38.1387128
Bolivia,BOL,2008,0.0,0.668,9.093379488599648,12.5,65.299,12.5,36.8071012
Bolivia,BOL,2009,0.0,0.671,9.246076802363149,16.799999240000002,65.656,16.799999240000002,36.7465425
Bolivia,BOL,2010,0.0,0.677,9.399376903904736,22.39999962,66.003,22.39999962,39.5307454
Bolivia,BOL,2011,0.0,0.683,9.553151481584049,30.0,66.282,30.0,36.1516823
Bolivia,BOL,2012,0.0,0.685,9.7071974522293,35.34,66.586,35.34,33.7077963
Bolivia,BOL,2013,0.0,0.699,9.861172343764423,36.99,66.777,36.99,35.997686699999996
Bolivia,BOL,2014,0.01,0.701,10.014666297424537,34.6016202324676,66.97,34.6016202324676,34.8810281
Bolivia,BOL,2015,0.01,0.704,10.167732853318563,37.4868176324391,67.205,37.4868176324391,32.5785616
Bolivia,BOL,2016,0.039999999,0.714,10.32033601033878,39.69749832,67.392,39.69749832,32.0993595
Bolivia,BOL,2017,0.059999999,0.715,10.47224868457491,43.83229828,67.536,43.83229828,31.3711581
Bolivia,BOL,2018,0.059999999,0.722,10.623435798024554,44.2861422024283,67.699,44.2861422024283,31.1809484
Bolivia,BOL,2019,0.07,0.728,10.773918582110218,47.4748191121692,67.82,47.4748191121692,31.1916865
Bolivia,BOL,2020,0.059999999,0.697,10.9076885442629,59.94010155,62.906,59.94010155,31.569211399999997
Bolivia,BOL,2021,0.129999995,0.693,11.01944059817225,65.9773785,61.427,65.9773785,28.647605
Bolivia,BOL,2022,0.439999998,0.727,11.148485184159513,72.62270355,67.434,72.62270355,27.9688233
Bolivia,BOL,2023,0.439999998,0.733,11.302648389181206,77.30039978,68.581,77.30039978,28.511008999999998
Bosnia and Herzegovina,BIH,1996,0.0,,75.6883984375,0.0151,73.454,0.0151,37.265499
Bosnia and Herzegovina,BIH,1998,0.0,,79.870234375,0.14400000000000002,74.472,0.14400000000000002,37.9406372
Bosnia and Herzegovina,BIH,2000,0.0,0.674,81.24552734375,1.08296074971207,75.292,1.08296074971207,35.6263234
Bosnia and Herzegovina,BIH,2002,0.0,0.683,81.7969140625,2.64826791361244,75.994,2.64826791361244,40.3365022
Bosnia and Herzegovina,BIH,2003,0.0,0.689,81.61177734375,3.96503683387051,76.449,3.96503683387051,40.4098372
Bosnia and Herzegovina,BIH,2004,0.0,0.694,80.87865234375,15.4689716227665,76.489,15.4689716227665,38.9767528
Bosnia and Herzegovina,BIH,2005,0.0,0.698,80.00962890625,21.3267010007738,76.424,21.3267010007738,39.4135104
Bosnia and Herzegovina,BIH,2006,0.0,0.701,79.36078125,25.1223856852117,76.028,25.1223856852117,40.882807
Bosnia and Herzegovina,BIH,2007,0.0,0.709,78.3871875,27.92,76.162,27.92,39.123694199999996
Bosnia and Herzegovina,BIH,2008,0.0,0.719,77.10046875,34.66,76.3,34.66,38.7691981
Bosnia and Herzegovina,BIH,2009,0.0,0.722,75.7772265625,37.74,76.701,37.74,39.2495601
Bosnia and Herzegovina,BIH,2010,0.0,0.725,74.4428125,42.75,76.827,42.75,38.469333899999995
Bosnia and Herzegovina,BIH,2011,0.0,0.731,73.0819921875,43.88769913,76.963,43.88769913,37.7057808
Bosnia and Herzegovina,BIH,2012,0.0,0.742,71.68189453125,45.0644989,77.037,45.0644989,39.637999199999996
Bosnia and Herzegovina,BIH,2013,0.0,0.756,70.52458984375,48.52130127,77.129,48.52130127,41.3150751
Bosnia and Herzegovina,BIH,2014,0.0,0.765,69.62556640625,49.91770172,77.089,49.91770172,40.683608
Bosnia and Herzegovina,BIH,2015,0.0,0.769,68.72150390625,52.59999847,77.073,52.59999847,37.8880355
Bosnia and Herzegovina,BIH,2016,0.0,0.776,67.83208984375,60.2565354318987,77.124,60.2565354318987,38.3736239
Bosnia and Herzegovina,BIH,2017,0.0,0.78,66.9664453125,64.8920205128383,77.385,64.8920205128383,36.175877
Bosnia and Herzegovina,BIH,2018,0.100000001,0.785,66.15234375,70.1201350394885,77.942,70.1201350394885,34.8913674
Bosnia and Herzegovina,BIH,2019,0.25,0.788,65.34244140625,69.9463476317266,77.394,69.9463476317266,34.9254825
Afghanistan,AFG,1990,0.0,0.285,18.468423715560462,0.0,45.118,0.0,
Afghanistan,AFG,1991,0.0,0.291,18.764667371939346,,45.521,,
Afghanistan,AFG,1992,0.0,0.301,20.35934256320623,,46.569,,
Afghanistan,AFG,1993,0.0,0.311,22.910893396501233,,51.021,,
Afghanistan,AFG,1994,0.0,0.305,24.91574137957469,,50.969,,
Afghanistan,AFG,1995,0.0,0.329,26.16536497861184,,52.103,,
Afghanistan,AFG,1997,0.0,0.338,28.29077319350536,,53.212,,
Afghanistan,AFG,1999,0.0,0.347,30.491981356270028,,54.532,,
Afghanistan,AFG,2001,0.0,0.355,31.09992947273201,0.00472256824217368,55.511,0.00472256824217368,
Albania,ALB,1990,0.0,0.654,119.94678832116789,0.0,72.71,0.0,
Albania,ALB,1991,0.0,0.638,119.22591240875913,,73.001,,
Albania,ALB,1992,0.0,0.622,118.50507299270073,,73.303,,
Albania,ALB,1993,0.0,0.624,117.78419708029197,,73.638,,
Albania,ALB,1994,0.0,0.629,117.06335766423358,,73.837,,
Albania,ALB,1995,0.0,0.638,116.34248175182482,0.0112,74.022,0.0112,
Albania,ALB,1997,0.0,0.645,114.90076642335767,0.0486,73.383,0.0486,
Albania,ALB,1999,0.0,0.671,113.45905109489051,0.0814,74.568,0.0814,
Albania,ALB,2001,0.0,0.691,111.68514598540146,0.325798377067964,75.083,0.325798377067964,
Algeria,DZA,1990,0.0,0.595,10.654315752349122,0.0,67.658,0.0,
Algeria,DZA,1991,0.0,0.596,10.911320295246332,,67.692,,
Algeria,DZA,1992,0.0,0.601,11.180300116721389,,67.725,,
Algeria,DZA,1993,0.0,0.603,11.452571649298411,,67.797,,
Algeria,DZA,1994,0.0,0.603,11.708783914281156,0.000361,67.284,0.000361,
Algeria,DZA,1995,0.0,0.608,11.953525993601316,0.00177,67.691,0.00177,
Algeria,DZA,1997,0.0,0.624,12.419198149252228,0.0103,68.859,0.0103,
Algeria,DZA,1999,0.0,0.643,12.794996095291678,0.2,70.088,0.2,
Algeria,DZA,2001,0.0,0.659,13.154761224986775,0.646114016703792,71.025,0.646114016703792,
Angola,AGO,1990,0.0,,9.325707868773563,0.0,41.854,0.0,
Angola,AGO,1991,0.0,,9.644284110050533,,43.812,,
Angola,AGO,1992,0.0,,9.965277933745087,,42.267,,
Angola,AGO,1993,0.0,,10.288870618432663,,42.19,,
Angola,AGO,1994,0.0,,10.627868773562204,,43.567,,
Angola,AGO,1995,0.0,,10.988832918905912,,46.139,,
Angola,AGO,1997,0.0,,11.759375150397048,0.0056700000000000006,46.688,0.0056700000000000006,
Angola,AGO,1999,0.0,0.379,12.56696478703778,0.07200000000000001,45.808,0.07200000000000001,
Angola,AGO,2001,0.0,0.401,13.433230127536698,0.136013867429868,47.032,0.136013867429868,
Antigua and Barbuda,ATG,1990,0.0,,143.3318181818182,0.0,73.602,0.0,
Antigua and Barbuda,ATG,1991,0.0,,144.06136363636364,,73.472,,
Antigua and Barbuda,ATG,1992,0.0,,146.37272727272727,,73.386,,
Antigua and Barbuda,ATG,1993,0.0,,149.06136363636364,,73.39,,
Antigua and Barbuda,ATG,1994,0.0,,151.91590909090908,,73.493,,
Antigua and Barbuda,ATG,1995,0.0,,154.975,2.2,73.576,2.2,
Antigua and Barbuda,ATG,1997,0.0,,161.4840909090909,3.48,74.045,3.48,
Antigua and Barbuda,ATG,1999,0.0,,167.4227272727273,5.3,74.456,5.3,
Antigua and Barbuda,ATG,2001,0.0,,172.8840909090909,8.89928551450583,75.108,8.89928551450583,
Argentina,ARG,1990,0.0,0.733,11.969167497962868,0.0,71.615,0.0,
Argentina,ARG,1991,0.0,0.739,12.142513035820645,,72.02,,
Argentina,ARG,1992,0.0,0.743,12.311780654732543,0.00299,72.096,0.00299,
Argentina,ARG,1993,0.0,0.748,12.479570941538867,0.029500000000000002,72.303,0.029500000000000002,
Argentina,ARG,1994,0.0,0.753,12.64794002974396,0.0437,72.732,0.0437,
Argentina,ARG,1995,0.0,0.754,12.814757974048943,0.0863,72.864,0.0863,
Argentina,ARG,1997,0.014592,0.768,13.135499819124563,0.28,73.407,0.28,
Argentina,ARG,1999,0.034781002,0.783,13.444957960163554,3.28,73.683,3.28,
Argentina,ARG,2001,0.050000001,0.795,13.74829629954434,9.78080728532407,74.154,9.78080728532407,
Armenia,ARM,1992,0.0,0.618,125.46051984545136,,67.71853658536587,,
Armenia,ARM,1993,0.0,0.621,121.29722514927994,,67.97319512195124,,
Armenia,ARM,1994,0.0,0.625,118.18089216719353,0.00912,68.27180487804878,0.00912,
Armenia,ARM,1995,0.0,0.631,116.17776606954689,0.052700000000000004,68.62848780487805,0.052700000000000004,
Armenia,ARM,1997,0.0,0.644,114.0249034070952,0.11199999999999999,69.39382926829268,0.11199999999999999,
Armenia,ARM,1999,0.0,0.661,111.24994731296101,0.971,70.1989512195122,0.971,
Armenia,ARM,2001,0.0,0.672,112.81348788198103,1.63109466677715,72.97560975609757,1.63109466677715,
Australia,AUS,1990,0.0,0.867,2.2213566249690846,0.585,76.99463414634147,0.585,
Australia,AUS,1991,0.0,0.868,2.24985173710998,1.1,77.27560975609758,1.1,
Australia,AUS,1992,0.0,0.868,2.2751825625138307,1.77,77.37804878048782,1.77,
Australia,AUS,1993,0.002,0.872,2.2955115004621014,1.97,77.87804878048782,1.97,
Australia,AUS,1994,0.0055,0.873,2.3177262017885267,2.23,77.87804878048782,2.23,
Australia,AUS,1995,0.007,0.882,2.343683792614191,2.76,77.82926829268294,2.76,
Australia,AUS,1997,0.0075,0.887,2.3981147572992465,16.4,78.48048780487805,16.4,
Australia,AUS,1999,0.043000001,0.893,2.4487801830181066,40.8,78.93170731707318,40.8,
Australia,AUS,2001,0.289999992,0.9,2.5089753068742433,52.6892664310395,79.63414634146342,52.6892664310395,
Austria,AUT,1990,0.0,0.832,93.04229277750848,0.13,75.56829268292685,0.13,
Austria,AUT,1991,0.0,0.835,93.97589675230248,0.259,75.6170731707317,0.259,
Austria,AUT,1992,0.0,0.841,95.01586282113428,0.643,75.81707317073172,0.643,
Austria,AUT,1993,0.0,0.845,95.80262966553563,0.765,76.06829268292684,0.765,
Austria,AUT,1994,0.0,0.851,96.17205525933107,1.39,76.41951219512195,1.39,
Austria,AUT,1995,0.0,0.856,96.31941347552109,1.89,76.66829268292685,1.89,
Austria,AUT,1997,0.02,0.865,96.55890693165293,9.53,77.31951219512196,9.53,
Austria,AUT,1999,0.050000001,0.874,96.85317498788173,23.0,77.87560975609757,23.0,
Austria,AUT,2001,0.100000001,0.883,97.4587130392632,39.1854501811114,78.57560975609756,39.1854501811114,
Azerbaijan,AZE,1990,0.0,,,0.0,62.75,0.0,
Azerbaijan,AZE,1991,0.0,,,,62.544,,
Azerbaijan,AZE,1992,0.0,,88.70843697802131,,60.773,,
Azerbaijan,AZE,1993,0.0,,90.06332840645541,,61.426,,
Azerbaijan,AZE,1994,0.0,,91.28603530528618,0.00143,60.277,0.00143,
Azerbaijan,AZE,1995,0.0,0.618,92.34711657473834,0.0020599999999999998,61.931,0.0020599999999999998,
Azerbaijan,AZE,1997,0.0,0.626,94.19048992393381,0.0252,62.953,0.0252,
Azerbaijan,AZE,1999,0.0,0.646,96.5207665800133,0.09920000000000001,64.733,0.09920000000000001,
Azerbaijan,AZE,2001,0.0,0.66,98.19379206818071,0.305564637615618,66.043,0.305564637615618,
Bahamas,BHS,1990,0.0,0.762,27.566933066933068,0.0,70.945,0.0,
Bahamas,BHS,1991,0.0,0.762,28.045054945054947,,71.183,,
Bahamas,BHS,1992,0.0,0.762,28.564135864135864,,71.298,,
Bahamas,BHS,1993,0.0,0.763,29.104795204795206,,71.42,,
Bahamas,BHS,1994,0.0,0.765,29.62127872127872,,71.429,,
Bahamas,BHS,1995,0.0,0.774,30.115984015984015,0.96,71.422,0.96,
Bahamas,BHS,1997,0.0,0.773,31.05934065934066,1.36,71.597,1.36,
Bahamas,BHS,1999,0.0,0.783,31.929470529470528,3.76,72.147,3.76,
Bahamas,BHS,2001,0.0,0.79,32.75084915084915,11.8,72.765,11.8,
Bahrain,BHR,1990,0.0,0.734,746.0826086956522,0.0,72.587,0.0,
Bahrain,BHR,1991,0.0,0.728,729.0608695652174,,72.668,,
Bahrain,BHR,1992,0.0,0.728,727.4056338028169,,72.785,,
Bahrain,BHR,1993,0.0,0.732,746.7957746478874,,72.939,,
Bahrain,BHR,1994,0.0,0.732,766.7126760563381,,73.134,,
Bahrain,BHR,1995,0.0,0.737,787.1535211267606,0.346,73.361,0.346,
Bahrain,BHR,1997,0.0,0.746,829.7394366197183,1.65,73.872,1.65,
Bahrain,BHR,1999,0.0,0.761,874.6323943661972,4.72,74.405,4.72,
Bahrain,BHR,2001,0.0,0.785,931.430985915493,15.0386342513918,74.942,15.0386342513918,
Bangladesh,BGD,1990,0.0,0.397,857.5994238303757,0.0,55.822,0.0,
Bangladesh,BGD,1991,0.0,0.395,874.142344626258,,53.781,,
Bangladesh,BGD,1992,0.0,0.411,890.775078743182,,56.592,,
Bangladesh,BGD,1993,0.0,0.419,907.5236997772145,,57.073,,
Bangladesh,BGD,1994,0.0,0.426,924.5077898133211,,57.64,,
Bangladesh,BGD,1995,0.0,0.434,941.8481216870247,,58.244,,
Bangladesh,BGD,1997,0.0,0.451,977.1688484289775,0.000751,59.671,0.000751,
Bangladesh,BGD,1999,0.0,0.468,1014.8887224398864,0.0362,61.244,0.0362,
Bangladesh,BGD,2001,0.0,0.486,1050.9780287316587,0.129807973947512,62.836,0.129807973947512,
Barbados,BRB,1990,0.0,0.73,601.353488372093,0.0,73.463,0.0,
Barbados,BRB,1991,0.0,0.732,603.193023255814,,73.543,,
Barbados,BRB,1992,0.0,0.732,605.2720930232558,,73.61,,
Barbados,BRB,1993,0.0,0.735,607.0395348837209,,73.739,,
Barbados,BRB,1994,0.0,0.74,608.4186046511628,,73.755,,
Barbados,BRB,1995,0.0,0.744,609.393023255814,0.00775,73.88,0.00775,
Barbados,BRB,1997,0.0,0.752,610.2139534883721,0.783,73.988,0.783,
Barbados,BRB,1999,0.0,0.756,610.5046511627907,2.38,74.587,2.38,
Barbados,BRB,2001,0.0,0.763,610.2906976744187,11.9364503383984,74.707,11.9364503383984,
Belarus,BLR,1990,0.0,,,0.0,70.83658536585365,0.0,
Belarus,BLR,1991,0.0,,,,70.37804878048782,,
Belarus,BLR,1992,0.0,,50.34529488291414,,70.0219512195122,,
Belarus,BLR,1993,0.0,,50.46551860102912,,68.97073170731707,,
Belarus,BLR,1994,0.0,,50.409383964747285,0.000486,68.76829268292683,0.000486,
Belarus,BLR,1995,0.0,0.692,50.24859021629828,0.0029200000000000003,68.4609756097561,0.0029200000000000003,
Belarus,BLR,1997,0.0,0.704,49.87519656897784,0.049,68.4609756097561,0.049,
Belarus,BLR,1999,0.0,0.716,49.43297754332339,0.495,67.90731707317074,0.495,
Belarus,BLR,2001,0.0,0.731,48.946722604563114,4.30061602151712,68.50731707317074,4.30061602151712,
Belgium,BEL,1990,0.01,0.824,,0.00101,76.0519512195122,0.00101,
Belgium,BEL,1991,0.01,0.829,,0.0201,76.19219512195123,0.0201,
Belgium,BEL,1992,0.01,0.845,,0.1,76.35121951219513,0.1,
Belgium,BEL,1993,0.01,0.86,,0.199,76.34536585365854,0.199,
Belgium,BEL,1994,0.01,0.868,,0.696,76.69170731707318,0.696,
Belgium,BEL,1995,0.01,0.875,,0.992,76.84073170731709,0.992,
Belgium,BEL,1997,0.01,0.884,,4.94,77.37073170731709,4.94,
Belgium,BEL,1999,0.01,0.889,,13.8,77.61951219512196,13.8,
Belgium,BEL,2001,0.039999999,0.899,339.12141891669137,31.2883955056566,77.97317073170734,31.2883955056566,
Belize,BLZ,1990,0.0,0.617,8.026128890837352,0.0,69.569,0.0,
Belize,BLZ,1991,0.0,0.626,8.199912319158264,,69.645,,
Belize,BLZ,1992,0.0,0.634,8.372775098640947,,69.601,,
Belize,BLZ,1993,0.0,0.64,8.544585708022797,,69.595,,
Belize,BLZ,1994,0.0,0.643,8.728496273564227,,69.585,,
Belize,BLZ,1995,0.0,0.647,8.949846558526962,0.045399999999999996,69.484,0.045399999999999996,
Belize,BLZ,1997,0.0,0.654,9.532924156071898,1.29,69.183,1.29,
Belize,BLZ,1999,0.0,0.664,10.217404647084612,4.08,68.976,4.08,
Belize,BLZ,2001,0.0,0.676,10.88903989478299,,68.944,,
Benin,BEN,1990,0.0,0.351,46.83823164242639,0.0,53.02,0.0,
Benin,BEN,1991,0.0,0.358,48.30553387726144,,53.441,,
Benin,BEN,1992,0.0,0.363,49.821248669741045,,54.137,,
Benin,BEN,1993,0.0,0.371,52.08146505853139,,54.612,,
Benin,BEN,1994,0.0,0.375,54.06621142249025,,54.988,,
Benin,BEN,1995,0.0,0.383,55.22147037956722,,55.366,,
Benin,BEN,1997,0.0,0.396,58.38386839304718,0.0246,55.986,0.0246,
Benin,BEN,1999,0.0,0.407,62.10374246186591,0.155,56.336,0.155,
Benin,BEN,2001,0.0,0.426,66.0304717985101,0.363417890016082,56.654,0.363417890016082,
Bhutan,BTN,1990,0.0,,12.612353658797595,0.0,55.811,0.0,
Bhutan,BTN,1991,0.0,,12.837018170922244,,56.451,,
Bhutan,BTN,1992,0.0,,12.365943967639064,,57.208,,
Bhutan,BTN,1993,0.0,,11.871519380176787,,57.906,,
Bhutan,BTN,1994,0.0,,13.932085427135679,,58.395,,
Bhutan,BTN,1995,0.0,,13.76856783919598,,59.277,,
Bhutan,BTN,1997,0.0,,14.037613065326633,,60.639,,
Bhutan,BTN,1999,0.0,,14.637663316582914,0.13799999999999998,62.032,0.13799999999999998,
Bhutan,BTN,2001,0.0,,15.346582914572865,0.864628564215099,63.323,0.864628564215099,
Bolivia,BOL,1990,0.0,0.552,6.581872057601772,0.0,56.797,0.0,
Bolivia,BOL,1991,0.0,0.561,6.720473553032401,,57.439,,
Bolivia,BOL,1992,0.0,0.568,6.858982737930398,,57.923,,
Bolivia,BOL,1993,0.0,0.577,6.996395273700729,,58.66,,
Bolivia,BOL,1994,0.0,0.586,7.133132096372196,,59.282,,
Bolivia,BOL,1995,0.0,0.594,7.26915535862642,0.0668,59.787,0.0668,
Bolivia,BOL,1997,0.0,0.61,7.53983199483061,0.44799999999999995,60.745,0.44799999999999995,
Bolivia,BOL,1999,0.0,0.624,7.8092919782147145,0.9820000000000001,61.655,0.9820000000000001,
Bolivia,BOL,2001,0.0,0.639,8.079697221452967,2.1204625341365,62.538,2.1204625341365,
Bosnia and Herzegovina,BIH,1992,0.0,,82.70734375,,51.967,,
Bosnia and Herzegovina,BIH,1993,0.0,,76.2594140625,,50.894,,
Bosnia and Herzegovina,BIH,1994,0.0,,72.761953125,,66.603,,
Bosnia and Herzegovina,BIH,1995,0.0,,72.569609375,,70.188,,
Bosnia and Herzegovina,BIH,1997,0.0,,78.48099609375,0.0594,73.895,0.0594,
Bosnia and Herzegovina,BIH,1999,0.0,,80.67001953125,0.194,74.946,0.194,
Bosnia and Herzegovina,BIH,2001,0.0,0.677,81.6296484375,1.20052695129649,75.573,1.20052695129649,
Afghanistan,AFG,2024,0.0,,,16.09499931,66.289,16.09499931,21.3643608
Albania,ALB,2024,0.0,,,85.86389923,79.776,85.86389923,39.3379974
Algeria,DZA,2024,0.02,,,77.4178009,76.475,77.4178009,35.843598
American Samoa,ASM,2004,0.0,,284.09,,72.277,,61.2894861
American Samoa,ASM,2005,0.0,,283.085,,72.382,,65.2440201
American Samoa,ASM,2006,0.0,,281.87,,72.397,,55.935924099999994
American Samoa,ASM,2007,0.0,,280.565,,72.365,,55.817268299999995
American Samoa,ASM,2008,0.0,,279.14,,72.43,,55.8488086
American Samoa,ASM,2009,0.0,,277.64,,70.839,,55.847697399999994
American Samoa,ASM,2010,0.0,,276.14,,72.587,,55.8667386
American Samoa,ASM,2011,0.0,,274.475,,72.662,,55.819045499999994
American Samoa,ASM,2012,0.0,,272.445,,72.709,,55.7199429
American Samoa,ASM,2013,0.0,,270.03,,72.769,,55.7274728
American Samoa,ASM,2014,0.0,,267.33,,72.687,,71.4287157
American Samoa,ASM,2015,0.0,,264.39,,72.654,,71.5074391
American Samoa,ASM,2016,0.0,,261.225,,72.64,,71.5708781
American Samoa,ASM,2017,0.0,,257.93,,72.801,,84.15715329999999
American Samoa,ASM,2018,0.0,,254.54,,72.794,,84.2343525
American Samoa,ASM,2019,0.0,,251.045,,72.751,,84.3407096
American Samoa,ASM,2020,0.0,,248.805,,72.672,,71.7357717
American Samoa,ASM,2021,0.0,,246.125,,72.708,,71.6837307
American Samoa,ASM,2022,0.0,,241.71,,72.752,,71.6658595
American Samoa,ASM,2023,0.0,,237.605,,72.852,,71.604473
American Samoa,ASM,2024,0.0,,,,72.992,,71.66361669999999
Angola,AGO,2024,0.0,,,40.70479965,64.805,40.70479965,35.252867099999996
Antigua and Barbuda,ATG,2024,0.0,,,72.73040009,77.766,72.73040009,53.6112689
Argentina,ARG,2024,16.17000008,,,89.66715228,77.543,89.66715228,41.2619998
Armenia,ARM,2024,0.0,,,81.33930206,78.31951219512196,81.33930206,50.7833909
Aruba,ABW,2004,0.0,,528.5444444444445,23.0,73.223,23.0,67.4139308
Aruba,ABW,2005,0.0,,542.4166666666666,25.4,73.415,25.4,74.7177667
Aruba,ABW,2006,0.0,,552.25,28.0,73.498,28.0,74.8834153
Aruba,ABW,2007,0.0,,556.3888888888889,30.9,73.642,30.9,74.7647595
Aruba,ABW,2008,0.0,,560.65,52.0,73.783,52.0,74.7962998
Aruba,ABW,2009,0.029999999,,564.4666666666667,58.0,73.974,58.0,68.7340129
Aruba,ABW,2010,0.109999999,,565.7666666666667,62.0,74.297,62.0,68.7420791
Aruba,ABW,2011,0.109999999,,569.95,69.0,74.578,69.0,68.7218781
Aruba,ABW,2012,0.140000001,,578.3888888888889,74.0,74.841,74.0,68.6799032
Aruba,ABW,2013,0.150000006,,587.0833333333334,78.9,75.072,78.9,68.6830933
Aruba,ABW,2014,0.150000006,,593.3722222222223,83.78,75.261,83.78,65.9705839
Aruba,ABW,2015,0.170000002,,599.4777777777778,88.661226932496,75.405,88.661226932496,71.3541176
Aruba,ABW,2016,0.129999995,,604.0388888888889,93.542453865048,75.54,93.542453865048,71.38098819999999
Aruba,ABW,2017,0.129999995,,604.0833333333334,97.17,75.62,97.17,71.3617628
Aruba,ABW,2018,0.140000001,,605.0444444444445,,75.88,,71.39446099999999
Aruba,ABW,2019,0.140000001,,606.6833333333333,,76.019,,71.4395105
Aruba,ABW,2020,0.140000001,,603.2611111111111,,75.406,,71.45082959999999
Aruba,ABW,2021,0.140000001,,598.3333333333334,,73.655,,65.4491579
Aruba,ABW,2022,0.140000001,,596.1666666666666,,76.226,,65.44158759999999
Aruba,ABW,2023,0.140000001,,596.4388888888889,,76.353,,65.4155873
Aruba,ABW,2024,0.140000001,,,,76.5,,65.4406362
Australia,AUS,2024,32.74000168,,,96.13140106,83.05121951219513,96.13140106,85.3425462
Austria,AUT,2024,9.140000343,,,94.91974877,81.99512195121952,94.91974877,74.0564191
Azerbaijan,AZE,2024,0.090000004,,,90.43979645,74.576,90.43979645,32.1660634
Bahamas,BHS,2024,0.0,,,92.47270203,74.71,92.47270203,72.7942056
Bahrain,BHR,2024,0.0,,,100.0,81.423,100.0,52.9975172
Bangladesh,BGD,2024,0.0,,,53.42171316,74.93,53.42171316,25.5454805
Barbados,BRB,2024,0.0,,,70.36470032,76.332,70.36470032,72.6663418
Belarus,BLR,2024,0.200000003,,,94.26182128,74.36534146341465,94.26182128,36.1526013
Belgium,BEL,2024,14.06000042,,,95.77579144,82.3,95.77579144,77.5852129
Belize,BLZ,2024,0.0,,,80.00582262,73.739,80.00582262,44.607824199999996
Benin,BEN,2024,0.0,,,33.98379898,60.961,33.98379898,42.982378399999995
Bermuda,BMU,1996,0.0,,1107.648148148148,16.2,76.52,16.2,75.4363736
Bermuda,BMU,1998,0.0,,1122.9444444444443,32.1,77.389,32.1,75.3459324
Bermuda,BMU,2000,0.0,,1139.8148148148148,42.9498600152711,78.251,42.9498600152711,75.08150909999999
Bermuda,BMU,2002,0.0,,1150.7777777777778,52.0315973700393,78.841,52.0315973700393,74.8943134
Bermuda,BMU,2003,0.0,,1155.2962962962963,56.5220121836337,78.715,56.5220121836337,74.8304574
Bermuda,BMU,2004,0.0,,1158.4259259259259,60.9908670086326,78.898,60.9908670086326,69.710594
Bermuda,BMU,2005,0.0,,1161.3148148148148,65.4470657898838,78.874,65.4470657898838,74.7177667
Bermuda,BMU,2006,0.0,,1163.5925925925926,69.8996551617012,78.87,69.8996551617012,74.8834153
Bermuda,BMU,2007,0.0,,1166.851851851852,74.3505940302669,79.006,74.3505940302669,74.7647595
Bermuda,BMU,2008,0.0,,1172.2222222222222,82.3,79.101,82.3,74.7962998
Bermuda,BMU,2009,0.0,,1177.1296296296296,83.25,79.229,83.25,74.7951886
Bermuda,BMU,2010,0.0,,1180.0925925925926,84.21,79.414,84.21,74.81422979999999
Bermuda,BMU,2011,0.0,,1180.2407407407406,88.336,79.651,88.336,74.7665367
Bermuda,BMU,2012,0.0,,1178.6296296296296,91.2993045243401,79.847,91.2993045243401,74.6674341
Bermuda,BMU,2013,0.0,,1177.2962962962963,95.3,80.016,95.3,74.674964
Bermuda,BMU,2014,0.0,,1176.462962962963,96.8,80.199,96.8,71.4287157
Bermuda,BMU,2015,0.0,,1175.2592592592594,98.3236096537251,80.338,98.3236096537251,71.5074391
Bermuda,BMU,2016,0.0,,1174.9814814814815,98.0,80.476,98.0,71.5708781
Bermuda,BMU,2017,0.0,,1177.3703703703704,98.37,80.686,98.37,71.5254905
Bermuda,BMU,2018,0.0,,1182.0555555555557,,80.986,,71.6026897
Bermuda,BMU,2019,0.0,,1187.1666666666667,,81.251,,71.7090468
Bermuda,BMU,2020,0.0,,1192.2592592592594,,81.456,,71.7357717
Bermuda,BMU,2021,0.0,,1197.1851851851852,,81.745,,71.6837307
Bermuda,BMU,2022,0.0,,1199.0555555555557,,82.062,,71.6658595
Bermuda,BMU,2023,0.0,,1198.111111111111,,82.309,,71.604473
Bermuda,BMU,2024,0.0,,,,82.49,,71.66361669999999
Bhutan,BTN,2024,0.0,,,91.27739716,73.262,91.27739716,77.655202
Bolivia,BOL,2024,0.479999989,,,79.70469666,68.739,79.70469666,27.6622228
Afghanistan,AFG,1960,0.0,,,,32.799,,
Afghanistan,AFG,1961,0.0,,14.12704567407203,,33.291,,
Afghanistan,AFG,1962,0.0,,14.418849178970609,,33.757,,
Afghanistan,AFG,1963,0.0,,14.725613663891572,,34.201,,
Afghanistan,AFG,1964,0.0,,15.047326863223097,,34.673,,
Afghanistan,AFG,1965,0.0,,15.387222298882296,,35.124,,
Afghanistan,AFG,1966,0.0,,15.740451987795716,,35.583,,
Afghanistan,AFG,1967,0.0,,16.1077518666728,,36.042,,
Afghanistan,AFG,1968,0.0,,16.492528709197675,,36.51,,
Afghanistan,AFG,1969,0.0,,16.891907762599082,,36.979,,
Afghanistan,AFG,1970,0.0,,17.310040936479464,,37.46,,
Afghanistan,AFG,1971,0.0,,17.73556414148383,,37.932,,
Afghanistan,AFG,1972,0.0,,18.174104227036477,,38.423,,
Afghanistan,AFG,1973,0.0,,18.640662036398204,,38.951,,
Afghanistan,AFG,1974,0.0,,19.117683945847325,,39.469,,
Afghanistan,AFG,1975,0.0,,19.58504515278353,,39.994,,
Afghanistan,AFG,1976,0.0,,20.023382855741072,,40.518,,
Afghanistan,AFG,1977,0.0,,20.454066816920413,,41.082,,
Afghanistan,AFG,1978,0.0,,20.869081458994525,,40.086,,
Afghanistan,AFG,1979,0.0,,20.93673550741303,,38.844,,
Afghanistan,AFG,1980,0.0,,20.191207089523633,,39.258,,
Afghanistan,AFG,1981,0.0,,18.302716833019026,,39.406,,
Afghanistan,AFG,1982,0.0,,16.851996994925102,,36.058,,
Afghanistan,AFG,1983,0.0,,16.73946613924536,,36.517,,
Afghanistan,AFG,1984,0.0,,17.156863376416293,,31.473,,
Afghanistan,AFG,1985,0.0,,17.519666375358387,,32.132,,
Afghanistan,AFG,1986,0.0,,17.50927433574046,,38.4,,
Afghanistan,AFG,1987,0.0,,17.459819388865892,,38.831,,
Afghanistan,AFG,1988,0.0,,17.667537525106173,,43.238,,
Afghanistan,AFG,1989,0.0,,18.20536927157598,,44.496,,
Albania,ALB,1960,0.0,,,,56.413,,
Albania,ALB,1961,0.0,,60.57664233576642,,57.488,,
Albania,ALB,1962,0.0,,62.456897810218976,,58.494,,
Albania,ALB,1963,0.0,,64.32923357664234,,59.479,,
Albania,ALB,1964,0.0,,66.20930656934307,,60.404,,
Albania,ALB,1965,0.0,,68.05806569343066,,61.273,,
Albania,ALB,1966,0.0,,69.87492700729926,,62.149,,
Albania,ALB,1967,0.0,,71.73715328467154,,62.976,,
Albania,ALB,1968,0.0,,73.80554744525547,,63.788,,
Albania,ALB,1969,0.0,,75.9742700729927,,64.538,,
Albania,ALB,1970,0.0,,77.9371897810219,,65.234,,
Albania,ALB,1971,0.0,,79.8486496350365,,65.896,,
Albania,ALB,1972,0.0,,81.86591240875913,,66.526,,
Albania,ALB,1973,0.0,,83.82306569343066,,67.107,,
Albania,ALB,1974,0.0,,85.77094890510949,,67.633,,
Albania,ALB,1975,0.0,,87.76755474452554,,68.12,,
Albania,ALB,1976,0.0,,89.72722627737227,,68.57,,
Albania,ALB,1977,0.0,,91.73525547445256,,68.992,,
Albania,ALB,1978,0.0,,93.65934306569343,,69.367,,
Albania,ALB,1979,0.0,,95.54131386861314,,69.617,,
Albania,ALB,1980,0.0,,97.5181386861314,,69.903,,
Albania,ALB,1981,0.0,,99.49109489051095,,70.145,,
Albania,ALB,1982,0.0,,101.61598540145985,,70.425,,
Albania,ALB,1983,0.0,,103.7941605839416,,70.705,,
Albania,ALB,1984,0.0,,106.00105839416058,,70.984,,
Albania,ALB,1985,0.0,,108.20299270072992,,71.282,,
Albania,ALB,1986,0.0,,110.31514598540146,,71.665,,
Albania,ALB,1987,0.0,,112.54032846715329,,71.981,,
Albania,ALB,1988,0.0,,114.68379562043796,,72.217,,
Albania,ALB,1989,0.0,,117.80813868613139,,72.457,,
Algeria,DZA,1960,0.0,,,,40.839,,
Algeria,DZA,1961,0.0,,4.8825157237985675,,40.792,,
Algeria,DZA,1962,0.0,,4.954684810264764,,39.527,,
Algeria,DZA,1963,0.0,,5.03082536296993,,43.143,,
Algeria,DZA,1964,0.0,,5.1138298051004725,,42.987,,
Algeria,DZA,1965,0.0,,5.1919924089111325,,42.846,,
Algeria,DZA,1966,0.0,,5.286080344621999,,42.745,,
Algeria,DZA,1967,0.0,,5.406181195260608,,42.731,,
Algeria,DZA,1968,0.0,,5.53066833491481,,42.806,,
Algeria,DZA,1969,0.0,,5.658031523172134,,42.991,,
Algeria,DZA,1970,0.0,,5.787247558507645,,43.328,,
Algeria,DZA,1971,0.0,,5.919594918001125,,43.782,,
Algeria,DZA,1972,0.0,,6.057366463173982,,44.384,,
Algeria,DZA,1973,0.0,,6.20183017457825,,45.102,,
Algeria,DZA,1974,0.0,,6.353968947072309,,45.953,,
Algeria,DZA,1975,0.0,,6.582832718936576,,46.921,,
Algeria,DZA,1976,0.0,,6.889572329473411,,48.034,,
Algeria,DZA,1977,0.0,,7.144354127654572,,49.249,,
Algeria,DZA,1978,0.0,,7.350497535415284,,50.615,,
Algeria,DZA,1979,0.0,,7.572889987991973,,52.409,,
Algeria,DZA,1980,0.0,,7.812428728576587,,54.512,,
Algeria,DZA,1981,0.0,,8.070026115361038,,57.422,,
Algeria,DZA,1982,0.0,,8.343626088489927,,59.594,,
Algeria,DZA,1983,0.0,,8.631552982273464,,61.251,,
Algeria,DZA,1984,0.0,,8.93127251505202,,62.722,,
Algeria,DZA,1985,0.0,,9.240531712109634,,64.155,,
Algeria,DZA,1986,0.0,,9.549950456389027,,65.273,,
Algeria,DZA,1987,0.0,,9.843065993769262,,66.13,,
Algeria,DZA,1988,0.0,,10.122656545214843,,66.91,,
Algeria,DZA,1989,0.0,,10.393445548212652,,67.461,,
American Samoa,ASM,1980,0.0,,162.015,,69.413,,
American Samoa,ASM,1981,0.0,,167.92,,69.731,,
American Samoa,ASM,1982,0.0,,174.545,,69.975,,
American Samoa,ASM,1983,0.0,,181.355,,70.163,,
American Samoa,ASM,1984,0.0,,188.335,,70.326,,
American Samoa,ASM,1985,0.0,,195.515,,70.532,,
American Samoa,ASM,1986,0.0,,202.855,,70.704,,
American Samoa,ASM,1987,0.0,,210.36,,70.828,,
American Samoa,ASM,1988,0.0,,218.075,,70.883,,
American Samoa,ASM,1989,0.0,,225.955,,70.929,,
American Samoa,ASM,1990,0.0,,233.2,0.0,71.107,0.0,
American Samoa,ASM,1991,0.0,,239.41,,71.312,,
American Samoa,ASM,1992,0.0,,245.19,,71.511,,
American Samoa,ASM,1993,0.0,,250.795,,71.54,,
American Samoa,ASM,1994,0.0,,256.255,,71.569,,
American Samoa,ASM,1995,0.0,,261.58,,71.565,,
American Samoa,ASM,1996,0.0,,266.765,,71.576,,
American Samoa,ASM,1997,0.0,,271.81,,71.606,,
American Samoa,ASM,1998,0.0,,276.67,,71.542,,
American Samoa,ASM,1999,0.0,,281.24,,71.484,,
American Samoa,ASM,2000,0.0,,284.275,,71.443,,
American Samoa,ASM,2001,0.0,,285.265,,71.573,,
American Samoa,ASM,2002,0.0,,285.31,,71.755,,
American Samoa,ASM,2003,0.0,,284.855,,71.698,,
Angola,AGO,1960,0.0,,,,37.933,,
Angola,AGO,1961,0.0,,4.252492981471083,,36.902,,
Angola,AGO,1962,0.0,,4.294786235662148,,37.168,,
Angola,AGO,1963,0.0,,4.338108606721746,,37.419,,
Angola,AGO,1964,0.0,,4.382920510146787,,37.704,,
Angola,AGO,1965,0.0,,4.429278094168605,,37.968,,
Angola,AGO,1966,0.0,,4.4769278896286195,,38.258,,
Angola,AGO,1967,0.0,,4.52539263656052,,38.616,,
Angola,AGO,1968,0.0,,4.574235180877516,,38.968,,
Angola,AGO,1969,0.0,,4.623153124248015,,39.329,,
Angola,AGO,1970,0.0,,4.69462420790888,,39.688,,
Angola,AGO,1971,0.0,,4.805568300312826,,40.076,,
Angola,AGO,1972,0.0,,4.9524841581775885,,40.469,,
Angola,AGO,1973,0.0,,5.12435068581054,,40.871,,
Angola,AGO,1974,0.0,,5.3046980027272,,41.26,,
Angola,AGO,1975,0.0,,5.48884815914013,,40.817,,
Angola,AGO,1976,0.0,,5.674712440843828,,40.812,,
Angola,AGO,1977,0.0,,5.869759364722868,,41.215,,
Angola,AGO,1978,0.0,,6.077431619475415,,41.573,,
Angola,AGO,1979,0.0,,6.294382770514157,,41.913,,
Angola,AGO,1980,0.0,,6.524321809577284,,42.242,,
Angola,AGO,1981,0.0,,6.766348760728323,,42.556,,
Angola,AGO,1982,0.0,,7.019850806128178,,42.857,,
Angola,AGO,1983,0.0,,7.285620437956204,,41.972,,
Angola,AGO,1984,0.0,,7.56069383171573,,42.245,,
Angola,AGO,1985,0.0,,7.84400417101147,,42.495,,
Angola,AGO,1986,0.0,,8.133031202374267,,42.739,,
Angola,AGO,1987,0.0,,8.420516563728242,,40.786,,
Angola,AGO,1988,0.0,,8.712032565974171,,41.471,,
Angola,AGO,1989,0.0,,9.014648271436593,,41.698,,
Antigua and Barbuda,ATG,1980,0.0,,146.62045454545455,,73.094,,
Antigua and Barbuda,ATG,1981,0.0,,146.9659090909091,,73.32,,
Antigua and Barbuda,ATG,1982,0.0,,147.23863636363637,,73.525,,
Antigua and Barbuda,ATG,1983,0.0,,147.5772727272727,,73.684,,
Antigua and Barbuda,ATG,1984,0.0,,147.45909090909092,,73.808,,
Antigua and Barbuda,ATG,1985,0.0,,146.7977272727273,,73.873,,
Antigua and Barbuda,ATG,1986,0.0,,146.0818181818182,,73.893,,
Antigua and Barbuda,ATG,1987,0.0,,145.3318181818182,,73.873,,
Antigua and Barbuda,ATG,1988,0.0,,144.59772727272727,,73.811,,
Antigua and Barbuda,ATG,1989,0.0,,143.92045454545453,,73.628,,
Argentina,ARG,1960,,,,,64.242,,
Argentina,ARG,1961,,,7.573483295513924,,64.631,,
Argentina,ARG,1962,,,7.700009135123087,,64.618,,
Argentina,ARG,1963,,,7.827596476034918,,64.855,,
Argentina,ARG,1964,,,7.954665307360352,,64.816,,
Argentina,ARG,1965,0.0,,8.080063507375698,,65.053,,
Argentina,ARG,1966,0.0,,8.204763053177379,,65.398,,
Argentina,ARG,1967,0.0,,8.330888408990424,,65.467,,
Argentina,ARG,1968,0.0,,8.459337009306864,,65.234,,
Argentina,ARG,1969,0.0,,8.590198743737874,,65.085,,
Argentina,ARG,1970,0.0,,8.72525824992966,,65.647,,
Argentina,ARG,1971,0.0,,8.863703232737357,,65.619,,
Argentina,ARG,1972,0.0,,9.005158786709492,,65.953,,
Argentina,ARG,1973,0.0,,9.15193354015252,,66.186,,
Argentina,ARG,1974,0.0,,9.303703013494404,,66.405,,
Argentina,ARG,1975,0.0,,9.454526088084512,,66.965,,
Argentina,ARG,1976,0.0,,9.603675608125144,,67.03,,
Argentina,ARG,1977,0.0,,9.756971012427421,,67.595,,
Argentina,ARG,1978,0.0,,9.914224117455758,,67.999,,
Argentina,ARG,1979,0.0,,10.073809967515503,,68.434,,
Argentina,ARG,1980,0.0,,10.235575092538797,,68.576,,
Argentina,ARG,1981,0.0,,10.40087075993262,,68.858,,
Argentina,ARG,1982,0.0,,10.569067742418762,,68.973,,
Argentina,ARG,1983,0.0,,10.739737420021997,,69.29,,
Argentina,ARG,1984,0.0,,10.912121212121212,,69.353,,
Argentina,ARG,1985,0.0,,11.085084901833968,,69.879,,
Argentina,ARG,1986,0.0,,11.258849193734036,,70.281,,
Argentina,ARG,1987,0.0,,11.434163898724371,,70.699,,
Argentina,ARG,1988,0.0,,11.612762863166818,,71.097,,
Argentina,ARG,1989,0.0,,11.79196328411329,,71.502,,
Argentina,ARG,2025,18.62000084,,,,,,
Armenia,ARM,2025,0.0,,,,,,
Aruba,ABW,1986,0.0,,332.95,,71.831,,
Aruba,ABW,1987,0.0,,328.6611111111111,,72.448,,
Aruba,ABW,1988,0.0,,329.6166666666667,,72.519,,
Aruba,ABW,1989,0.0,,335.7944444444444,,72.531,,
Aruba,ABW,1990,0.0,,348.6277777777778,0.0,72.546,0.0,
Aruba,ABW,1991,0.0,,366.0888888888889,,72.592,,
Aruba,ABW,1992,0.0,,383.3611111111111,,72.717,,
Aruba,ABW,1993,0.0,,409.3611111111111,,72.777,,
Aruba,ABW,1994,0.0,,431.0833333333333,,72.796,,
Aruba,ABW,1995,0.0,,443.3611111111111,,72.832,,
Aruba,ABW,1996,0.0,,461.22777777777776,2.77,72.856,2.77,
Aruba,ABW,1997,0.0,,479.45,,72.904,,
Aruba,ABW,1998,0.0,,491.39444444444445,,72.94,,
Aruba,ABW,1999,0.0,,498.10555555555555,4.51,72.857,4.51,
Aruba,ABW,2000,0.0,,503.26666666666665,15.4428229480349,72.939,15.4428229480349,
Aruba,ABW,2001,0.0,,507.99444444444447,17.1,73.044,17.1,
Aruba,ABW,2002,0.0,,511.52222222222224,18.8,73.135,18.8,
Aruba,ABW,2003,0.0,,517.3777777777777,20.8,73.236,20.8,
Australia,AUS,1960,0.0,,,,70.81707317073172,,
Australia,AUS,1961,0.0,,1.3645652994545905,,70.97317073170733,,
Australia,AUS,1962,0.0,,1.3982791611887064,,70.94243902439025,,
Australia,AUS,1963,0.0,,1.4253543860562592,,70.9117073170732,,
Australia,AUS,1964,0.0,,1.4536011350767348,,70.8809756097561,,
Australia,AUS,1965,0.0,,1.4823685614985096,,70.85024390243903,,
Australia,AUS,1966,0.0,,1.5166031006339247,,70.81951219512196,,
Australia,AUS,1967,0.0,,1.5358681644819911,,70.86926829268293,,
Australia,AUS,1968,0.0,,1.5632037280501934,,70.91902439024392,,
Australia,AUS,1969,0.0,,1.5962667430326856,,70.96878048780488,,
Australia,AUS,1970,0.0,,1.62802806451193,,71.01853658536587,,
Australia,AUS,1971,0.0,,1.6840008851515822,,71.06829268292684,,
Australia,AUS,1972,0.0,,1.7152415292295276,,71.45756097560977,,
Australia,AUS,1973,0.0,,1.7416659073454563,,71.8468292682927,,
Australia,AUS,1974,0.0,,1.7863139945068534,,72.23609756097562,,
Australia,AUS,1975,0.0,,1.8084427840620647,,72.62536585365855,,
Australia,AUS,1976,0.0,,1.826666493107533,,73.01463414634148,,
Australia,AUS,1977,0.0,,1.8473634198091717,,73.34439024390244,,
Australia,AUS,1978,0.0,,1.868971531963084,,73.67414634146341,,
Australia,AUS,1979,0.0,,1.8892779506137485,,74.00390243902442,,
Australia,AUS,1980,0.0,,1.912448094971558,,74.33365853658536,,
Australia,AUS,1981,0.0,,1.9425510589276649,,74.66341463414635,,
Australia,AUS,1982,0.0,,1.9765235671608763,,74.9048780487805,,
Australia,AUS,1983,0.0,,2.0037582494825767,,75.14634146341464,,
Australia,AUS,1984,0.0,,2.027959204925608,,75.3878048780488,,
Australia,AUS,1985,0.0,,2.0551543157648102,,75.62926829268294,,
Australia,AUS,1986,0.0,,2.08509821277482,,75.87073170731709,,
Australia,AUS,1987,0.0,,2.1170579123439595,,76.15170731707317,,
Australia,AUS,1988,0.0,,2.1519810473425927,,76.43268292682929,,
Australia,AUS,1989,0.0,,2.1887216068104602,,76.71365853658537,,
Australia,AUS,2025,39.22999954,,,,,,
Austria,AUT,1960,,,,,68.58560975609757,,
Austria,AUT,1961,,,85.87371546291808,,69.57731707317075,,
Austria,AUT,1962,,,86.40164808531266,,69.30951219512197,,
Austria,AUT,1963,,,86.95844643722734,,69.44365853658539,,
Austria,AUT,1964,,,87.54000242365487,,69.92195121951221,,
Austria,AUT,1965,0.0,,88.11062772661172,,69.72219512195122,,
Austria,AUT,1966,0.0,,88.73080465341735,,70.04585365853659,,
Austria,AUT,1967,0.0,,89.39648570043626,,69.91780487804878,,
Austria,AUT,1968,0.0,,89.86188802714493,,70.05756097560976,,
Austria,AUT,1969,0.0,,90.17274600096947,,69.83317073170733,,
Austria,AUT,1970,0.0,,90.48819680077557,,69.91463414634147,,
Austria,AUT,1971,0.0,,90.89289869122636,,70.11463414634147,,
Austria,AUT,1972,0.0,,91.42269752787203,,70.46341463414635,,
Austria,AUT,1973,0.0,,91.93062287930199,,71.01463414634146,,
Austria,AUT,1974,0.0,,92.08722733882695,,71.01219512195122,,
Austria,AUT,1975,0.0,,91.84322588463402,,71.11463414634149,,
Austria,AUT,1976,0.0,,91.6811076102763,,71.56585365853658,,
Austria,AUT,1977,0.0,,91.7163111972855,,71.91463414634147,,
Austria,AUT,1978,0.0,,91.6420867668444,,72.01219512195122,,
Austria,AUT,1979,0.0,,91.48600339311682,,72.31219512195123,,
Austria,AUT,1980,0.0,,91.48610033931168,,72.46341463414635,,
Austria,AUT,1981,0.0,,91.71970431410567,,72.81219512195122,,
Austria,AUT,1982,0.0,,91.78550654386815,,72.9609756097561,,
Austria,AUT,1983,0.0,,91.6373000484731,,73.01219512195124,,
Austria,AUT,1984,0.0,,91.63153174987882,,73.61219512195123,,
Austria,AUT,1985,0.0,,91.67456374212313,,73.81463414634148,,
Austria,AUT,1986,0.0,,91.73284052350945,,74.31707317073172,,
Austria,AUT,1987,0.0,,91.7909112942317,,74.76829268292684,,
Austria,AUT,1988,0.0,,91.92095249636452,,75.21707317073171,,
Austria,AUT,1989,0.0,,92.33600339311683,,75.2658536585366,,
Austria,AUT,2025,8.31000042,,,91.92573373,,91.92573373,
Azerbaijan,AZE,1985,0.0,,,,62.674,,
Azerbaijan,AZE,1986,0.0,,,,62.603,,
Azerbaijan,AZE,1987,0.0,,,,62.824,,
Azerbaijan,AZE,1988,0.0,,,,62.672,,
Azerbaijan,AZE,1989,0.0,,,,62.945,,
Azerbaijan,AZE,2025,0.090000004,,,90.80000181,,90.80000181,
Bahamas,BHS,1980,0.0,,23.229370629370628,,69.091,,
Bahamas,BHS,1981,0.0,,23.63776223776224,,69.368,,
Bahamas,BHS,1982,0.0,,24.037362637362637,,69.682,,
Bahamas,BHS,1983,0.0,,24.445354645354644,,70.003,,
Bahamas,BHS,1984,0.0,,24.86143856143856,,70.192,,
Bahamas,BHS,1985,0.0,,25.29010989010989,,70.289,,
Bahamas,BHS,1986,0.0,,25.72787212787213,,70.316,,
Bahamas,BHS,1987,0.0,,26.167332667332666,,70.383,,
Bahamas,BHS,1988,0.0,,26.618181818181817,,70.508,,
Bahamas,BHS,1989,0.0,,27.09070929070929,,70.719,,
Bahrain,BHR,1960,0.0,,,,50.634,,
Bahrain,BHR,1961,0.0,,249.7768115942029,,52.278,,
Bahrain,BHR,1962,0.0,,259.9260869565217,,53.893,,
Bahrain,BHR,1963,0.0,,270.2913043478261,,55.449,,
Bahrain,BHR,1964,0.0,,280.8927536231884,,56.946,,
Bahrain,BHR,1965,0.0,,291.1101449275362,,58.379,,
Bahrain,BHR,1966,0.0,,300.7869565217391,,59.745,,
Bahrain,BHR,1967,0.0,,310.41884057971015,,61.036,,
Bahrain,BHR,1968,0.0,,317.8797101449275,,62.253,,
Bahrain,BHR,1969,0.0,,322.41884057971015,,63.35,,
Bahrain,BHR,1970,0.0,,325.8101449275362,,64.359,,
Bahrain,BHR,1971,0.0,,334.39565217391305,,65.279,,
Bahrain,BHR,1972,0.0,,350.8884057971014,,66.095,,
Bahrain,BHR,1973,0.0,,370.0289855072464,,66.922,,
Bahrain,BHR,1974,0.0,,389.91014492753624,,67.633,,
Bahrain,BHR,1975,0.0,,410.49710144927536,,68.276,,
Bahrain,BHR,1976,0.0,,431.6855072463768,,68.858,,
Bahrain,BHR,1977,0.0,,453.3666666666667,,69.383,,
Bahrain,BHR,1978,0.0,,475.42898550724635,,69.85,,
Bahrain,BHR,1979,0.0,,497.763768115942,,70.296,,
Bahrain,BHR,1980,0.0,,520.2579710144928,,70.684,,
Bahrain,BHR,1981,0.0,,541.3391304347826,,71.037,,
Bahrain,BHR,1982,0.0,,560.8449275362319,,71.354,,
Bahrain,BHR,1983,0.0,,580.7347826086957,,71.637,,
Bahrain,BHR,1984,0.0,,601.6724637681159,,71.884,,
Bahrain,BHR,1985,0.0,,623.7072463768116,,72.092,,
Bahrain,BHR,1986,0.0,,646.7913043478261,,72.257,,
Bahrain,BHR,1987,0.0,,670.8028985507246,,72.377,,
Bahrain,BHR,1988,0.0,,695.5492753623189,,72.46,,
Bahrain,BHR,1989,0.0,,720.7637681159421,,72.524,,
Bangladesh,BGD,1960,0.0,,,,43.98,,
Bangladesh,BGD,1961,0.0,,409.5440424060844,,44.887,,
Bangladesh,BGD,1962,0.0,,421.61132365368366,,45.765,,
Bangladesh,BGD,1963,0.0,,434.0816009833295,,45.722,,
Bangladesh,BGD,1964,0.0,,446.94149189521397,,46.752,,
Bangladesh,BGD,1965,0.0,,460.1868249212568,,46.046,,
Bangladesh,BGD,1966,0.0,,473.76358607974186,,47.644,,
Bangladesh,BGD,1967,0.0,,487.9075747099946,,48.066,,
Bangladesh,BGD,1968,0.0,,502.4834908196973,,48.4,,
Bangladesh,BGD,1969,0.0,,516.9711377429516,,48.686,,
Bangladesh,BGD,1970,0.0,,530.5284935084889,,42.667,,
Bangladesh,BGD,1971,0.0,,539.8844434201429,,26.522,,
Bangladesh,BGD,1972,0.0,,550.3688945225474,,49.647,,
Bangladesh,BGD,1973,0.0,,566.353952523623,,49.914,,
Bangladesh,BGD,1974,0.0,,582.6177152953829,,49.589,,
Bangladesh,BGD,1975,0.0,,598.0974955826996,,50.627,,
Bangladesh,BGD,1976,0.0,,613.4694476453868,,50.951,,
Bangladesh,BGD,1977,0.0,,628.9257432588154,,51.265,,
Bangladesh,BGD,1978,0.0,,644.4622800952601,,51.596,,
Bangladesh,BGD,1979,0.0,,660.1757086886379,,51.959,,
Bangladesh,BGD,1980,0.0,,676.1652608127832,,52.278,,
Bangladesh,BGD,1981,0.0,,693.7320811246831,,52.638,,
Bangladesh,BGD,1982,0.0,,713.0253284166859,,53.012,,
Bangladesh,BGD,1983,0.0,,732.3896058999769,,53.441,,
Bangladesh,BGD,1984,0.0,,751.4401628639472,,53.826,,
Bangladesh,BGD,1985,0.0,,770.1761158485058,,53.937,,
Bangladesh,BGD,1986,0.0,,788.4733195052623,,54.592,,
Bangladesh,BGD,1987,0.0,,806.3247368825382,,54.899,,
Bangladesh,BGD,1988,0.0,,823.661427364216,,55.174,,
Bangladesh,BGD,1989,0.0,,840.6990781286011,,55.514,,
Bangladesh,BGD,2025,0.0,,,,,,
Barbados,BRB,1960,0.0,,,,64.149,,
Barbados,BRB,1961,0.0,,542.2046511627907,,65.033,,
Barbados,BRB,1962,0.0,,547.0325581395349,,65.715,,
Barbados,BRB,1963,0.0,,552.4581395348837,,66.204,,
Barbados,BRB,1964,0.0,,558.0418604651163,,66.678,,
Barbados,BRB,1965,0.0,,563.7604651162791,,67.236,,
Barbados,BRB,1966,0.0,,569.7581395348838,,67.71,,
Barbados,BRB,1967,0.0,,574.6302325581395,,67.92,,
Barbados,BRB,1968,0.0,,578.0,,68.2,,
Barbados,BRB,1969,0.0,,580.1023255813953,,68.504,,
Barbados,BRB,1970,0.0,,579.9697674418604,,68.518,,
Barbados,BRB,1971,0.0,,579.4604651162791,,68.787,,
Barbados,BRB,1972,0.0,,580.6,,69.132,,
Barbados,BRB,1973,0.0,,582.1441860465117,,69.108,,
Barbados,BRB,1974,0.0,,583.2023255813954,,69.379,,
Barbados,BRB,1975,0.0,,584.1279069767442,,69.79,,
Barbados,BRB,1976,0.0,,584.7488372093023,,70.114,,
Barbados,BRB,1977,0.0,,585.1767441860466,,70.64,,
Barbados,BRB,1978,0.0,,585.0023255813953,,71.143,,
Barbados,BRB,1979,0.0,,584.3465116279069,,71.549,,
Barbados,BRB,1980,0.0,,584.939534883721,,72.129,,
Barbados,BRB,1981,0.0,,586.6744186046511,,72.63,,
Barbados,BRB,1982,0.0,,588.5930232558139,,72.903,,
Barbados,BRB,1983,0.0,,590.6790697674419,,73.156,,
Barbados,BRB,1984,0.0,,592.8372093023256,,73.302,,
Barbados,BRB,1985,0.0,,594.9302325581396,,73.316,,
Barbados,BRB,1986,0.0,,596.7860465116279,,73.416,,
Barbados,BRB,1987,0.0,,598.3232558139534,,73.463,,
Barbados,BRB,1988,0.0,,599.4488372093023,,73.431,,
Barbados,BRB,1989,0.0,,600.253488372093,,73.375,,
Belarus,BLR,1985,0.0,,,,70.99268292682929,,
Belarus,BLR,1986,0.0,,,,71.54951219512196,,
Belarus,BLR,1987,0.0,,,,70.99024390243902,,
Belarus,BLR,1988,0.0,,,,71.34146341463415,,
Belarus,BLR,1989,0.0,,,,71.48292682926831,,
Belarus,BLR,2025,0.479999989,,,,,,
Belgium,BEL,1960,,,,,69.70195121951221,,
Belgium,BEL,1961,,,,,70.52097560975609,,
Belgium,BEL,1962,,,,,70.21951219512196,,
Belgium,BEL,1963,,,,,70.05146341463416,,
Belgium,BEL,1964,,,,,70.75512195121952,,
Belgium,BEL,1965,0.0,,,,70.62536585365855,,
Belgium,BEL,1966,0.0,,,,70.70634146341465,,
Belgium,BEL,1967,0.0,,,,71.01292682926831,,
Belgium,BEL,1968,0.0,,,,70.69317073170733,,
Belgium,BEL,1969,0.0,,,,70.76487804878049,,
Belgium,BEL,1970,0.0,,,,70.9719512195122,,
Belgium,BEL,1971,0.0,,,,71.06048780487806,,
Belgium,BEL,1972,0.0,,,,71.40512195121951,,
Belgium,BEL,1973,0.0,,,,71.63536585365856,,
Belgium,BEL,1974,0.0,,,,71.98585365853658,,
Belgium,BEL,1975,0.0,,,,71.97121951219512,,
Belgium,BEL,1976,0.0,,,,72.119756097561,,
Belgium,BEL,1977,0.0,,,,72.77390243902441,,
Belgium,BEL,1978,0.0,,,,72.69804878048781,,
Belgium,BEL,1979,0.0,,,,73.19365853658537,,
Belgium,BEL,1980,0.0,,,,73.20707317073172,,
Belgium,BEL,1981,0.0,,,,73.62170731707319,,
Belgium,BEL,1982,0.0,,,,73.88804878048782,,
Belgium,BEL,1983,0.0,,,,73.86902439024391,,
Belgium,BEL,1984,0.0,,,,74.40487804878049,,
Belgium,BEL,1985,0.0,,,,74.52024390243903,,
Belgium,BEL,1986,0.0,,,,74.73170731707319,,
Belgium,BEL,1987,0.006,,,,75.3658536585366,,
Belgium,BEL,1988,0.008,,,,75.5658536585366,,
Belgium,BEL,1989,0.007,,,,75.63268292682929,,
Belgium,BEL,2025,13.72000027,,,,,,
Belize,BLZ,1980,0.0,,6.359579131959666,,66.884,,
Belize,BLZ,1981,0.0,,6.522840859272249,,67.095,,
Belize,BLZ,1982,0.0,,6.687768522577817,,67.339,,
Belize,BLZ,1983,0.0,,6.8521262604121,,67.601,,
Belize,BLZ,1984,0.0,,7.016396317404647,,67.952,,
Belize,BLZ,1985,0.0,,7.1808855765015345,,68.347,,
Belize,BLZ,1986,0.0,,7.34563787812363,,68.743,,
Belize,BLZ,1987,0.0,,7.511530030688294,,69.108,,
Belize,BLZ,1988,0.0,,7.679964927663305,,69.401,,
Belize,BLZ,1989,0.0,,7.8521262604121,,69.534,,
Benin,BEN,1980,0.0,,34.81066867683576,,47.747,,
Benin,BEN,1981,0.0,,35.81329372117772,,48.122,,
Benin,BEN,1982,0.0,,36.86232706633558,,48.493,,
Benin,BEN,1983,0.0,,37.94765874423555,,48.845,,
Benin,BEN,1984,0.0,,39.07320858460447,,49.399,,
Benin,BEN,1985,0.0,,40.24487406881873,,49.959,,
Benin,BEN,1986,0.0,,41.46346222064562,,50.632,,
Benin,BEN,1987,0.0,,42.73222774033345,,51.258,,
Benin,BEN,1988,0.0,,44.05233238737141,,52.019,,
Benin,BEN,1989,0.0,,45.42086732884001,,52.45,,
Bermuda,BMU,1980,0.0,,993.9444444444445,,72.666,,
Bermuda,BMU,1981,0.0,,999.9444444444445,,72.892,,
Bermuda,BMU,1982,0.0,,1007.1666666666666,,73.041,,
Bermuda,BMU,1983,0.0,,1014.3888888888889,,73.24,,
Bermuda,BMU,1984,0.0,,1021.6481481481482,,73.365,,
Bermuda,BMU,1985,0.0,,1028.648148148148,,73.373,,
Bermuda,BMU,1986,0.0,,1034.9814814814815,,73.368,,
Bermuda,BMU,1987,0.0,,1041.9444444444443,,73.454,,
Bermuda,BMU,1988,0.0,,1049.9814814814815,,73.555,,
Bermuda,BMU,1989,0.0,,1057.9444444444443,,73.733,,
Bermuda,BMU,1990,0.0,,1065.9074074074074,0.0,73.952,0.0,
Bermuda,BMU,1991,0.0,,1073.7777777777778,,74.204,,
Bermuda,BMU,1992,0.0,,1081.611111111111,,74.446,,
Bermuda,BMU,1993,0.0,,1089.1851851851852,,74.766,,
Bermuda,BMU,1994,0.0,,1096.1851851851852,,75.276,,
Bermuda,BMU,1995,0.0,,1102.3333333333333,6.84,75.92,6.84,
Bermuda,BMU,1997,0.0,,1114.388888888889,24.2,76.972,24.2,
Bermuda,BMU,1999,0.0,,1131.9259259259259,39.9,77.854,39.9,
Bermuda,BMU,2001,0.0,,1145.6851851851852,47.5096998970623,78.637,47.5096998970623,
Bhutan,BTN,1980,0.0,,9.276031076771611,,48.198,,
Bhutan,BTN,1981,0.0,,9.584915352182009,,48.975,,
Bhutan,BTN,1982,0.0,,9.898444021145902,,49.776,,
Bhutan,BTN,1983,0.0,,10.218949981807675,,50.553,,
Bhutan,BTN,1984,0.0,,10.546925497078526,,51.313,,
Bhutan,BTN,1985,0.0,,10.880979389165935,,52.033,,
Bhutan,BTN,1986,0.0,,11.221967767480685,,52.826,,
Bhutan,BTN,1987,0.0,,11.569398369111573,,53.62,,
Bhutan,BTN,1988,0.0,,11.921023906855297,,54.385,,
Bhutan,BTN,1989,0.0,,12.276309312330115,,55.12,,
Bolivia,BOL,1960,0.0,,,,43.338,,
Bolivia,BOL,1961,0.0,,3.488166712821933,,43.628,,
Bolivia,BOL,1962,0.0,,3.56087233453337,,44.002,,
Bolivia,BOL,1963,0.0,,3.63603157020216,,44.335,,
Bolivia,BOL,1964,0.0,,3.713649035354934,,44.674,,
Bolivia,BOL,1965,0.0,,3.7937745776793133,,45.09,,
Bolivia,BOL,1966,0.0,,3.876626973137635,,45.479,,
Bolivia,BOL,1967,0.0,,3.962496076802363,,45.904,,
Bolivia,BOL,1968,0.0,,4.051457583310255,,46.342,,
Bolivia,BOL,1969,0.0,,4.143110864949691,,46.705,,
Bolivia,BOL,1970,0.0,,4.2370626788516565,,47.103,,
Bolivia,BOL,1971,0.0,,4.333372103757038,,47.483,,
Bolivia,BOL,1972,0.0,,4.431808363334256,,47.829,,
Bolivia,BOL,1973,0.0,,4.532631773285332,,48.282,,
Bolivia,BOL,1974,0.0,,4.636273423797656,,48.752,,
Bolivia,BOL,1975,0.0,,4.742489615065079,,49.336,,
Bolivia,BOL,1976,0.0,,4.852299455367858,,49.971,,
Bolivia,BOL,1977,0.0,,4.965536785747254,,50.387,,
Bolivia,BOL,1978,0.0,,5.080885258007939,,50.838,,
Bolivia,BOL,1979,0.0,,5.19786670359088,,51.353,,
Bolivia,BOL,1980,0.0,,5.3160712637311915,,51.828,,
Bolivia,BOL,1981,0.0,,5.4353447798393795,,52.259,,
Bolivia,BOL,1982,0.0,,5.5553290870488325,,52.511,,
Bolivia,BOL,1983,0.0,,5.6762300378473185,,52.861,,
Bolivia,BOL,1984,0.0,,5.7988258100249235,,53.383,,
Bolivia,BOL,1985,0.0,,5.922814548139943,,53.777,,
Bolivia,BOL,1986,0.0,,6.048628265485092,,54.247,,
Bolivia,BOL,1987,0.0,,6.177570386781132,,54.901,,
Bolivia,BOL,1988,0.0,,6.309893842887473,,55.505,,
Bolivia,BOL,1989,0.0,,6.444905381704053,,56.146,,
Bolivia,BOL,2025,0.280000001,,,,,,
Afghanistan,AFG,1900,0.0,,,,,,
Afghanistan,AFG,1901,0.0,,,,,,
Afghanistan,AFG,1902,0.0,,,,,,
Afghanistan,AFG,1903,0.0,,,,,,
Afghanistan,AFG,1904,0.0,,,,,,
Afghanistan,AFG,1905,0.0,,,,,,
Afghanistan,AFG,1906,0.0,,,,,,
Afghanistan,AFG,1907,0.0,,,,,,
Afghanistan,AFG,1908,0.0,,,,,,
Afghanistan,AFG,1909,0.0,,,,,,
Afghanistan,AFG,1910,0.0,,,,,,
Afghanistan,AFG,1911,0.0,,,,,,
Afghanistan,AFG,1912,0.0,,,,,,
Afghanistan,AFG,1913,0.0,,,,,,
Afghanistan,AFG,1914,0.0,,,,,,
Afghanistan,AFG,1915,0.0,,,,,,
Afghanistan,AFG,1916,0.0,,,,,,
Afghanistan,AFG,1917,0.0,,,,,,
Afghanistan,AFG,1918,0.0,,,,,,
Afghanistan,AFG,1919,0.0,,,,,,
Afghanistan,AFG,1920,0.0,,,,,,
Afghanistan,AFG,1921,0.0,,,,,,
Afghanistan,AFG,1922,0.0,,,,,,
Afghanistan,AFG,1923,0.0,,,,,,
Afghanistan,AFG,1924,0.0,,,,,,
Afghanistan,AFG,1925,0.0,,,,,,
Afghanistan,AFG,1926,0.0,,,,,,
Afghanistan,AFG,1927,0.0,,,,,,
Afghanistan,AFG,1928,0.0,,,,,,
Afghanistan,AFG,1929,0.0,,,,,,
Afghanistan,AFG,1930,0.0,,,,,,
Afghanistan,AFG,1931,0.0,,,,,,
Afghanistan,AFG,1932,0.0,,,,,,
Afghanistan,AFG,1933,0.0,,,,,,
Afghanistan,AFG,1934,0.0,,,,,,
Afghanistan,AFG,1935,0.0,,,,,,
Afghanistan,AFG,1936,0.0,,,,,,
Afghanistan,AFG,1937,0.0,,,,,,
Afghanistan,AFG,1938,0.0,,,,,,
Afghanistan,AFG,1939,0.0,,,,,,
Afghanistan,AFG,1940,0.0,,,,,,
Afghanistan,AFG,1941,0.0,,,,,,
Afghanistan,AFG,1942,0.0,,,,,,
Afghanistan,AFG,1943,0.0,,,,,,
Afghanistan,AFG,1944,0.0,,,,,,
Afghanistan,AFG,1945,0.0,,,,,,
Afghanistan,AFG,1946,0.0,,,,,,
Afghanistan,AFG,1947,0.0,,,,,,
Afghanistan,AFG,1948,0.0,,,,,,
Afghanistan,AFG,1949,0.0,,,,,,
Afghanistan,AFG,1950,0.0,,,,,,
Afghanistan,AFG,1951,0.0,,,,,,
Afghanistan,AFG,1952,0.0,,,,,,
Afghanistan,AFG,1953,0.0,,,,,,
Afghanistan,AFG,1954,0.0,,,,,,
Afghanistan,AFG,1955,0.0,,,,,,
Afghanistan,AFG,1956,0.0,,,,,,
Afghanistan,AFG,1957,0.0,,,,,,
Afghanistan,AFG,1958,0.0,,,,,,
Afghanistan,AFG,1959,0.0,,,,,,
Albania,ALB,1900,0.0,,,,,,
Albania,ALB,1901,0.0,,,,,,
Albania,ALB,1902,0.0,,,,,,
Albania,ALB,1903,0.0,,,,,,
Albania,ALB,1904,0.0,,,,,,
Albania,ALB,1905,0.0,,,,,,
Albania,ALB,1906,0.0,,,,,,
Albania,ALB,1907,0.0,,,,,,
Albania,ALB,1908,0.0,,,,,,
Albania,ALB,1909,0.0,,,,,,
Albania,ALB,1910,0.0,,,,,,
Albania,ALB,1911,0.0,,,,,,
Albania,ALB,1912,0.0,,,,,,
Albania,ALB,1913,0.0,,,,,,
Albania,ALB,1914,0.0,,,,,,
Albania,ALB,1915,0.0,,,,,,
Albania,ALB,1916,0.0,,,,,,
Albania,ALB,1917,0.0,,,,,,
Albania,ALB,1918,0.0,,,,,,
Albania,ALB,1919,0.0,,,,,,
Albania,ALB,1920,0.0,,,,,,
Albania,ALB,1921,0.0,,,,,,
Albania,ALB,1922,0.0,,,,,,
Albania,ALB,1923,0.0,,,,,,
Albania,ALB,1924,0.0,,,,,,
Albania,ALB,1925,0.0,,,,,,
Albania,ALB,1926,0.0,,,,,,
Albania,ALB,1927,0.0,,,,,,
Albania,ALB,1928,0.0,,,,,,
Albania,ALB,1929,0.0,,,,,,
Albania,ALB,1930,0.0,,,,,,
Albania,ALB,1931,0.0,,,,,,
Albania,ALB,1932,0.0,,,,,,
Albania,ALB,1933,0.0,,,,,,
Albania,ALB,1934,0.0,,,,,,
Albania,ALB,1935,0.0,,,,,,
Albania,ALB,1936,0.0,,,,,,
Albania,ALB,1937,0.0,,,,,,
Albania,ALB,1938,0.0,,,,,,
Albania,ALB,1939,0.0,,,,,,
Albania,ALB,1940,0.0,,,,,,
Albania,ALB,1941,0.0,,,,,,
Albania,ALB,1942,0.0,,,,,,
Albania,ALB,1943,0.0,,,,,,
Albania,ALB,1944,0.0,,,,,,
Albania,ALB,1945,0.0,,,,,,
Albania,ALB,1946,0.0,,,,,,
Albania,ALB,1947,0.0,,,,,,
Albania,ALB,1948,0.0,,,,,,
Albania,ALB,1949,0.0,,,,,,
Albania,ALB,1950,0.0,,,,,,
Albania,ALB,1951,0.0,,,,,,
Albania,ALB,1952,0.0,,,,,,
Albania,ALB,1953,0.0,,,,,,
Albania,ALB,1954,0.0,,,,,,
Albania,ALB,1955,0.0,,,,,,
Albania,ALB,1956,0.0,,,,,,
Albania,ALB,1957,0.0,,,,,,
Albania,ALB,1958,0.0,,,,,,
Albania,ALB,1959,0.0,,,,,,
Algeria,DZA,1900,0.0,,,,,,
Algeria,DZA,1901,0.0,,,,,,
Algeria,DZA,1902,0.0,,,,,,
Algeria,DZA,1903,0.0,,,,,,
Algeria,DZA,1904,0.0,,,,,,
Algeria,DZA,1905,0.0,,,,,,
Algeria,DZA,1906,0.0,,,,,,
Algeria,DZA,1907,0.0,,,,,,
Algeria,DZA,1908,0.0,,,,,,
Algeria,DZA,1909,0.0,,,,,,
Algeria,DZA,1910,0.0,,,,,,
Algeria,DZA,1911,0.0,,,,,,
Algeria,DZA,1912,0.0,,,,,,
Algeria,DZA,1913,0.0,,,,,,
Algeria,DZA,1914,0.0,,,,,,
Algeria,DZA,1915,0.0,,,,,,
Algeria,DZA,1916,0.0,,,,,,
Algeria,DZA,1917,0.0,,,,,,
Algeria,DZA,1918,0.0,,,,,,
Algeria,DZA,1919,0.0,,,,,,
Algeria,DZA,1920,0.0,,,,,,
Algeria,DZA,1921,0.0,,,,,,
Algeria,DZA,1922,0.0,,,,,,
Algeria,DZA,1923,0.0,,,,,,
Algeria,DZA,1924,0.0,,,,,,
Algeria,DZA,1925,0.0,,,,,,
Algeria,DZA,1926,0.0,,,,,,
Algeria,DZA,1927,0.0,,,,,,
Algeria,DZA,1928,0.0,,,,,,
Algeria,DZA,1929,0.0,,,,,,
Algeria,DZA,1930,0.0,,,,,,
Algeria,DZA,1931,0.0,,,,,,
Algeria,DZA,1932,0.0,,,,,,
Algeria,DZA,1933,0.0,,,,,,
Algeria,DZA,1934,0.0,,,,,,
Algeria,DZA,1935,0.0,,,,,,
Algeria,DZA,1936,0.0,,,,,,
Algeria,DZA,1937,0.0,,,,,,
Algeria,DZA,1938,0.0,,,,,,
Algeria,DZA,1939,0.0,,,,,,
Algeria,DZA,1940,0.0,,,,,,
Algeria,DZA,1941,0.0,,,,,,
Algeria,DZA,1942,0.0,,,,,,
Algeria,DZA,1943,0.0,,,,,,
Algeria,DZA,1944,0.0,,,,,,
Algeria,DZA,1945,0.0,,,,,,
Algeria,DZA,1946,0.0,,,,,,
Algeria,DZA,1947,0.0,,,,,,
Algeria,DZA,1948,0.0,,,,,,
Algeria,DZA,1949,0.0,,,,,,
Algeria,DZA,1950,0.0,,,,,,
Algeria,DZA,1951,0.0,,,,,,
Algeria,DZA,1952,0.0,,,,,,
Algeria,DZA,1953,0.0,,,,,,
Algeria,DZA,1954,0.0,,,,,,
Algeria,DZA,1955,0.0,,,,,,
Algeria,DZA,1956,0.0,,,,,,
Algeria,DZA,1957,0.0,,,,,,
Algeria,DZA,1958,0.0,,,,,,
Algeria,DZA,1959,0.0,,,,,,
Angola,AGO,1900,0.0,,,,,,
Angola,AGO,1901,0.0,,,,,,
Angola,AGO,1902,0.0,,,,,,
Angola,AGO,1903,0.0,,,,,,
Angola,AGO,1904,0.0,,,,,,
Angola,AGO,1905,0.0,,,,,,
Angola,AGO,1906,0.0,,,,,,
Angola,AGO,1907,0.0,,,,,,
Angola,AGO,1908,0.0,,,,,,
Angola,AGO,1909,0.0,,,,,,
Angola,AGO,1910,0.0,,,,,,
Angola,AGO,1911,0.0,,,,,,
Angola,AGO,1912,0.0,,,,,,
Angola,AGO,1913,0.0,,,,,,
Angola,AGO,1914,0.0,,,,,,
Angola,AGO,1915,0.0,,,,,,
Angola,AGO,1916,0.0,,,,,,
Angola,AGO,1917,0.0,,,,,,
Angola,AGO,1918,0.0,,,,,,
Angola,AGO,1919,0.0,,,,,,
Angola,AGO,1920,0.0,,,,,,
Angola,AGO,1921,0.0,,,,,,
Angola,AGO,1922,0.0,,,,,,
Angola,AGO,1923,0.0,,,,,,
Angola,AGO,1924,0.0,,,,,,
Angola,AGO,1925,0.0,,,,,,
Angola,AGO,1926,0.0,,,,,,
Angola,AGO,1927,0.0,,,,,,
Angola,AGO,1928,0.0,,,,,,
Angola,AGO,1929,0.0,,,,,,
Angola,AGO,1930,0.0,,,,,,
Angola,AGO,1931,0.0,,,,,,
Angola,AGO,1932,0.0,,,,,,
Angola,AGO,1933,0.0,,,,,,
Angola,AGO,1934,0.0,,,,,,
Angola,AGO,1935,0.0,,,,,,
Angola,AGO,1936,0.0,,,,,,
Angola,AGO,1937,0.0,,,,,,
Angola,AGO,1938,0.0,,,,,,
Angola,AGO,1939,0.0,,,,,,
Angola,AGO,1940,0.0,,,,,,
Angola,AGO,1941,0.0,,,,,,
Angola,AGO,1942,0.0,,,,,,
Angola,AGO,1943,0.0,,,,,,
Angola,AGO,1944,0.0,,,,,,
Angola,AGO,1945,0.0,,,,,,
Angola,AGO,1946,0.0,,,,,,
Angola,AGO,1947,0.0,,,,,,
Angola,AGO,1948,0.0,,,,,,
Angola,AGO,1949,0.0,,,,,,
Angola,AGO,1950,0.0,,,,,,
Angola,AGO,1951,0.0,,,,,,
Angola,AGO,1952,0.0,,,,,,
Angola,AGO,1953,0.0,,,,,,
Angola,AGO,1954,0.0,,,,,,
Angola,AGO,1955,0.0,,,,,,
Angola,AGO,1956,0.0,,,,,,
Angola,AGO,1957,0.0,,,,,,
Angola,AGO,1958,0.0,,,,,,
Angola,AGO,1959,0.0,,,,,,
Antarctica,ATA,1980,,,,,,,
Antarctica,ATA,1981,,,,,,,
Antarctica,ATA,1982,,,,,,,
Antarctica,ATA,1983,,,,,,,
Antarctica,ATA,1984,,,,,,,
Antarctica,ATA,1985,,,,,,,
Antarctica,ATA,1986,,,,,,,
Antarctica,ATA,1987,,,,,,,
Antarctica,ATA,1988,,,,,,,
Antarctica,ATA,1989,,,,,,,
Antarctica,ATA,1990,,,,,,,
Antarctica,ATA,1991,,,,,,,
Antarctica,ATA,1992,,,,,,,
Antarctica,ATA,1993,,,,,,,
Antarctica,ATA,1994,,,,,,,
Antarctica,ATA,1995,,,,,,,
Antarctica,ATA,1996,,,,,,,
Antarctica,ATA,1997,,,,,,,
Antarctica,ATA,1998,,,,,,,
Antarctica,ATA,1999,,,,,,,
Antarctica,ATA,2000,,,,,,,
Antarctica,ATA,2001,,,,,,,
Antarctica,ATA,2002,,,,,,,
Antarctica,ATA,2003,,,,,,,
Antarctica,ATA,2004,,,,,,,
Antarctica,ATA,2005,,,,,,,
Antarctica,ATA,2006,,,,,,,
Antarctica,ATA,2007,,,,,,,
Antarctica,ATA,2008,,,,,,,
Antarctica,ATA,2009,,,,,,,
Antarctica,ATA,2010,,,,,,,
Antarctica,ATA,2011,,,,,,,
Antarctica,ATA,2012,,,,,,,
Antarctica,ATA,2013,,,,,,,
Antarctica,ATA,2014,,,,,,,
Antarctica,ATA,2015,,,,,,,
Antarctica,ATA,2016,,,,,,,
Antarctica,ATA,2017,,,,,,,
Antarctica,ATA,2018,,,,,,,
Antarctica,ATA,2019,,,,,,,
Antarctica,ATA,2020,,,,,,,
Antarctica,ATA,2021,,,,,,,
Antarctica,ATA,2022,,,,,,,
Antarctica,ATA,2023,,,,,,,
Argentina,ARG,1900,,,,,,,
Argentina,ARG,1901,,,,,,,
Argentina,ARG,1902,,,,,,,
Argentina,ARG,1903,,,,,,,
Argentina,ARG,1904,,,,,,,
Argentina,ARG,1905,,,,,,,
Argentina,ARG,1906,,,,,,,
Argentina,ARG,1907,,,,,,,
Argentina,ARG,1908,,,,,,,
Argentina,ARG,1909,,,,,,,
Argentina,ARG,1910,,,,,,,
Argentina,ARG,1911,,,,,,,
Argentina,ARG,1912,,,,,,,
Argentina,ARG,1913,,,,,,,
Argentina,ARG,1914,,,,,,,
Argentina,ARG,1915,,,,,,,
Argentina,ARG,1916,,,,,,,
Argentina,ARG,1917,,,,,,,
Argentina,ARG,1918,,,,,,,
Argentina,ARG,1919,,,,,,,
Argentina,ARG,1920,,,,,,,
Argentina,ARG,1921,,,,,,,
Argentina,ARG,1922,,,,,,,
Argentina,ARG,1923,,,,,,,
Argentina,ARG,1924,,,,,,,
Argentina,ARG,1925,,,,,,,
Argentina,ARG,1926,,,,,,,
Argentina,ARG,1927,,,,,,,
Argentina,ARG,1928,,,,,,,
Argentina,ARG,1929,,,,,,,
Argentina,ARG,1930,,,,,,,
Argentina,ARG,1931,,,,,,,
Argentina,ARG,1932,,,,,,,
Argentina,ARG,1933,,,,,,,
Argentina,ARG,1934,,,,,,,
Argentina,ARG,1935,,,,,,,
Argentina,ARG,1936,,,,,,,
Argentina,ARG,1937,,,,,,,
Argentina,ARG,1938,,,,,,,
Argentina,ARG,1939,,,,,,,
Argentina,ARG,1940,,,,,,,
Argentina,ARG,1941,,,,,,,
Argentina,ARG,1942,,,,,,,
Argentina,ARG,1943,,,,,,,
Argentina,ARG,1944,,,,,,,
Argentina,ARG,1945,,,,,,,
Argentina,ARG,1946,,,,,,,
Argentina,ARG,1947,,,,,,,
Argentina,ARG,1948,,,,,,,
Argentina,ARG,1949,,,,,,,
Argentina,ARG,1950,,,,,,,
Argentina,ARG,1951,,,,,,,
Argentina,ARG,1952,,,,,,,
Argentina,ARG,1953,,,,,,,
Argentina,ARG,1954,,,,,,,
Argentina,ARG,1955,,,,,,,
Argentina,ARG,1956,,,,,,,
Argentina,ARG,1957,,,,,,,
Argentina,ARG,1958,,,,,,,
Argentina,ARG,1959,,,,,,,
Australia,AUS,1900,0.0,,,,,,
Australia,AUS,1901,0.0,,,,,,
Australia,AUS,1902,0.0,,,,,,
Australia,AUS,1903,0.0,,,,,,
Australia,AUS,1904,0.0,,,,,,
Australia,AUS,1905,0.0,,,,,,
Australia,AUS,1906,0.0,,,,,,
Australia,AUS,1907,0.0,,,,,,
Australia,AUS,1908,0.0,,,,,,
Australia,AUS,1909,0.0,,,,,,
Australia,AUS,1910,0.0,,,,,,
Australia,AUS,1911,0.0,,,,,,
Australia,AUS,1912,0.0,,,,,,
Australia,AUS,1913,0.0,,,,,,
Australia,AUS,1914,0.0,,,,,,
Australia,AUS,1915,0.0,,,,,,
Australia,AUS,1916,0.0,,,,,,
Australia,AUS,1917,0.0,,,,,,
Australia,AUS,1918,0.0,,,,,,
Australia,AUS,1919,0.0,,,,,,
Australia,AUS,1920,0.0,,,,,,
Australia,AUS,1921,0.0,,,,,,
Australia,AUS,1922,0.0,,,,,,
Australia,AUS,1923,0.0,,,,,,
Australia,AUS,1924,0.0,,,,,,
Australia,AUS,1925,0.0,,,,,,
Australia,AUS,1926,0.0,,,,,,
Australia,AUS,1927,0.0,,,,,,
Australia,AUS,1928,0.0,,,,,,
Australia,AUS,1929,0.0,,,,,,
Australia,AUS,1930,0.0,,,,,,
Australia,AUS,1931,0.0,,,,,,
Australia,AUS,1932,0.0,,,,,,
Australia,AUS,1933,0.0,,,,,,
Australia,AUS,1934,0.0,,,,,,
Australia,AUS,1935,0.0,,,,,,
Australia,AUS,1936,0.0,,,,,,
Australia,AUS,1937,0.0,,,,,,
Australia,AUS,1938,0.0,,,,,,
Australia,AUS,1939,0.0,,,,,,
Australia,AUS,1940,0.0,,,,,,
Australia,AUS,1941,0.0,,,,,,
Australia,AUS,1942,0.0,,,,,,
Australia,AUS,1943,0.0,,,,,,
Australia,AUS,1944,0.0,,,,,,
Australia,AUS,1945,0.0,,,,,,
Australia,AUS,1946,0.0,,,,,,
Australia,AUS,1947,0.0,,,,,,
Australia,AUS,1948,0.0,,,,,,
Australia,AUS,1949,0.0,,,,,,
Australia,AUS,1950,0.0,,,,,,
Australia,AUS,1951,0.0,,,,,,
Australia,AUS,1952,0.0,,,,,,
Australia,AUS,1953,0.0,,,,,,
Australia,AUS,1954,0.0,,,,,,
Australia,AUS,1955,0.0,,,,,,
Australia,AUS,1956,0.0,,,,,,
Australia,AUS,1957,0.0,,,,,,
Australia,AUS,1958,0.0,,,,,,
Australia,AUS,1959,0.0,,,,,,
Austria,AUT,1900,,,,,,,
Austria,AUT,1901,,,,,,,
Austria,AUT,1902,,,,,,,
Austria,AUT,1903,,,,,,,
Austria,AUT,1904,,,,,,,
Austria,AUT,1905,,,,,,,
Austria,AUT,1906,,,,,,,
Austria,AUT,1907,,,,,,,
Austria,AUT,1908,,,,,,,
Austria,AUT,1909,,,,,,,
Austria,AUT,1910,,,,,,,
Austria,AUT,1911,,,,,,,
Austria,AUT,1912,,,,,,,
Austria,AUT,1913,,,,,,,
Austria,AUT,1914,,,,,,,
Austria,AUT,1915,,,,,,,
Austria,AUT,1916,,,,,,,
Austria,AUT,1917,,,,,,,
Austria,AUT,1918,,,,,,,
Austria,AUT,1919,,,,,,,
Austria,AUT,1920,,,,,,,
Austria,AUT,1921,,,,,,,
Austria,AUT,1922,,,,,,,
Austria,AUT,1923,,,,,,,
Austria,AUT,1924,,,,,,,
Austria,AUT,1925,,,,,,,
Austria,AUT,1926,,,,,,,
Austria,AUT,1927,,,,,,,
Austria,AUT,1928,,,,,,,
Austria,AUT,1929,,,,,,,
Austria,AUT,1930,,,,,,,
Austria,AUT,1931,,,,,,,
Austria,AUT,1932,,,,,,,
Austria,AUT,1933,,,,,,,
Austria,AUT,1934,,,,,,,
Austria,AUT,1935,,,,,,,
Austria,AUT,1936,,,,,,,
Austria,AUT,1937,,,,,,,
Austria,AUT,1938,,,,,,,
Austria,AUT,1939,,,,,,,
Austria,AUT,1940,,,,,,,
Austria,AUT,1941,,,,,,,
Austria,AUT,1942,,,,,,,
Austria,AUT,1943,,,,,,,
Austria,AUT,1944,,,,,,,
Austria,AUT,1945,,,,,,,
Austria,AUT,1946,,,,,,,
Austria,AUT,1947,,,,,,,
Austria,AUT,1948,,,,,,,
Austria,AUT,1949,,,,,,,
Austria,AUT,1950,,,,,,,
Austria,AUT,1951,,,,,,,
Austria,AUT,1952,,,,,,,
Austria,AUT,1953,,,,,,,
Austria,AUT,1954,,,,,,,
Austria,AUT,1955,,,,,,,
Austria,AUT,1956,,,,,,,
Austria,AUT,1957,,,,,,,
Austria,AUT,1958,,,,,,,
Austria,AUT,1959,,,,,,,
Bahrain,BHR,1900,0.0,,,,,,
Bahrain,BHR,1901,0.0,,,,,,
Bahrain,BHR,1902,0.0,,,,,,
Bahrain,BHR,1903,0.0,,,,,,
Bahrain,BHR,1904,0.0,,,,,,
Bahrain,BHR,1905,0.0,,,,,,
Bahrain,BHR,1906,0.0,,,,,,
Bahrain,BHR,1907,0.0,,,,,,
Bahrain,BHR,1908,0.0,,,,,,
Bahrain,BHR,1909,0.0,,,,,,
Bahrain,BHR,1910,0.0,,,,,,
Bahrain,BHR,1911,0.0,,,,,,
Bahrain,BHR,1912,0.0,,,,,,
Bahrain,BHR,1913,0.0,,,,,,
Bahrain,BHR,1914,0.0,,,,,,
Bahrain,BHR,1915,0.0,,,,,,
Bahrain,BHR,1916,0.0,,,,,,
Bahrain,BHR,1917,0.0,,,,,,
Bahrain,BHR,1918,0.0,,,,,,
Bahrain,BHR,1919,0.0,,,,,,
Bahrain,BHR,1920,0.0,,,,,,
Bahrain,BHR,1921,0.0,,,,,,
Bahrain,BHR,1922,0.0,,,,,,
Bahrain,BHR,1923,0.0,,,,,,
Bahrain,BHR,1924,0.0,,,,,,
Bahrain,BHR,1925,0.0,,,,,,
Bahrain,BHR,1926,0.0,,,,,,
Bahrain,BHR,1927,0.0,,,,,,
Bahrain,BHR,1928,0.0,,,,,,
Bahrain,BHR,1929,0.0,,,,,,
Bahrain,BHR,1930,0.0,,,,,,
Bahrain,BHR,1931,0.0,,,,,,
Bahrain,BHR,1932,0.0,,,,,,
Bahrain,BHR,1933,0.0,,,,,,
Bahrain,BHR,1934,0.0,,,,,,
Bahrain,BHR,1935,0.0,,,,,,
Bahrain,BHR,1936,0.0,,,,,,
Bahrain,BHR,1937,0.0,,,,,,
Bahrain,BHR,1938,0.0,,,,,,
Bahrain,BHR,1939,0.0,,,,,,
Bahrain,BHR,1940,0.0,,,,,,
Bahrain,BHR,1941,0.0,,,,,,
Bahrain,BHR,1942,0.0,,,,,,
Bahrain,BHR,1943,0.0,,,,,,
Bahrain,BHR,1944,0.0,,,,,,
Bahrain,BHR,1945,0.0,,,,,,
Bahrain,BHR,1946,0.0,,,,,,
Bahrain,BHR,1947,0.0,,,,,,
Bahrain,BHR,1948,0.0,,,,,,
Bahrain,BHR,1949,0.0,,,,,,
Bahrain,BHR,1950,0.0,,,,,,
Bahrain,BHR,1951,0.0,,,,,,
Bahrain,BHR,1952,0.0,,,,,,
Bahrain,BHR,1953,0.0,,,,,,
Bahrain,BHR,1954,0.0,,,,,,
Bahrain,BHR,1955,0.0,,,,,,
Bahrain,BHR,1956,0.0,,,,,,
Bahrain,BHR,1957,0.0,,,,,,
Bahrain,BHR,1958,0.0,,,,,,
Bahrain,BHR,1959,0.0,,,,,,
Bangladesh,BGD,1900,0.0,,,,,,
Bangladesh,BGD,1901,0.0,,,,,,
Bangladesh,BGD,1902,0.0,,,,,,
Bangladesh,BGD,1903,0.0,,,,,,
Bangladesh,BGD,1904,0.0,,,,,,
Bangladesh,BGD,1905,0.0,,,,,,
Bangladesh,BGD,1906,0.0,,,,,,
Bangladesh,BGD,1907,0.0,,,,,,
Bangladesh,BGD,1908,0.0,,,,,,
Bangladesh,BGD,1909,0.0,,,,,,
Bangladesh,BGD,1910,0.0,,,,,,
Bangladesh,BGD,1911,0.0,,,,,,
Bangladesh,BGD,1912,0.0,,,,,,
Bangladesh,BGD,1913,0.0,,,,,,
Bangladesh,BGD,1914,0.0,,,,,,
Bangladesh,BGD,1915,0.0,,,,,,
Bangladesh,BGD,1916,0.0,,,,,,
Bangladesh,BGD,1917,0.0,,,,,,
Bangladesh,BGD,1918,0.0,,,,,,
Bangladesh,BGD,1919,0.0,,,,,,
Bangladesh,BGD,1920,0.0,,,,,,
Bangladesh,BGD,1921,0.0,,,,,,
Bangladesh,BGD,1922,0.0,,,,,,
Bangladesh,BGD,1923,0.0,,,,,,
Bangladesh,BGD,1924,0.0,,,,,,
Bangladesh,BGD,1925,0.0,,,,,,
Bangladesh,BGD,1926,0.0,,,,,,
Bangladesh,BGD,1927,0.0,,,,,,
Bangladesh,BGD,1928,0.0,,,,,,
Bangladesh,BGD,1929,0.0,,,,,,
Bangladesh,BGD,1930,0.0,,,,,,
Bangladesh,BGD,1931,0.0,,,,,,
Bangladesh,BGD,1932,0.0,,,,,,
Bangladesh,BGD,1933,0.0,,,,,,
Bangladesh,BGD,1934,0.0,,,,,,
Bangladesh,BGD,1935,0.0,,,,,,
Bangladesh,BGD,1936,0.0,,,,,,
Bangladesh,BGD,1937,0.0,,,,,,
Bangladesh,BGD,1938,0.0,,,,,,
Bangladesh,BGD,1939,0.0,,,,,,
Bangladesh,BGD,1940,0.0,,,,,,
Bangladesh,BGD,1941,0.0,,,,,,
Bangladesh,BGD,1942,0.0,,,,,,
Bangladesh,BGD,1943,0.0,,,,,,
Bangladesh,BGD,1944,0.0,,,,,,
Bangladesh,BGD,1945,0.0,,,,,,
Bangladesh,BGD,1946,0.0,,,,,,
Bangladesh,BGD,1947,0.0,,,,,,
Bangladesh,BGD,1948,0.0,,,,,,
Bangladesh,BGD,1949,0.0,,,,,,
Bangladesh,BGD,1950,0.0,,,,,,
Bangladesh,BGD,1951,0.0,,,,,,
Bangladesh,BGD,1952,0.0,,,,,,
Bangladesh,BGD,1953,0.0,,,,,,
Bangladesh,BGD,1954,0.0,,,,,,
Bangladesh,BGD,1955,0.0,,,,,,
Bangladesh,BGD,1956,0.0,,,,,,
Bangladesh,BGD,1957,0.0,,,,,,
Bangladesh,BGD,1958,0.0,,,,,,
Bangladesh,BGD,1959,0.0,,,,,,
Barbados,BRB,1900,0.0,,,,,,
Barbados,BRB,1901,0.0,,,,,,
Barbados,BRB,1902,0.0,,,,,,
Barbados,BRB,1903,0.0,,,,,,
Barbados,BRB,1904,0.0,,,,,,
Barbados,BRB,1905,0.0,,,,,,
Barbados,BRB,1906,0.0,,,,,,
Barbados,BRB,1907,0.0,,,,,,
Barbados,BRB,1908,0.0,,,,,,
Barbados,BRB,1909,0.0,,,,,,
Barbados,BRB,1910,0.0,,,,,,
Barbados,BRB,1911,0.0,,,,,,
Barbados,BRB,1912,0.0,,,,,,
Barbados,BRB,1913,0.0,,,,,,
Barbados,BRB,1914,0.0,,,,,,
Barbados,BRB,1915,0.0,,,,,,
Barbados,BRB,1916,0.0,,,,,,
Barbados,BRB,1917,0.0,,,,,,
Barbados,BRB,1918,0.0,,,,,,
Barbados,BRB,1919,0.0,,,,,,
Barbados,BRB,1920,0.0,,,,,,
Barbados,BRB,1921,0.0,,,,,,
Barbados,BRB,1922,0.0,,,,,,
Barbados,BRB,1923,0.0,,,,,,
Barbados,BRB,1924,0.0,,,,,,
Barbados,BRB,1925,0.0,,,,,,
Barbados,BRB,1926,0.0,,,,,,
Barbados,BRB,1927,0.0,,,,,,
Barbados,BRB,1928,0.0,,,,,,
Barbados,BRB,1929,0.0,,,,,,
Barbados,BRB,1930,0.0,,,,,,
Barbados,BRB,1931,0.0,,,,,,
Barbados,BRB,1932,0.0,,,,,,
Barbados,BRB,1933,0.0,,,,,,
Barbados,BRB,1934,0.0,,,,,,
Barbados,BRB,1935,0.0,,,,,,
Barbados,BRB,1936,0.0,,,,,,
Barbados,BRB,1937,0.0,,,,,,
Barbados,BRB,1938,0.0,,,,,,
Barbados,BRB,1939,0.0,,,,,,
Barbados,BRB,1940,0.0,,,,,,
Barbados,BRB,1941,0.0,,,,,,
Barbados,BRB,1942,0.0,,,,,,
Barbados,BRB,1943,0.0,,,,,,
Barbados,BRB,1944,0.0,,,,,,
Barbados,BRB,1945,0.0,,,,,,
Barbados,BRB,1946,0.0,,,,,,
Barbados,BRB,1947,0.0,,,,,,
Barbados,BRB,1948,0.0,,,,,,
Barbados,BRB,1949,0.0,,,,,,
Barbados,BRB,1950,0.0,,,,,,
Barbados,BRB,1951,0.0,,,,,,
Barbados,BRB,1952,0.0,,,,,,
Barbados,BRB,1953,0.0,,,,,,
Barbados,BRB,1954,0.0,,,,,,
Barbados,BRB,1955,0.0,,,,,,
Barbados,BRB,1956,0.0,,,,,,
Barbados,BRB,1957,0.0,,,,,,
Barbados,BRB,1958,0.0,,,,,,
Barbados,BRB,1959,0.0,,,,,,
Belgium,BEL,1900,,,,,,,
Belgium,BEL,1901,,,,,,,
Belgium,BEL,1902,,,,,,,
Belgium,BEL,1903,,,,,,,
Belgium,BEL,1904,,,,,,,
Belgium,BEL,1905,,,,,,,
Belgium,BEL,1906,,,,,,,
Belgium,BEL,1907,,,,,,,
Belgium,BEL,1908,,,,,,,
Belgium,BEL,1909,,,,,,,
Belgium,BEL,1910,,,,,,,
Belgium,BEL,1911,,,,,,,
Belgium,BEL,1912,,,,,,,
Belgium,BEL,1913,,,,,,,
Belgium,BEL,1914,,,,,,,
Belgium,BEL,1915,,,,,,,
Belgium,BEL,1916,,,,,,,
Belgium,BEL,1917,,,,,,,
Belgium,BEL,1918,,,,,,,
Belgium,BEL,1919,,,,,,,
Belgium,BEL,1920,,,,,,,
Belgium,BEL,1921,,,,,,,
Belgium,BEL,1922,,,,,,,
Belgium,BEL,1923,,,,,,,
Belgium,BEL,1924,,,,,,,
Belgium,BEL,1925,,,,,,,
Belgium,BEL,1926,,,,,,,
Belgium,BEL,1927,,,,,,,
Belgium,BEL,1928,,,,,,,
Belgium,BEL,1929,,,,,,,
Belgium,BEL,1930,,,,,,,
Belgium,BEL,1931,,,,,,,
Belgium,BEL,1932,,,,,,,
Belgium,BEL,1933,,,,,,,
Belgium,BEL,1934,,,,,,,
Belgium,BEL,1935,,,,,,,
Belgium,BEL,1936,,,,,,,
Belgium,BEL,1937,,,,,,,
Belgium,BEL,1938,,,,,,,
Belgium,BEL,1939,,,,,,,
Belgium,BEL,1940,,,,,,,
Belgium,BEL,1941,,,,,,,
Belgium,BEL,1942,,,,,,,
Belgium,BEL,1943,,,,,,,
Belgium,BEL,1944,,,,,,,
Belgium,BEL,1945,,,,,,,
Belgium,BEL,1946,,,,,,,
Belgium,BEL,1947,,,,,,,
Belgium,BEL,1948,,,,,,,
Belgium,BEL,1949,,,,,,,
Belgium,BEL,1950,,,,,,,
Belgium,BEL,1951,,,,,,,
Belgium,BEL,1952,,,,,,,
Belgium,BEL,1953,,,,,,,
Belgium,BEL,1954,,,,,,,
Belgium,BEL,1955,,,,,,,
Belgium,BEL,1956,,,,,,,
Belgium,BEL,1957,,,,,,,
Belgium,BEL,1958,,,,,,,
Belgium,BEL,1959,,,,,,,
Bolivia,BOL,1900,0.0,,,,,,
Bolivia,BOL,1901,0.0,,,,,,
Bolivia,BOL,1902,0.0,,,,,,
Bolivia,BOL,1903,0.0,,,,,,
Bolivia,BOL,1904,0.0,,,,,,
Bolivia,BOL,1905,0.0,,,,,,
Bolivia,BOL,1906,0.0,,,,,,
Bolivia,BOL,1907,0.0,,,,,,
Bolivia,BOL,1908,0.0,,,,,,
Bolivia,BOL,1909,0.0,,,,,,
Bolivia,BOL,1910,0.0,,,,,,
Bolivia,BOL,1911,0.0,,,,,,
Bolivia,BOL,1912,0.0,,,,,,
Bolivia,BOL,1913,0.0,,,,,,
Bolivia,BOL,1914,0.0,,,,,,
Bolivia,BOL,1915,0.0,,,,,,
Bolivia,BOL,1916,0.0,,,,,,
Bolivia,BOL,1917,0.0,,,,,,
Bolivia,BOL,1918,0.0,,,,,,
Bolivia,BOL,1919,0.0,,,,,,
Bolivia,BOL,1920,0.0,,,,,,
Bolivia,BOL,1921,0.0,,,,,,
Bolivia,BOL,1922,0.0,,,,,,
Bolivia,BOL,1923,0.0,,,,,,
Bolivia,BOL,1924,0.0,,,,,,
Bolivia,BOL,1925,0.0,,,,,,
Bolivia,BOL,1926,0.0,,,,,,
Bolivia,BOL,1927,0.0,,,,,,
Bolivia,BOL,1928,0.0,,,,,,
Bolivia,BOL,1929,0.0,,,,,,
Bolivia,BOL,1930,0.0,,,,,,
Bolivia,BOL,1931,0.0,,,,,,
Bolivia,BOL,1932,0.0,,,,,,
Bolivia,BOL,1933,0.0,,,,,,
Bolivia,BOL,1934,0.0,,,,,,
Bolivia,BOL,1935,0.0,,,,,,
Bolivia,BOL,1936,0.0,,,,,,
Bolivia,BOL,1937,0.0,,,,,,
Bolivia,BOL,1938,0.0,,,,,,
Bolivia,BOL,1939,0.0,,,,,,
Bolivia,BOL,1940,0.0,,,,,,
Bolivia,BOL,1941,0.0,,,,,,
Bolivia,BOL,1942,0.0,,,,,,
Bolivia,BOL,1943,0.0,,,,,,
Bolivia,BOL,1944,0.0,,,,,,
Bolivia,BOL,1945,0.0,,,,,,
Bolivia,BOL,1946,0.0,,,,,,
Bolivia,BOL,1947,0.0,,,,,,
Bolivia,BOL,1948,0.0,,,,,,
Bolivia,BOL,1949,0.0,,,,,,
Bolivia,BOL,1950,0.0,,,,,,
Bolivia,BOL,1951,0.0,,,,,,
Bolivia,BOL,1952,0.0,,,,,,
Bolivia,BOL,1953,0.0,,,,,,
Bolivia,BOL,1954,0.0,,,,,,
Bolivia,BOL,1955,0.0,,,,,,
Bolivia,BOL,1956,0.0,,,,,,
Bolivia,BOL,1957,0.0,,,,,,
Bolivia,BOL,1958,0.0,,,,,,
Bolivia,BOL,1959,0.0,,,,,,
Bosnia and Herzegovina,BIH,2020,0.25999999,0.783,64.44041015625,73.21175294,76.04,73.21175294,35.2107606
Bosnia and Herzegovina,BIH,2021,0.379999995,0.783,63.37708984375,75.67620138,74.567,75.67620138,34.3131275
Bosnia and Herzegovina,BIH,2022,0.389999986,0.799,62.5937890625,78.8455371,76.777,78.8455371,34.0893452
Bosnia and Herzegovina,BIH,2023,0.360000014,0.804,62.20845703125,83.3771539,77.85,83.3771539,35.7419633
Botswana,BWA,1996,0.0,0.584,2.710133573306513,0.157,54.284,0.157,67.9252968
Botswana,BWA,1998,0.0,0.588,2.8353872214281934,0.602,52.968,0.602,67.899675
Botswana,BWA,2000,0.0,0.594,2.9597550861962487,2.90266662177209,52.263,2.90266662177209,67.7145682
Botswana,BWA,2002,0.0,0.594,3.0786494450620223,3.38592235064273,52.373,3.38592235064273,63.7179298
Botswana,BWA,2003,0.0,0.602,3.1333015721772273,3.3451901740614,52.851,3.3451901740614,72.94786719999999
Botswana,BWA,2004,0.0,0.608,3.188724789582341,3.30488925316113,53.573,3.30488925316113,66.9708983
Botswana,BWA,2005,0.0,0.616,3.2464789229439064,3.262599945,54.386,3.262599945,71.55096449999999
Botswana,BWA,2006,0.0,0.627,3.3075997388527165,4.28993297515968,55.112,4.28993297515968,66.6706313
Botswana,BWA,2007,0.0,0.64,3.3723307395055846,5.28,56.735,5.28,66.5961283
Botswana,BWA,2008,0.0,0.645,3.440738976232068,6.25,57.661,6.25,68.69374839999999
Botswana,BWA,2009,0.0,0.644,3.512559772731283,6.150000095,58.297,6.150000095,66.7928355
Botswana,BWA,2010,0.0,0.652,3.5874419917773896,6.0,59.137,6.0,68.3382929
Botswana,BWA,2011,0.0,0.661,3.65877049035696,9.0,59.715,9.0,68.20095409999999
Botswana,BWA,2012,0.0,0.667,3.7206729836077144,16.0,60.384,16.0,68.8205677
Botswana,BWA,2013,0.0,0.676,3.7772519541933547,30.0,61.217,30.0,67.70447779999999
Botswana,BWA,2014,0.0,0.685,3.8325904751821853,36.74474744423,62.167,36.74474744423,64.4845881
Botswana,BWA,2015,0.0,0.69,3.8876943165175657,38.89379883,63.215,38.89379883,63.961775599999996
Botswana,BWA,2016,0.0,0.696,3.9432816332292275,41.16859818,64.32,41.16859818,65.2207707
Botswana,BWA,2017,0.0,0.704,3.999694739999647,43.57640076,65.42,43.57640076,63.624618399999996
Botswana,BWA,2018,0.0,0.71,4.05685423393856,46.12509918,66.371,46.12509918,65.0852111
Botswana,BWA,2019,0.0,0.718,4.114980678630036,48.82279968,67.167,48.82279968,64.499753
Botswana,BWA,2020,0.0,0.718,4.174640481357966,51.67819977,67.643,51.67819977,62.465954499999995
Botswana,BWA,2021,0.0,0.7,4.23736347114146,54.70069885,63.303,54.70069885,62.06231
Botswana,BWA,2022,0.0,0.729,4.30521059411007,57.9,68.749,57.9,61.025228899999995
Botswana,BWA,2023,0.0,0.731,4.376412048065216,,69.163,,60.1351054
Brazil,BRA,1996,0.002,0.671,19.645824190549572,0.451,68.108,0.451,50.2719582
Brazil,BRA,1998,0.005,0.68,20.23891140851912,1.48,68.848,1.48,51.2506323
Brazil,BRA,2000,0.0,0.69,20.820216220355245,2.87068515854108,69.584,2.87068515854108,50.093607999999996
Brazil,BRA,2002,0.059999999,0.7,21.35684302966928,9.14942508560748,70.396,9.14942508560748,49.8338706
Brazil,BRA,2003,0.059999999,0.705,21.610392742882986,13.2075861035303,70.884,13.2075861035303,48.9438342
Brazil,BRA,2004,0.059999999,0.712,21.85595634913988,19.073672274442,71.361,19.073672274442,45.746280999999996
Brazil,BRA,2005,0.090000004,0.718,22.096794382482226,21.022747248827,71.832,21.022747248827,42.8518974
Brazil,BRA,2006,0.239999995,0.725,22.331895134563432,28.17840004,72.296,28.17840004,43.5378628
Brazil,BRA,2007,0.660000026,0.732,22.559124398490574,30.87999916,72.73,30.87999916,42.0305749
Brazil,BRA,2008,1.179999948,0.739,22.776275822132675,33.83,73.111,33.83,45.9939726
Brazil,BRA,2009,1.24000001,0.742,22.98118373226579,39.22,73.457,39.22,47.041063099999995
Brazil,BRA,2010,2.180000067,0.748,23.175243415401034,40.65,73.779,40.65,47.5492491
Brazil,BRA,2011,2.700000048,0.753,23.36461629022725,45.69,74.047,45.69,52.100515699999995
Brazil,BRA,2012,5.050000191,0.758,23.55501475208599,48.56,74.335,48.56,47.6243331
Brazil,BRA,2013,6.579999924,0.762,23.746706683544424,51.04,74.609,51.04,46.6228548
Brazil,BRA,2014,12.21000004,0.765,23.93895376243997,54.5510018796392,74.823,54.5510018796392,43.0944497
Brazil,BRA,2015,21.62999916,0.764,24.129235930482142,58.3279517340924,75.106,58.3279517340924,40.744617999999996
Brazil,BRA,2016,33.49000168,0.765,24.31379637096292,60.8725400681261,75.081,60.8725400681261,40.4298743
Brazil,BRA,2017,42.36999893,0.77,24.49150708171914,67.4712845236305,75.383,67.4712845236305,38.3540827
Brazil,BRA,2018,48.47999954,0.774,24.659465024515022,70.4342825404361,75.633,70.4342825404361,39.603811199999996
Brazil,BRA,2019,55.99000168,0.776,24.82076861598394,73.9124399133589,75.809,73.9124399133589,40.3095121
Brazil,BRA,2020,57.04999924,0.77,24.964985271842778,81.34269353,74.506,81.34269353,41.0287424
Brazil,BRA,2021,72.29000092,0.768,25.071402728358223,80.68989314,73.038,80.68989314,39.6653253
Brazil,BRA,2022,81.62999725,0.78,25.16186795148203,80.52775094,74.872,80.52775094,38.6190444
Brazil,BRA,2023,95.80000305,0.786,25.261688485715723,84.15060238,75.848,84.15060238,38.715651199999996
Brunei,BRN,1996,0.0,0.784,56.598861480075904,3.3,73.079,3.3,62.895921099999995
Brunei,BRN,1998,0.0,0.785,59.276091081593925,6.28,73.584,6.28,55.5328241
Brunei,BRN,2000,0.0,0.792,61.940037950664134,8.99628453448726,74.017,8.99628453448726,55.363194
Brunei,BRN,2002,0.0,0.798,64.53491461100569,15.329879855735,74.365,15.329879855735,51.5905707
Brunei,BRN,2003,0.0,0.804,65.77552182163188,19.5950032207342,74.509,19.5950032207342,51.549605899999996
Brunei,BRN,2004,0.0,0.81,66.96603415559773,29.7156041447864,74.603,29.7156041447864,52.0712707
Brunei,BRN,2005,0.0,0.814,68.10550284629981,36.4663919475782,74.683,36.4663919475782,51.4773152
Brunei,BRN,2006,0.0,0.819,69.19601518026566,42.1863491609307,74.753,42.1863491609307,51.583579199999996
Brunei,BRN,2007,0.0,0.822,70.37438330170778,44.68,74.793,44.68,51.507461
Brunei,BRN,2008,0.0,0.824,71.68747628083491,46.0,74.814,46.0,53.507027
Brunei,BRN,2009,0.0,0.828,73.04592030360531,49.0,74.814,49.0,66.6113277
Brunei,BRN,2010,0.0,0.83,74.44629981024669,53.0,74.82,53.0,66.64883929999999
Brunei,BRN,2011,0.0,0.834,75.7853889943074,56.0,74.835,56.0,66.9895347
Brunei,BRN,2012,0.0,0.841,76.95578747628083,60.27310181,74.843,60.27310181,67.4308345
Brunei,BRN,2013,0.0,0.842,78.026944971537,64.5,74.854,64.5,68.02192579999999
Brunei,BRN,2014,0.0,0.841,79.0796963946869,68.76999664,74.862,68.76999664,72.2192144
Brunei,BRN,2015,0.0,0.839,80.11612903225806,71.19999695,74.88,71.19999695,72.24233629999999
Brunei,BRN,2016,0.0,0.838,81.13168880455407,90.0,74.905,90.0,69.8278654
Brunei,BRN,2017,0.0,0.837,82.11992409867173,94.86669922,74.943,94.86669922,72.4826904
Brunei,BRN,2018,0.0,0.837,83.07590132827325,95.0,74.992,95.0,72.467989
Brunei,BRN,2019,0.0,0.835,84.0,95.0,75.049,95.0,71.80394919999999
Brunei,BRN,2020,0.0,0.836,84.89639468690702,96.30549622,75.114,96.30549622,71.81179689999999
Brunei,BRN,2021,0.0,0.835,85.71555977229602,97.62879944,74.869,97.62879944,71.79651249999999
Brunei,BRN,2022,0.0,0.825,86.40796963946869,98.97042579,72.917,98.97042579,71.79126389999999
Brunei,BRN,2023,0.0,0.837,87.08709677419355,98.97039795,75.327,98.97039795,71.7732347
Bulgaria,BGR,1996,0.0,0.718,75.59275061014192,0.725,70.89731707317073,0.725,43.9734707
Bulgaria,BGR,1998,0.0,0.723,74.63424026032722,1.84,71.06097560975611,1.84,48.7417447
Bulgaria,BGR,2000,0.0,0.733,73.85132423393293,5.37092346908696,71.66341463414635,5.37092346908696,44.8362094
Bulgaria,BGR,2002,0.0,0.753,72.03272977941177,9.08,71.86585365853658,9.08,47.8386423
Bulgaria,BGR,2003,0.0,0.762,71.4841132665257,12.04,72.0658536585366,12.04,46.7179435
Bulgaria,BGR,2004,0.0,0.769,70.95310776020595,18.13,72.56341463414634,18.13,50.570826499999995
Bulgaria,BGR,2005,0.0,0.775,70.49863770250369,19.97,72.5609756097561,19.97,48.3313759
Bulgaria,BGR,2006,0.02,0.779,69.97166528583264,27.09,72.61219512195122,27.09,50.018099
Bulgaria,BGR,2007,0.050000001,0.785,69.47185342049535,33.64,72.66341463414635,33.64,46.610863699999996
Bulgaria,BGR,2008,0.119999997,0.791,68.98592210662002,39.67,72.96341463414635,39.67,45.594321699999995
Bulgaria,BGR,2009,0.239999995,0.793,68.57445652173914,45.0,73.41219512195123,45.0,42.8218873
Bulgaria,BGR,2010,0.680000007,0.799,68.1245302137067,46.23,73.51219512195122,46.23,41.364857099999995
Bulgaria,BGR,2011,0.860000014,0.803,67.68909358879883,47.9799930506026,74.16341463414635,47.9799930506026,40.652608099999995
Bulgaria,BGR,2012,1.220000029,0.807,67.2981577008106,51.8999876658503,74.31463414634149,51.8999876658503,40.6232903
Bulgaria,BGR,2013,1.370000005,0.815,65.95435703758291,53.0615,74.8609756097561,53.0615,40.809481999999996
Bulgaria,BGR,2014,1.330000043,0.819,65.15817980840089,55.4903766299262,74.46585365853659,55.4903766299262,39.9521316
Bulgaria,BGR,2015,1.450000048,0.824,64.33516028002947,56.6562516053086,74.61463414634147,56.6562516053086,38.9746983
Bulgaria,BGR,2016,1.419999957,0.827,63.50533345615328,59.825547661014,74.81219512195123,59.825547661014,40.8835863
Bulgaria,BGR,2017,1.5,0.829,62.67011790714812,63.4101013837926,74.81463414634148,63.4101013837926,41.6127977
Bulgaria,BGR,2018,1.320000052,0.832,61.81648857774503,64.78201069118,74.96341463414636,64.78201069118,44.0211942
Bulgaria,BGR,2019,1.320000052,0.835,60.94994473102432,67.9469809417603,75.11219512195122,67.9469809417603,45.3187211
Bulgaria,BGR,2020,1.480000019,0.826,60.341709653647754,70.16248359,73.35609756097561,70.16248359,42.6240972
Bulgaria,BGR,2021,1.429999948,0.817,59.941976787030214,75.27144583,71.21219512195123,75.27144583,43.2790039
Bulgaria,BGR,2022,1.5,0.835,59.553214812085486,79.12686326,74.16097560975611,79.12686326,45.083050899999996
Bulgaria,BGR,2023,1.580000043,0.845,59.38279292557111,80.38956462,75.75609756097562,80.38956462,44.815976
Burkina Faso,BFA,1996,0.0,,38.947156432748535,0.0009609999999999999,49.693,0.0009609999999999999,52.351662499999996
Burkina Faso,BFA,1998,0.0,,41.084298245614036,0.045399999999999996,50.163,0.045399999999999996,47.059011299999995
Burkina Faso,BFA,2000,0.0,,43.58752192982456,0.0770801689426014,50.808,0.0770801689426014,47.4526849
Burkina Faso,BFA,2002,0.0,,46.34830774853801,0.200992597925001,51.447,0.200992597925001,47.366366899999996
Burkina Faso,BFA,2003,0.0,,47.81627192982456,0.373440303233526,51.959,0.373440303233526,47.1127445
Burkina Faso,BFA,2004,0.0,,49.3440533625731,0.400295285492178,52.6,0.400295285492178,41.944516
Burkina Faso,BFA,2005,0.0,0.333,50.92150219298246,0.469900012,53.271,0.469900012,41.7538124
Burkina Faso,BFA,2006,0.0,0.34,52.53547880116959,0.632700026,53.784,0.632700026,41.1800013
Burkina Faso,BFA,2007,0.0,0.344,54.15316885964912,0.75,54.377,0.75,40.5028329
Burkina Faso,BFA,2008,0.0,0.357,55.767883771929824,0.920000017,55.199,0.920000017,40.9896357
Burkina Faso,BFA,2009,0.0,0.366,57.41983187134503,1.129999995,55.791,1.129999995,39.9852002
Burkina Faso,BFA,2010,0.0,0.377,59.12462719298246,2.400000095,56.343,2.400000095,40.1281034
Burkina Faso,BFA,2011,0.0,0.389,60.8987865497076,3.0,57.001,3.0,40.8175463
Burkina Faso,BFA,2012,0.0,0.398,62.76420687134503,3.7249999050000002,57.457,3.7249999050000002,40.260143
Burkina Faso,BFA,2013,0.0,0.405,64.67620248538012,5.0,57.903,5.0,38.705520299999996
Burkina Faso,BFA,2014,0.0,0.409,66.62814692982457,6.0,58.331,6.0,38.847124
Burkina Faso,BFA,2015,0.0,0.419,68.63116593567251,6.545700073,58.778,6.545700073,41.198929199999995
Burkina Faso,BFA,2016,0.0,0.427,70.66833333333334,7.140999794,59.173,7.140999794,43.3757038
Burkina Faso,BFA,2017,0.0,0.438,72.71347587719298,7.790400028,59.578,7.790400028,44.7673558
Burkina Faso,BFA,2018,0.0,0.449,74.70134502923976,8.498900414,59.972,8.498900414,44.666050999999996
Burkina Faso,BFA,2019,0.0,0.453,76.6153216374269,9.27180600953186,60.184,9.27180600953186,43.7888072
Burkina Faso,BFA,2020,0.0,0.453,78.50398391812865,12.97319984,60.454,12.97319984,43.769531199999996
Burkina Faso,BFA,2021,0.0,0.454,80.39197002923977,18.1522007,60.046,18.1522007,43.7564207
Burkina Faso,BFA,2022,0.0,0.457,82.26987573099416,25.3987999,60.7,25.3987999,43.1141164
Burkina Faso,BFA,2023,0.0,0.459,84.15853801169591,25.36120033,61.092,25.36120033,42.835495699999996
Burundi,BDI,1996,0.0,0.292,236.39042056074766,0.0008039999999999999,44.807,0.0008039999999999999,30.2683204
Burundi,BDI,1998,0.0,0.303,240.9309968847352,0.015799999999999998,46.678,0.015799999999999998,30.212138
Burundi,BDI,2000,0.0,0.308,251.95459501557633,0.077248447383456,47.617,0.077248447383456,29.443884699999998
Burundi,BDI,2002,0.0,0.324,265.7372274143302,0.118228412267794,49.924,0.118228412267794,33.672442499999995
Burundi,BDI,2003,0.0,0.332,274.2661214953271,0.201273196735924,50.997,0.201273196735924,33.632775099999996
Burundi,BDI,2004,0.0,0.344,284.6828660436137,0.349060461879596,52.217,0.349060461879596,28.459206899999998
Burundi,BDI,2005,0.0,0.352,295.45556853582553,0.542100012,53.053,0.542100012,26.410927599999997
Burundi,BDI,2006,0.0,0.376,306.2907710280374,0.657599986,53.962,0.657599986,26.254421999999998
Burundi,BDI,2007,0.0,0.389,317.829984423676,0.7,54.832,0.7,24.8220076
Burundi,BDI,2008,0.0,0.401,331.2163940809969,0.81,55.581,0.81,24.6121676
Burundi,BDI,2009,0.0,0.409,348.4285825545171,0.899999976,56.422,0.899999976,23.9381326
Burundi,BDI,2010,0.0,0.416,365.12632398753897,1.0,57.088,1.0,22.7374898
Burundi,BDI,2011,0.0,0.42,378.42593457943923,1.110000014,57.804,1.110000014,22.4524081
Burundi,BDI,2012,0.0,0.425,392.1739875389408,1.220000029,58.501,1.220000029,19.5571703
Burundi,BDI,2013,0.0,0.428,406.51639408099686,1.2642181112,59.179,1.2642181112,20.5934356
Burundi,BDI,2014,0.0,0.431,420.5523753894081,1.04239212643994,59.764,1.04239212643994,22.217432199999998
Burundi,BDI,2015,0.0,0.432,430.20171339563865,2.0,60.107,2.0,22.3776682
Burundi,BDI,2016,0.0,0.436,437.67332554517134,2.200000048,60.789,2.200000048,21.732111
Burundi,BDI,2017,0.0,0.434,448.0826323987539,2.6607485347534,61.345,2.6607485347534,21.2849695
Burundi,BDI,2018,0.0,0.434,461.81643302180686,4.019499779,61.806,4.019499779,18.2082157
Burundi,BDI,2019,0.0,0.435,477.23271028037385,6.072199821,62.18,6.072199821,18.086746299999998
Burundi,BDI,2020,0.0,0.435,491.31760124610594,6.430099964,62.569,6.430099964,20.4686101
Burundi,BDI,2021,0.0,0.435,504.8863317757009,6.777999878,62.101,6.777999878,19.7065852
Burundi,BDI,2022,0.0,0.437,518.7343068535826,7.144800186,62.882,7.144800186,21.064739499999998
Burundi,BDI,2023,0.0,0.439,533.0782710280374,7.172299862,63.651,7.172299862,21.7016617
Cambodia,KHM,1996,,0.408,61.19006344890097,,56.832,,29.5512923
Cambodia,KHM,1998,,0.419,68.31052005438477,0.016300000000000002,57.859,0.016300000000000002,29.5208491
Cambodia,KHM,2000,,0.438,70.60013596193066,0.047022640068885,59.491,0.047022640068885,29.431841
Cambodia,KHM,2002,,0.473,72.82597439383639,0.226983237666204,61.395,0.226983237666204,29.3688291
Cambodia,KHM,2003,,0.488,73.93478359392704,0.260570197574002,62.345,0.260570197574002,28.744958699999998
Cambodia,KHM,2004,,0.502,75.03246657602539,0.300436644360101,63.256,0.300436644360101,27.5041971
Cambodia,KHM,2005,,0.514,76.13416043507817,0.317321781089656,64.113,0.317321781089656,24.239251799999998
Cambodia,KHM,2006,,0.525,77.26619079990935,0.468400002,64.886,0.468400002,24.8508376
Cambodia,KHM,2007,,0.534,78.41474053931566,0.49,65.549,0.49,26.5744549
Cambodia,KHM,2008,,0.539,79.61408905506458,0.51,66.147,0.51,24.3979879
Cambodia,KHM,2009,,0.539,80.87927713573532,0.53,66.747,0.53,23.7041284
Cambodia,KHM,2010,,0.543,82.1477792884659,1.26,67.311,1.26,23.690686
Cambodia,KHM,2011,,0.547,83.40462270564242,3.0999999050000002,67.869,3.0999999050000002,21.5251535
Cambodia,KHM,2012,,0.551,84.66510876954453,4.94,68.371,4.94,24.8312539
Cambodia,KHM,2013,,0.554,85.94044867437118,6.0,68.755,6.0,24.8325575
Cambodia,KHM,2014,,0.557,87.22395196011783,14.0,69.117,14.0,22.337379499999997
Cambodia,KHM,2015,,0.562,88.50697371402674,6.43319107021405,69.398,6.43319107021405,21.9476712
Cambodia,KHM,2016,,0.57,89.80740426014049,32.3984517141849,69.635,32.3984517141849,20.8866282
Cambodia,KHM,2017,,0.578,91.05694538862451,32.9002785437986,69.842,32.9002785437986,20.923763299999997
Cambodia,KHM,2018,,0.586,92.19647631996375,65.0,69.993,65.0,18.9374757
Cambodia,KHM,2019,,0.593,93.36791298436438,52.305878224498,70.127,52.305878224498,20.7533478
Cambodia,KHM,2020,,0.595,94.7511556764106,56.37590027,70.059,56.37590027,25.2346981
Cambodia,KHM,2021,,0.594,96.16080330840698,60.76269913,69.301,60.76269913,25.7560532
Cambodia,KHM,2022,,0.602,97.44915023793338,65.49079895,70.528,65.49079895,25.3269003
Cambodia,KHM,2023,,0.606,98.70768184908226,68.92549896,70.668,68.92549896,25.151149099999998
Cameroon,CMR,1996,0.0,0.432,28.378407480273317,,53.2,,23.721098899999998
Cameroon,CMR,1998,0.0,0.433,29.922912567959212,0.013200000000000002,53.043,0.013200000000000002,24.4690317
Cameroon,CMR,2000,0.0,0.439,31.54710287491274,0.252120077733662,53.338,0.252120077733662,24.3941157
Cameroon,CMR,2002,0.0,0.458,33.26675551606694,0.360871584267755,53.922,0.360871584267755,20.341276699999998
Cameroon,CMR,2003,0.0,0.465,34.186583740559755,0.587622611130454,54.253,0.587622611130454,26.311808799999998
Cameroon,CMR,2004,0.0,0.47,35.13885257345942,0.976075415490902,54.578,0.976075415490902,24.4523324
Cameroon,CMR,2005,0.0,0.472,36.12065325463815,1.402699947,54.904,1.402699947,22.9156659
Cameroon,CMR,2006,0.0,0.473,37.12721753294832,2.028700113,55.301,2.028700113,30.6113091
Cameroon,CMR,2007,0.0,0.485,38.18386748746589,2.93,55.71,2.93,31.105832099999997
Cameroon,CMR,2008,0.0,0.501,39.29270800279241,3.400000095,56.116,3.400000095,32.314395399999995
Cameroon,CMR,2009,0.0,0.516,40.43488396691418,3.84,56.486,3.84,31.929275899999997
Cameroon,CMR,2010,0.0,0.529,41.60704448816399,4.300000191,56.965,4.300000191,29.15353
Cameroon,CMR,2011,0.0,0.538,42.80066848596391,5.0,57.482,5.0,26.6473649
Cameroon,CMR,2012,0.0,0.549,44.021765987603395,7.5,58.17,7.5,22.875348799999998
Cameroon,CMR,2013,0.0,0.558,45.27591123521821,10.0,58.73,10.0,24.182830499999998
Cameroon,CMR,2014,0.0,0.566,46.6668634046244,16.2148722257524,59.13,16.2148722257524,23.9685739
Cameroon,CMR,2015,0.0,0.575,48.155135283789214,18.299999240000002,59.687,18.299999240000002,25.6845763
Cameroon,CMR,2016,0.0,0.579,49.61638425250153,20.60000038,60.293,20.60000038,24.9683741
Cameroon,CMR,2017,0.0,0.581,51.043136383829406,23.2029719748646,60.817,23.2029719748646,24.4152459
Cameroon,CMR,2018,0.0,0.582,52.47695838886421,29.70000076,61.189,29.70000076,25.259959499999997
Cameroon,CMR,2019,0.0,0.582,53.95717247360961,36.53919983,61.695,36.53919983,24.9071192
Cameroon,CMR,2020,0.0,0.579,55.447437117894694,37.69749832,61.674,37.69749832,26.4452349
Cameroon,CMR,2021,0.0,0.574,56.93926085760826,38.89260101,61.146,38.89260101,25.2724202
Cameroon,CMR,2022,0.0,0.581,58.456074548877744,40.12559891,62.443,40.12559891,25.380722499999997
Cameroon,CMR,2023,0.0,0.588,60.021338664297346,42.24380112,63.7,42.24380112,25.0542347
Canada,CAN,1996,0.061999999,0.884,3.3026513592524305,6.76,78.22024390243904,6.76,91.9717095
Canada,CAN,1998,0.061999999,0.883,3.3634343082831135,24.9,78.62365853658537,24.9,92.0418322
Canada,CAN,2000,0.25999999,0.894,3.4226113395772058,51.3,79.16682926829269,51.3,89.6070246
Canada,CAN,2002,0.409999996,0.899,3.4977284261270034,61.5932992681952,79.53073170731709,61.5932992681952,86.18742979999999
Canada,CAN,2003,0.689999998,0.902,3.5293227774189986,64.2,79.71512195121952,64.2,87.5609212
Canada,CAN,2004,0.939999998,0.906,3.5623764860985165,65.9559634648989,79.99219512195123,65.9559634648989,82.7547469
Canada,CAN,2005,1.570000052,0.909,3.59627553791775,71.66,80.11268292682928,71.66,86.6426195
Canada,CAN,2006,2.470000029,0.913,3.6329112752200357,72.40000153,80.54365853658538,72.40000153,87.85601439999999
Canada,CAN,2007,3.00999999,0.914,3.6683459761153476,73.2,80.54365853658538,73.2,87.011234
Canada,CAN,2008,3.789999962,0.916,3.70832237476842,76.69999695,80.72463414634147,76.69999695,87.1737998
Canada,CAN,2009,6.639999866,0.915,3.7510157167570677,80.3,81.0660975609756,80.3,87.68523259999999
Canada,CAN,2010,8.720000267,0.918,3.7929352111796324,80.3,81.32219512195122,80.3,87.1611954
Canada,CAN,2011,10.18999958,0.921,3.8301127979307554,83.0,81.48268292682928,83.0,86.0960272
Canada,CAN,2012,11.31000042,0.927,3.8718472515473046,83.0,81.66365853658537,83.0,85.11423789999999
Canada,CAN,2013,11.14999962,0.93,3.91284812265562,85.80000305,81.74487804878049,85.80000305,84.88077
Canada,CAN,2014,12.81999969,0.932,3.9522291338327986,87.12000275,81.78439024390245,87.12000275,84.6510205
Canada,CAN,2015,26.96999931,0.932,3.9823924582765886,90.0,81.82585365853659,90.0,85.6654897
Canada,CAN,2016,30.93000031,0.933,4.027710725116807,91.16000366,81.94,91.16000366,87.13823339999999
Canada,CAN,2017,31.51000023,0.935,4.076148362795979,92.70140076,81.8078048780488,92.70140076,85.9923561
Canada,CAN,2018,33.47000122,0.935,4.13498944297029,94.64,81.80365853658537,94.64,84.4384176
Canada,CAN,2019,32.88000107,0.937,4.195875006552831,91.91290283,82.15853658536587,91.91290283,84.1986505
Canada,CAN,2020,35.75999832,0.931,4.241621354534392,92.3,81.53,92.3,81.0957447
Canada,CAN,2021,37.29999924,0.937,4.351026204102996,93.93710327,81.45146341463416,93.93710327,80.5573179
Canada,CAN,2022,39.47999954,0.935,4.431842251982659,94.0,81.0948780487805,94.0,81.2937211
Canada,CAN,2023,40.50999832,0.939,4.556884180823102,94.14530182,81.62634146341465,94.14530182,80.7748172
Cape Verde,CPV,1996,0.0,,105.60322580645162,,65.521,,65.0982709
Cape Verde,CPV,1998,0.0,,109.12754342431762,0.473,66.714,0.473,64.9819165
Cape Verde,CPV,2000,0.01,0.585,112.48560794044666,1.82244385164396,68.117,1.82244385164396,66.455567
Cape Verde,CPV,2002,0.01,0.6,115.8923076923077,3.5187571749658,69.447,3.5187571749658,53.896209
Cape Verde,CPV,2003,0.0,0.606,117.46476426799008,4.32488539053715,70.006,4.32488539053715,53.8612012
Cape Verde,CPV,2004,0.01,0.61,118.95037220843672,5.31883206957883,70.499,5.31883206957883,52.4006207
Cape Verde,CPV,2005,0.01,0.616,120.37593052109182,6.07408710659813,70.936,6.07408710659813,59.4301271
Cape Verde,CPV,2006,0.01,0.631,121.76873449131514,6.80891100753313,71.341,6.80891100753313,62.193574299999995
Cape Verde,CPV,2007,0.01,0.636,123.12406947890818,8.28321981953034,71.487,8.28321981953034,63.9516609
Cape Verde,CPV,2008,0.01,0.643,124.40570719602978,14.0,71.888,14.0,65.827871
Cape Verde,CPV,2009,0.01,0.644,125.59330024813896,21.0,72.142,21.0,65.7831594
Cape Verde,CPV,2010,0.0,0.648,126.49727047146402,30.0,72.507,30.0,64.9829812
Cape Verde,CPV,2011,0.02,0.654,126.90992555831265,32.0,72.913,32.0,66.5241636
Cape Verde,CPV,2012,0.059999999,0.655,127.03598014888337,34.74,73.315,34.74,65.71110159999999
Cape Verde,CPV,2013,0.079999998,0.66,127.1029776674938,37.5,73.481,37.5,64.5614837
Cape Verde,CPV,2014,0.079999998,0.659,127.12803970223325,40.25999832,73.788,40.25999832,65.82524769999999
Cape Verde,CPV,2015,0.079999998,0.658,127.14491315136476,42.6830141582781,74.096,42.6830141582781,65.8486206
Cape Verde,CPV,2016,0.079999998,0.661,127.18461538461538,50.3228178676892,74.35,50.3228178676892,65.1886737
Cape Verde,CPV,2017,0.07,0.663,127.26873449131514,57.1621463484891,74.71,57.1621463484891,64.2113881
Cape Verde,CPV,2018,0.079999998,0.663,127.39826302729529,59.5,74.84,59.5,65.5147284
Cape Verde,CPV,2019,0.07,0.667,127.56923076923077,61.9433977593088,75.449,61.9433977593088,65.8582393
Cape Verde,CPV,2020,0.059999999,0.647,127.71191066997518,69.37339783,73.818,69.37339783,64.0534049
Cape Verde,CPV,2021,0.07,0.651,128.20074441687345,70.28250122,74.424,70.28250122,66.02355399999999
Cape Verde,CPV,2022,0.07,0.664,128.9679900744417,73.32740021,75.907,73.32740021,65.187026
Cape Verde,CPV,2023,0.07,0.668,129.6106699751861,74.59919739,76.059,74.59919739,65.30161939999999
Central African Republic,CAF,1996,0.0,0.323,5.515369674788918,0.00585,47.7,0.00585,22.8693735
Central African Republic,CAF,1998,0.0,0.328,5.824949436579024,0.0279,47.089,0.0279,22.8131932
Central African Republic,CAF,2000,0.0,0.333,6.15335323766413,0.0533941742150456,46.609,0.0533941742150456,22.3469375
Central African Republic,CAF,2002,0.0,0.337,6.430506597322546,0.128537116506299,46.84,0.128537116506299,28.1156838
Central African Republic,CAF,2003,0.0,0.338,6.58622427686282,0.151563337940017,47.306,0.151563337940017,24.7238422
Central African Republic,CAF,2004,0.0,0.342,6.7302738450672575,0.223401395464406,47.696,0.223401395464406,21.2684888
Central African Republic,CAF,2005,0.0,0.346,6.884346206940833,0.26820001,48.207,0.26820001,21.9324233
Central African Republic,CAF,2006,0.0,0.35,7.026837137628816,0.311199993,48.687,0.311199993,25.170593099999998
Central African Republic,CAF,2007,0.0,0.356,7.163584705769045,0.375815961044797,49.327,0.375815961044797,26.615022999999997
Central African Republic,CAF,2008,0.0,0.362,7.318026260875149,1.0,49.873,1.0,24.637696299999998
Central African Republic,CAF,2009,0.0,,7.269971748691772,1.799999952,14.665,1.799999952,25.6634097
Central African Republic,CAF,2010,0.0,0.358,7.212101512087066,2.0,46.871,2.0,28.0213704
Central African Republic,CAF,2011,0.0,0.377,7.327716780635012,2.200000048,50.107,2.200000048,28.011955999999998
Central African Republic,CAF,2012,0.0,0.385,7.401277729622139,2.400000095,51.336,2.400000095,28.603104
Central African Republic,CAF,2013,0.0,0.359,7.451955118944428,2.5,49.487,2.5,24.8788984
Central African Republic,CAF,2014,0.0,0.319,7.42107611801342,2.700000048,40.265,2.700000048,22.5320383
Central African Republic,CAF,2015,0.0,0.377,7.430928761758002,2.900000095,51.934,2.900000095,20.200330899999997
Central African Republic,CAF,2016,0.0,0.376,7.566315130501782,3.0999999050000002,50.999,3.0999999050000002,21.3751495
Central African Republic,CAF,2017,0.0,0.356,7.6944861793316,4.0,45.231,4.0,23.9539919
Central African Republic,CAF,2018,0.0,0.391,7.831161514013291,5.099999905,52.297,5.099999905,23.1421404
Central African Republic,CAF,2019,0.0,0.279,7.9371777585155225,7.509200096,31.53,7.509200096,23.536145899999998
Central African Republic,CAF,2020,0.0,0.386,8.06868278275386,,50.596,,22.5042325
Central African Republic,CAF,2021,0.0,0.339,8.20588140871296,,40.279,,21.2114421
Central African Republic,CAF,2022,0.0,,8.183310860701788,13.75360012,18.818,13.75360012,21.1886683
Central African Republic,CAF,2023,0.0,0.414,8.270604192750971,13.8416996,57.408,13.8416996,19.8884311
Chad,TCD,1996,0.0,,5.8847744599745875,,47.551,,21.6876586
Chad,TCD,1998,0.0,,6.304669631512071,0.00427,47.802,0.00427,21.631476199999998
Chad,TCD,2000,0.0,0.303,6.759921378653113,0.03570707628555,47.937,0.03570707628555,21.467218199999998
Chad,TCD,2002,0.0,0.32,7.239669631512071,0.166069664674347,48.36,0.166069664674347,21.3509346
Chad,TCD,2003,0.0,0.32,7.534810196950445,0.320308555366775,48.609,0.320308555366775,17.7884731
Chad,TCD,2004,0.0,0.338,7.878046378653113,0.360920107034467,48.687,0.360920107034467,21.3998058
Chad,TCD,2005,0.0,0.339,8.202106099110546,0.399257700084004,48.86,0.399257700084004,18.6230862
Chad,TCD,2006,0.0,0.339,8.502560355781448,0.581045764229641,48.747,0.581045764229641,21.6549928
Chad,TCD,2007,0.0,0.35,8.800555908513342,0.847224520710968,49.21,0.847224520710968,20.050501
Chad,TCD,2008,0.0,0.354,9.113958068614993,1.19,49.503,1.19,16.7005594
Chad,TCD,2009,0.0,0.369,9.445484434561626,1.5,49.828,1.5,17.579564299999998
Chad,TCD,2010,0.0,0.375,9.778093233799238,1.700000048,50.107,1.700000048,19.6084826
Chad,TCD,2011,0.0,0.384,10.129444885641677,1.899999976,50.426,1.899999976,20.2141336
Chad,TCD,2012,0.0,0.391,10.491580368487929,2.0999999050000002,50.765,2.0999999050000002,19.9930231
Chad,TCD,2013,0.0,0.396,10.872839104193138,2.5,51.051,2.5,18.8820038
Chad,TCD,2014,0.0,0.401,11.268009847522237,2.900000095,51.141,2.900000095,17.943338999999998
Chad,TCD,2015,0.0,0.396,11.632481734434561,3.5,51.32,3.5,17.1369811
Chad,TCD,2016,0.01,0.396,12.003379129606099,5.800000191,51.603,5.800000191,17.433256399999998
Chad,TCD,2017,0.01,0.397,12.40689247141042,6.351900101,51.875,6.351900101,18.357624599999998
Chad,TCD,2018,0.01,0.402,12.830790184243964,6.956299782,52.447,6.956299782,18.2937241
Chad,TCD,2019,0.01,0.406,13.250653589580686,7.618199825,52.993,7.618199825,17.937734199999998
Chad,TCD,2020,0.01,0.408,13.679065279542566,8.343099594,53.082,8.343099594,17.852829
Chad,TCD,2021,0.01,0.408,14.1584124841169,9.653699875,53.136,9.653699875,17.6528325
Chad,TCD,2022,0.01,0.414,14.656381829733164,11.17029953,54.528,11.17029953,18.1734954
Chad,TCD,2023,0.01,0.416,15.34233163913596,12.03590012,55.069,12.03590012,17.7195952
Chile,CHL,1996,0.0,0.745,19.816290354685474,0.683,75.555,0.683,80.0529494
Chile,CHL,1998,0.0,0.759,20.3458613751661,1.66,76.324,1.66,75.6138534
Chile,CHL,2000,0.0,0.771,20.85133524851654,16.6,77.128,16.6,78.97720699999999
Chile,CHL,2002,0.01,0.784,21.327831216410324,22.1,77.84,22.1,79.2941975
Chile,CHL,2003,0.01,0.789,21.55220219170123,25.4737788864723,77.884,25.4737788864723,71.6569694
Chile,CHL,2004,0.01,0.797,21.770847791352626,28.1779101232438,78.276,28.1779101232438,73.5204354
Chile,CHL,2005,0.01,0.804,21.98799513672579,31.1753006,78.459,31.1753006,78.25912029999999
Chile,CHL,2006,0.01,0.804,22.203745097722763,34.4977511736017,78.533,34.4977511736017,77.63680649999999
Chile,CHL,2007,0.01,0.812,22.42214322988116,35.90000153,78.652,35.90000153,76.1191286
Chile,CHL,2008,0.039999999,0.82,22.64729426574781,37.29999924,78.752,37.29999924,76.0875721
Chile,CHL,2009,0.079999998,0.819,22.87693199485698,41.56,78.89,41.56,76.60838269999999
Chile,CHL,2010,0.330000013,0.823,23.107901206673017,45.0,79.095,45.0,78.3670523
Chile,CHL,2011,0.340000004,0.823,23.337013067359575,52.2496072877744,79.236,52.2496072877744,79.1117828
Chile,CHL,2012,0.409999996,0.832,23.5620242302954,55.04999924,79.221,55.04999924,77.8060014
Chile,CHL,2013,0.550000012,0.845,23.787820833535072,58.0,79.551,58.0,76.8236292
Chile,CHL,2014,1.440000057,0.849,24.086032416339297,61.11000061,79.714,61.11000061,75.9109364
Chile,CHL,2015,2.109999895,0.855,24.333348398174984,76.6295919508796,80.008,76.6295919508796,71.0080764
Chile,CHL,2016,2.450000048,0.859,24.60938546175874,83.5585860244169,80.295,83.5585860244169,70.1943404
Chile,CHL,2017,3.519999981,0.862,25.002288872833997,82.3274869338464,80.61,82.3274869338464,70.3707838
Chile,CHL,2018,3.579999924,0.866,25.452684889597116,84.90000153,80.559,84.90000153,70.3659016
Chile,CHL,2019,4.889999866,0.867,25.84400416762,85.01760101,80.324,85.01760101,71.2750258
Chile,CHL,2020,5.550000191,0.856,26.076735234379623,87.45929718,79.349,87.45929718,72.46097929999999
Chile,CHL,2021,7.6199998860000004,0.865,26.192118041714,90.23280334,78.876,90.23280334,71.0577107
Chile,CHL,2022,8.880000114,0.869,26.322298280132493,92.31819916,79.176,92.31819916,71.03739829999999
Chile,CHL,2023,9.460000038,0.878,26.46472490051716,94.45742345,81.167,94.45742345,68.74073299999999
China,CHN,1996,0.093939394,0.555,129.6889829073212,0.0131,70.823,0.0131,41.1593023
China,CHN,1998,0.355555564,0.576,132.28638412139455,0.169,71.601,0.169,39.079749799999995
China,CHN,2000,0.589999974,0.598,134.4924810027886,1.77591320677415,72.288,1.77591320677415,37.5234045
China,CHN,2002,0.839999974,0.619,136.3837796099475,4.59570433077551,73.034,4.59570433077551,35.9973224
China,CHN,2003,1.0,0.63,137.23591925010393,6.2,73.385,6.2,37.298517
China,CHN,2004,1.279999971,0.642,138.05343668989173,7.3,73.727,7.3,34.9186166
China,CHN,2005,1.950000048,0.654,138.86776606382057,8.52325700269541,74.085,8.52325700269541,34.3457083
China,CHN,2006,3.710000038,0.666,139.64534288181878,10.5231526193851,74.404,10.5231526193851,33.9572813
China,CHN,2007,5.480000019,0.68,140.3765880501959,16.0,74.789,16.0,35.422922299999996
China,CHN,2008,13.10000038,0.689,141.0977052198274,22.6,74.833,22.6,37.595359099999996
China,CHN,2009,27.61000061,0.7,141.80124413479842,28.9,75.317,28.9,36.123917
China,CHN,2010,49.40000153,0.71,142.48774340500017,34.3,75.668,34.3,35.929341199999996
China,CHN,2011,74.09999847,0.717,143.2685098364321,38.3,75.889,38.3,38.9461941
China,CHN,2012,103.0500031,0.725,144.2436690014743,42.30009842,76.2,42.30009842,37.5960069
China,CHN,2013,138.2599945,0.733,145.2076439270485,45.79999924,76.452,45.79999924,38.5837917
China,CHN,2014,159.7599945,0.742,146.12581672908715,47.90000153,76.714,47.90000153,41.753211199999996
China,CHN,2015,185.5899963,0.75,146.97794925998147,50.29999924,76.975,50.29999924,44.3109113
China,CHN,2016,240.8600006,0.758,147.82264137679067,53.2,77.214,53.2,45.973012499999996
China,CHN,2017,304.6000061,0.765,148.72004354397697,54.3,77.235,54.3,46.857948099999994
China,CHN,2018,365.7999878,0.774,149.41719454507302,65.35839844,77.709,65.35839844,46.434859499999995
China,CHN,2019,405.2999878,0.781,149.94817968494527,64.080881297515,77.94,64.080881297515,46.8505275
China,CHN,2020,466.5,0.786,150.30554280315417,70.05275998,78.019,70.05275998,48.929991
China,CHN,2021,655.7999878,0.794,150.4397536910657,73.05323517,78.117,73.05323517,48.981981399999995
China,CHN,2022,762.6699829,0.796,150.4200481241898,75.61131603,78.202,75.61131603,48.7299338
China,CHN,2023,885.8699951,0.797,150.2640013378482,90.6,77.953,90.6,50.1587695
Colombia,COL,1996,0.0,0.663,32.864123479044615,0.33,70.209,0.33,37.435449
Colombia,COL,1998,0.0,0.676,34.06233889139252,1.13,70.924,1.13,35.8747902
Colombia,COL,2000,0.0,0.679,35.23202703920685,2.207532992624,70.905,2.207532992624,35.2865308
Colombia,COL,2002,0.0,0.684,36.34491212257774,4.6,71.537,4.6,43.1304513
Colombia,COL,2003,0.0,0.691,36.89718702118071,7.38892371052557,72.309,7.38892371052557,44.246954099999996
Colombia,COL,2004,0.050000001,0.699,37.443146462370436,9.1186903029666,72.76,9.1186903029666,46.3593505
Colombia,COL,2005,0.050000001,0.711,37.97113744930149,11.0072638904585,73.156,11.0072638904585,45.8270002
Colombia,COL,2006,0.059999999,0.712,38.47776836412798,15.3416745365682,73.497,15.3416745365682,43.7548743
Colombia,COL,2007,0.050000001,0.724,38.96834069400631,21.79999924,73.751,21.79999924,42.5056073
Colombia,COL,2008,0.050000001,0.731,39.44011536728256,25.6,74.206,25.6,43.1971573
Colombia,COL,2009,0.059999999,0.736,39.90224515547544,30.0,74.531,30.0,41.9935632
Colombia,COL,2010,0.039999999,0.741,40.35810635421361,36.5,74.876,36.5,40.2418143
Colombia,COL,2011,0.039999999,0.747,40.79280216313655,40.3509157546318,75.18,40.3509157546318,43.6714103
Colombia,COL,2012,0.050000001,0.748,41.20397476340694,48.98,75.611,48.98,39.5560695
Colombia,COL,2013,0.059999999,0.76,41.59674087426769,51.7,75.834,51.7,38.923572199999995
Colombia,COL,2014,0.07,0.763,41.96974222622803,52.568136539247,75.95,52.568136539247,40.3387065
Colombia,COL,2015,0.07,0.767,42.33433077963046,55.9049725142924,76.067,55.9049725142924,41.4314416
Colombia,COL,2016,0.050000001,0.772,42.75575664713835,58.1364935728703,76.228,58.1364935728703,40.3758051
Colombia,COL,2017,0.0,0.774,43.38087246507436,62.2598803162841,76.418,62.2598803162841,39.5383299
Colombia,COL,2018,0.039999999,0.775,44.18608832807571,64.1263768204459,76.579,64.1263768204459,41.405998
Colombia,COL,2019,0.059999999,0.777,44.98241099594412,65.0069007159493,76.793,65.0069007159493,42.3435637
Colombia,COL,2020,0.01,0.764,45.63316538981523,69.79533474,74.757,69.79533474,42.6636046
Colombia,COL,2021,0.059999999,0.762,46.13625326723749,73.02837449,72.698,73.02837449,42.3947687
Colombia,COL,2022,0.07,0.782,46.6317656602073,72.79637855,76.508,72.79637855,42.6648919
Colombia,COL,2023,0.219999999,0.788,47.15741505182515,77.33686322,77.725,77.33686322,41.6000941
Comoros,COM,1996,0.0,,268.1929070392262,,58.151,,29.4792001
Comoros,COM,1998,0.0,,277.59108006448145,0.0379,58.301,0.0379,28.0036307
Comoros,COM,2000,0.0,0.461,288.0601826974745,0.271740607285909,58.941,0.271740607285909,28.201769
Comoros,COM,2002,0.0,0.477,300.3347662547018,0.554869674985088,59.723,0.554869674985088,34.6953099
Comoros,COM,2003,0.0,0.485,306.17839871037074,0.848189370151537,60.24,0.848189370151537,34.6556426
Comoros,COM,2004,0.0,0.492,312.0386888769479,1.32732717785355,60.557,1.32732717785355,32.2108316
Comoros,COM,2005,0.0,0.499,318.472326706072,2.0,60.883,2.0,30.8710424
Comoros,COM,2006,0.0,0.506,324.9613111230521,2.200000048,61.229,2.200000048,35.0576152
Comoros,COM,2007,0.0,0.512,331.50295540032243,2.5,61.475,2.5,35.0147517
Comoros,COM,2008,0.0,0.519,338.1552928533047,3.0,61.955,3.0,32.072304599999995
Comoros,COM,2009,0.0,0.526,344.9473401397098,3.5,62.302,3.5,31.555771
Comoros,COM,2010,0.0,0.534,351.8731864588931,5.099999905,62.747,5.099999905,31.7612064
Comoros,COM,2011,0.0,0.541,358.97689414293393,5.5,63.105,5.5,31.7714264
Comoros,COM,2012,0.0,0.548,366.27082213863514,5.975299835,63.463,5.975299835,32.070242
Comoros,COM,2013,0.0,0.556,374.09564750134336,6.5,63.839,6.5,31.214988599999998
Comoros,COM,2014,0.0,0.56,382.32294465341215,6.980000019,64.143,6.980000019,31.538772199999997
Comoros,COM,2015,0.0,0.565,390.4793121977431,7.459199905,64.473,7.459199905,30.715982099999998
Comoros,COM,2016,0.0,0.571,398.57119828049434,7.938300133,64.792,7.938300133,30.375307
Comoros,COM,2017,0.0,0.577,406.59269210102093,8.478199959,65.127,8.478199959,28.74004
Comoros,COM,2018,0.0,0.584,414.6104245029554,,65.401,,27.1369084
Comoros,COM,2019,0.0,0.589,422.6641590542719,16.38380051,65.662,16.38380051,22.153112699999998
Comoros,COM,2020,0.0,0.592,431.0386888769479,22.42040062,65.756,22.42040062,21.0871975
Comoros,COM,2021,0.0,0.594,439.64212788823215,30.68120003,65.201,30.68120003,19.3385253
Comoros,COM,2022,0.0,0.602,448.2471789360559,31.37409973,66.481,31.37409973,20.7877038
Comoros,COM,2023,0.0,0.603,456.95163890381514,31.92749977,66.777,31.92749977,24.5196456
Congo,COG,1996,0.0,0.55,8.277554904831625,0.0035299999999999997,55.24,0.0035299999999999997,32.7702975
Congo,COG,1998,0.0,0.542,8.644395314787701,0.00342,52.551,0.00342,34.1237072
Congo,COG,2000,0.0,0.545,9.227950219619327,0.0263547320580279,55.371,0.0263547320580279,37.8098607
Congo,COG,2002,0.0,0.552,9.81192093704246,0.157249517243982,56.414,0.157249517243982,27.221647599999997
Congo,COG,2003,0.0,0.553,10.09005270863836,0.460014186837522,57.131,0.460014186837522,27.1922022
Congo,COG,2004,0.0,0.557,10.440860907759882,1.07750492958505,57.957,1.07750492958505,28.379364199999998
Congo,COG,2005,0.0,0.569,10.82399121522694,1.463400006,58.73,1.463400006,25.4344152
Congo,COG,2006,0.0,0.582,11.236922401171302,2.007999897,59.474,2.007999897,24.785346099999998
Congo,COG,2007,0.0,0.583,11.655724743777453,2.75970437370903,60.05,2.75970437370903,25.523477999999997
Congo,COG,2008,0.0,0.591,12.045437774524158,4.28750990276481,60.79,4.28750990276481,23.3943661
Congo,COG,2009,0.0,0.602,12.536512445095168,4.5,61.215,4.5,23.3941657
Congo,COG,2010,0.0,0.609,13.066734992679356,5.0,61.731,5.0,24.1159525
Congo,COG,2011,0.0,0.613,13.498459736456809,5.6,62.286,5.6,25.129496699999997
Congo,COG,2012,0.0,0.624,13.88125915080527,6.106699944,62.662,6.106699944,23.085779799999997
Congo,COG,2013,0.0,0.63,14.22283748169839,6.599999905,62.969,6.599999905,23.717119399999998
Congo,COG,2014,0.0,0.639,14.570658857979502,7.110000134,63.349,7.110000134,22.0401123
Congo,COG,2015,0.0,0.643,14.92703074670571,7.616000175,63.662,7.616000175,21.907736699999997
Congo,COG,2016,0.0,0.64,15.292931185944363,8.121899605,63.911,8.121899605,22.152891999999998
Congo,COG,2017,0.0,0.635,15.669139092240117,8.649999619,64.203,8.649999619,21.4502638
Congo,COG,2018,0.0,0.64,16.05598243045388,11.8071003,64.472,11.8071003,20.1366895
Congo,COG,2019,0.0,0.634,16.44703074670571,16.11639977,63.152,16.11639977,17.599463699999998
Congo,COG,2020,0.0,0.643,16.845654465592972,21.99850082,64.391,21.99850082,20.1187109
Congo,COG,2021,0.0,0.643,17.25383016105417,30.02739906,64.192,30.02739906,20.6671169
Congo,COG,2022,0.0,0.644,17.672339677891653,40.98669815,65.0,40.98669815,20.248378199999998
Congo,COG,2023,0.0,0.649,18.105080527086383,43.15039825,65.772,43.15039825,19.4276913
Costa Rica,CRI,1996,,0.707,70.87765374069721,0.8410000000000001,76.428,0.8410000000000001,67.2795189
Costa Rica,CRI,1998,,0.714,74.08613396004701,2.67,76.869,2.67,67.25699209999999
Costa Rica,CRI,2000,0.180000007,0.72,77.11983940462201,5.80025302331829,77.317,5.80025302331829,68.5921845
Costa Rica,CRI,2002,0.25999999,0.73,79.82187622405014,19.8948511346293,77.939,19.8948511346293,57.143027999999994
Costa Rica,CRI,2003,0.310000002,0.736,81.0572659616138,20.3336148143541,78.214,20.3336148143541,57.622972999999995
Costa Rica,CRI,2004,0.25999999,0.741,82.25769682726204,20.7923067055542,78.512,20.7923067055542,55.5280511
Costa Rica,CRI,2005,0.200000003,0.748,83.45554249902077,22.07,78.877,22.07,55.6495671
Costa Rica,CRI,2006,0.270000011,0.755,84.63258911084998,25.10000038,79.049,25.10000038,55.934843199999996
Costa Rica,CRI,2007,0.239999995,0.76,85.78629063846455,28.39999962,79.098,28.39999962,57.095713499999995
Costa Rica,CRI,2008,0.200000003,0.769,86.95761848805327,32.29,79.18,32.29,57.726915299999995
Costa Rica,CRI,2009,0.330000013,0.773,88.12751664708186,34.33,79.372,34.33,60.3773986
Costa Rica,CRI,2010,0.360000014,0.776,89.22761457109283,36.5,79.354,36.5,62.0102548
Costa Rica,CRI,2011,0.409999996,0.783,90.28266745005875,39.2121959961842,79.624,39.2121959961842,61.171872699999994
Costa Rica,CRI,2012,0.529999971,0.789,91.34222483352919,47.5,79.925,47.5,61.4268371
Costa Rica,CRI,2013,0.49000001,0.795,92.36480611045829,45.96,80.189,45.96,61.2814766
Costa Rica,CRI,2014,0.74000001,0.802,93.36308264786526,53.0,80.231,53.0,63.663259499999995
Costa Rica,CRI,2015,1.080000043,0.803,94.36032119075597,59.7629501371681,80.407,59.7629501371681,63.4401897
Costa Rica,CRI,2016,1.149999976,0.805,95.31919310614963,65.8804491942718,79.988,65.8804491942718,64.1176151
Costa Rica,CRI,2017,1.289999962,0.809,96.22359968664317,71.5816646195022,79.994,71.5816646195022,59.703252199999994
Costa Rica,CRI,2018,1.799999952,0.813,97.0978848413631,73.4797284369906,80.09,73.4797284369906,61.0056411
Costa Rica,CRI,2019,1.799999952,0.821,97.91525656090873,81.2025964435269,80.296,81.2025964435269,62.5292538
Costa Rica,CRI,2020,1.460000038,0.819,98.59616137877008,80.53018608000001,79.725,80.53018608000001,63.1650182
Costa Rica,CRI,2021,1.570000052,0.817,99.09886408147278,82.74901607,78.05,82.74901607,59.8166838
Costa Rica,CRI,2022,1.370000005,0.823,99.52536231884058,82.59801121,79.316,82.59801121,59.3313828
Costa Rica,CRI,2023,1.49000001,0.833,99.99069721895809,85.39514799,80.799,85.39514799,61.569736299999995
Cote d'Ivoire,CIV,1996,0.0,0.403,48.56072955974843,0.008409999999999999,51.596,0.008409999999999999,49.2481211
Cote d'Ivoire,CIV,1998,0.0,0.413,52.40235220125786,0.061,51.22,0.061,37.996641499999996
Cote d'Ivoire,CIV,2000,0.0,0.419,55.65724528301887,0.231461670612799,51.393,0.231461670612799,32.7489285
Cote d'Ivoire,CIV,2002,0.0,0.424,58.66280188679245,0.497929360753307,51.544,0.497929360753307,32.4204206
Cote d'Ivoire,CIV,2003,0.0,0.425,60.14321383647799,0.758669629452205,51.443,0.758669629452205,30.0074981
Cote d'Ivoire,CIV,2004,0.0,0.43,61.619496855345915,0.849282414747704,51.939,0.849282414747704,24.2136462
Cote d'Ivoire,CIV,2005,0.0,0.435,63.10835849056604,1.039199948,52.432,1.039199948,22.142915
Cote d'Ivoire,CIV,2006,0.0,0.44,64.61258490566038,1.52489996,52.885,1.52489996,24.7179033
Cote d'Ivoire,CIV,2007,0.0,0.445,66.13383018867924,1.799999952,53.452,1.799999952,26.486974999999997
Cote d'Ivoire,CIV,2008,0.0,0.452,67.65546855345912,1.899999976,54.179,1.899999976,29.288850699999998
Cote d'Ivoire,CIV,2009,0.0,0.458,69.17591194968553,2.0,54.744,2.0,29.3271902
Cote d'Ivoire,CIV,2010,0.0,0.465,70.7171855345912,2.700000048,55.282,2.700000048,27.4978534
Cote d'Ivoire,CIV,2011,0.0,0.469,72.27044025157232,2.900000095,55.972,2.900000095,29.4878756
Cote d'Ivoire,CIV,2012,0.0,0.478,73.7958427672956,4.400000095,56.57,4.400000095,30.952093599999998
Cote d'Ivoire,CIV,2013,0.0,0.487,75.28231132075472,6.599999905,57.057,6.599999905,32.5535127
Cote d'Ivoire,CIV,2014,0.0,0.511,77.13017295597484,10.0,57.772,10.0,39.250248299999996
Cote d'Ivoire,CIV,2015,0.0,0.519,79.39101257861635,38.4400001654616,58.281,38.4400001654616,39.1358108
Cote d'Ivoire,CIV,2016,0.0,0.53,81.72768867924529,41.2078149304414,58.814,41.2078149304414,38.312589599999995
Cote d'Ivoire,CIV,2017,0.0,0.539,84.06720754716982,43.8399208514876,59.315,43.8399208514876,38.44403
Cote d'Ivoire,CIV,2018,0.0,0.545,86.36532389937106,37.5465361301281,59.795,37.5465361301281,38.0747455
Cote d'Ivoire,CIV,2019,0.0,0.552,88.6572610062893,36.2889545655205,60.274,36.2889545655205,37.124781899999995
Cote d'Ivoire,CIV,2020,0.0,0.553,90.92908490566037,36.01660156,60.14,36.01660156,38.0109482
Cote d'Ivoire,CIV,2021,0.0,0.557,93.20671698113208,35.95069885,60.29,35.95069885,38.809351199999995
Cote d'Ivoire,CIV,2022,0.0,0.565,95.58176729559749,38.41328122,61.562,38.41328122,40.359265799999996
Cote d'Ivoire,CIV,2023,0.0,0.582,98.00520125786163,40.65284979,61.944,40.65284979,40.5339482
Croatia,HRV,1996,0.0,0.725,81.40580564487317,0.859,72.36536585365855,0.859,33.1265627
Croatia,HRV,1998,0.0,0.744,81.06125916651762,3.27,72.31707317073172,3.27,33.7797246
Croatia,HRV,2000,0.0,0.769,79.91669051366434,6.64488254374396,72.8078048780488,6.64488254374396,49.8750095
Croatia,HRV,2002,0.0,0.792,76.9454499928459,17.76,74.71731707317075,17.76,56.9832292
Croatia,HRV,2003,0.0,0.798,76.89584375670074,22.75,74.6139024390244,22.75,55.869825399999996
Croatia,HRV,2004,0.0,0.807,76.91730398113073,30.91,75.52024390243902,30.91,53.242466099999994
Croatia,HRV,2005,0.01,0.814,77.01638553355728,33.13999939,75.24463414634147,33.13999939,51.8409402
Croatia,HRV,2006,0.02,0.819,77.03450432420841,37.97999954,75.8368292682927,37.97999954,50.6239585
Croatia,HRV,2007,0.029999999,0.825,77.01767207490529,41.44,75.70560975609757,41.44,49.8807561
Croatia,HRV,2008,0.039999999,0.827,77.00852333643056,44.24,75.91219512195123,44.24,49.1855808
Croatia,HRV,2009,0.050000001,0.826,76.92768565506397,50.58,76.16829268292685,50.58,48.868867599999994
Croatia,HRV,2010,0.140000001,0.831,76.75339503966836,56.55,76.47560975609755,56.55,50.1647671
Croatia,HRV,2011,0.200000003,0.836,76.48884997498392,57.7899789891444,76.77560975609757,57.7899789891444,50.0542301
Croatia,HRV,2012,0.330000013,0.839,76.12693874633693,61.9399731527956,77.16829268292683,61.9399731527956,49.767176799999994
Croatia,HRV,2013,0.519999981,0.846,75.65438496176114,66.7476,77.57073170731708,66.7476,50.154344699999996
Croatia,HRV,2014,0.730000019,0.848,75.07679937102424,68.5678992528467,77.72439024390245,68.5678992528467,50.190318
Croatia,HRV,2015,0.800000012,0.852,74.18563719533987,69.8450359238281,77.27560975609758,69.8450359238281,51.3416443
Croatia,HRV,2016,1.00999999,0.856,73.38408619827031,72.6972696701463,77.92195121951221,72.6972696701463,50.0522181
Croatia,HRV,2017,1.200000048,0.862,72.21440568937174,67.0961920368478,77.72682926829269,67.0961920368478,48.778317099999995
Croatia,HRV,2018,1.340000033,0.867,71.27394396397685,75.2946259897258,77.91951219512197,75.2946259897258,48.3592182
Croatia,HRV,2019,1.470000029,0.872,70.57018797798585,79.0797836757554,78.22439024390245,79.0797836757554,48.3603618
Croatia,HRV,2020,1.720000029,0.867,69.946497498213,78.32090004,77.52439024390245,78.32090004,50.6014519
Croatia,HRV,2021,2.0599999430000002,0.876,69.31703002144388,81.25396608,76.42439024390245,81.25396608,49.7878596
Croatia,HRV,2022,2.140000105,0.886,68.89994639027877,82.07155532,77.57560975609756,82.07155532,50.016188199999995
Croatia,HRV,2023,2.589999914,0.889,68.97223016440314,83.24117599,78.47317073170733,83.24117599,50.1564519
Botswana,BWA,1990,0.0,0.59,2.303911915727066,0.0,60.104,0.0,
Botswana,BWA,1991,0.0,0.59,2.367540098459584,0.0,58.911,0.0,
Botswana,BWA,1992,0.0,0.589,2.4350801969191678,,58.19,,
Botswana,BWA,1993,0.0,0.588,2.505805233532723,,57.316,,
Botswana,BWA,1994,0.0,0.58,2.5762232456372525,,55.97,,
Botswana,BWA,1995,0.0,0.583,2.6447091207453286,0.0645,54.713,0.0645,
Botswana,BWA,1997,0.0,0.587,2.7732624000846964,0.308,53.594,0.308,
Botswana,BWA,1999,0.0,0.592,2.897317946817709,1.12,52.499,1.12,
Botswana,BWA,2001,0.0,0.595,3.0212870326257653,3.43088678702599,52.21,3.43088678702599,
Brazil,BRA,1990,0.0,0.641,17.844068536779716,0.0,65.862,0.0,
Brazil,BRA,1991,0.0,0.645,18.152873246918574,0.00329,66.203,0.00329,
Brazil,BRA,1992,0.0,0.648,18.45806351652401,0.012899999999999998,66.539,0.012899999999999998,
Brazil,BRA,1993,0.0,0.654,18.75950594270974,0.025500000000000002,66.892,0.025500000000000002,
Brazil,BRA,1994,0.0,0.659,19.0550775651042,0.0377,67.293,0.0377,
Brazil,BRA,1995,0.0,0.666,19.350605876427053,0.105,67.701,0.105,
Brazil,BRA,1997,0.004,0.676,19.94004156427148,0.786,68.505,0.786,
Brazil,BRA,1999,0.002,0.684,20.535854029724316,2.04,69.211,2.04,
Brazil,BRA,2001,0.029999999,0.694,21.093353664810593,4.52849486902851,69.98,4.52849486902851,
Brunei,BRN,1990,0.0,0.781,48.44250474383302,0.0,71.629,0.0,
Brunei,BRN,1991,0.0,0.782,49.82846299810247,,71.858,,
Brunei,BRN,1992,0.0,0.782,51.20284629981025,,72.09,,
Brunei,BRN,1993,0.0,0.783,52.5561669829222,,72.333,,
Brunei,BRN,1994,0.0,0.782,53.90721062618596,,72.571,,
Brunei,BRN,1995,0.0,0.784,55.25521821631879,1.02,72.838,1.02,
Brunei,BRN,1997,0.0,0.785,57.939468690702085,4.83,73.326,4.83,
Brunei,BRN,1999,0.0,0.79,60.60929791271347,7.67,73.806,7.67,
Brunei,BRN,2001,0.0,0.794,63.25332068311195,12.9177690823013,74.209,12.9177690823013,
Bulgaria,BGR,1990,0.0,0.706,78.80583024496067,0.0,71.64146341463416,0.0,
Bulgaria,BGR,1991,0.0,0.706,78.02916930308234,,71.5609756097561,,
Bulgaria,BGR,1992,0.0,0.709,77.19573352616831,,71.49439024390244,,
Bulgaria,BGR,1993,0.0,0.711,76.58241887372323,0.00234,71.3468292682927,0.00234,
Bulgaria,BGR,1994,0.0,0.713,76.32279670975323,0.0195,71.20878048780489,0.0195,
Bulgaria,BGR,1995,0.0,0.709,75.98361204013378,0.12,71.05341463414635,0.12,
Bulgaria,BGR,1997,0.0,0.713,75.13394196872457,1.22,70.35121951219514,1.22,
Bulgaria,BGR,1999,0.0,0.728,74.21697550393202,2.91,71.41219512195123,2.91,
Bulgaria,BGR,2001,0.0,0.742,72.39575160444726,7.6122977487982,71.76829268292684,7.6122977487982,
Burkina Faso,BFA,1990,0.0,,33.4771783625731,0.0,49.315,0.0,
Burkina Faso,BFA,1991,0.0,,34.337105263157895,,49.33,,
Burkina Faso,BFA,1992,0.0,,35.19471856725146,,49.378,,
Burkina Faso,BFA,1993,0.0,,36.08082236842105,,49.412,,
Burkina Faso,BFA,1994,0.0,,37.00218567251462,,49.469,,
Burkina Faso,BFA,1995,0.0,,37.96316520467836,,49.554,,
Burkina Faso,BFA,1997,0.0,,39.96426535087719,0.018699999999999998,49.56,0.018699999999999998,
Burkina Faso,BFA,1999,0.0,,42.306023391812865,0.061799999999999994,50.463,0.061799999999999994,
Burkina Faso,BFA,2001,0.0,,44.93786915204679,0.157732464653607,51.188,0.157732464653607,
Burundi,BDI,1990,0.0,0.294,217.56433021806853,0.0,45.184,0.0,
Burundi,BDI,1991,0.0,0.296,222.11281152647976,0.0,44.66,0.0,
Burundi,BDI,1992,0.0,0.294,228.1311137071651,0.0,44.469,0.0,
Burundi,BDI,1993,0.0,0.265,221.0608644859813,0.0,37.221,0.0,
Burundi,BDI,1994,0.0,0.298,222.50210280373832,0.0,44.515,0.0,
Burundi,BDI,1995,0.0,0.294,236.22725856697818,0.0,44.589,0.0,
Burundi,BDI,1997,0.0,0.297,236.37235202492212,0.007980000000000001,45.721,0.007980000000000001,
Burundi,BDI,1999,0.0,0.306,246.77394859813083,0.0392,47.627,0.0392,
Burundi,BDI,2001,0.0,0.311,258.34754672897196,0.106001245363203,48.509,0.106001245363203,
Cambodia,KHM,1990,,0.387,41.778563335599365,0.0,55.205,0.0,
Cambodia,KHM,1991,,0.392,43.54662361205529,,55.582,,
Cambodia,KHM,1992,,0.396,45.9612678450034,,55.747,,
Cambodia,KHM,1993,,0.399,48.81249150237933,,56.036,,
Cambodia,KHM,1994,,0.4,52.34059596646272,,56.221,,
Cambodia,KHM,1995,,0.404,56.75559143439837,,56.562,,
Cambodia,KHM,1997,,0.414,65.55054384772264,0.005840000000000001,57.266,0.005840000000000001,
Cambodia,KHM,1999,,0.429,69.48635282121006,0.032,58.611,0.032,
Cambodia,KHM,2001,,0.453,71.71133016088828,0.0769560555527296,60.457,0.0769560555527296,
Cameroon,CMR,1990,0.0,0.448,23.97203570899706,0.0,54.348,0.0,
Cameroon,CMR,1991,0.0,0.445,24.681474900044424,,54.168,,
Cameroon,CMR,1992,0.0,0.442,25.398982462820758,,54.053,,
Cameroon,CMR,1993,0.0,0.436,26.132578113431066,,53.872,,
Cameroon,CMR,1994,0.0,0.434,26.876738380825454,,53.537,,
Cameroon,CMR,1995,0.0,0.433,27.62479321359819,,53.347,,
Cameroon,CMR,1997,0.0,0.432,29.14094053436568,0.006770000000000001,53.105,0.006770000000000001,
Cameroon,CMR,1999,0.0,0.434,30.727380423515473,0.129,53.166,0.129,
Cameroon,CMR,2001,0.0,0.458,32.38664297349326,0.277051321848797,53.598,0.277051321848797,
Canada,CAN,1990,0.001919192,0.865,3.088601865577168,0.361,77.43658536585367,0.361,
Canada,CAN,1991,0.001919192,0.868,3.127225313671493,0.57,77.59341463414636,0.57,
Canada,CAN,1992,0.059,0.873,3.164461457639709,0.9159999999999999,77.83804878048781,0.9159999999999999,
Canada,CAN,1993,0.059,0.871,3.199428481561169,1.18,77.7048780487805,1.18,
Canada,CAN,1994,0.059,0.877,3.2346630840803563,2.38,77.87170731707317,2.38,
Canada,CAN,1995,0.059,0.881,3.268308164883739,4.16,77.97731707317074,4.16,
Canada,CAN,1997,0.061999999,0.884,3.335636360797226,15.1,78.41243902439025,15.1,
Canada,CAN,1999,0.162,0.888,3.3908851508935833,36.2,78.8390243902439,36.2,
Canada,CAN,2001,0.330000013,0.897,3.45999036315513,60.2,79.39804878048783,60.2,
Cape Verde,CPV,1990,0.0,,93.15831265508685,0.0,63.869,0.0,
Cape Verde,CPV,1991,0.0,,95.43076923076923,,64.066,,
Cape Verde,CPV,1992,0.0,,97.62158808933002,,64.253,,
Cape Verde,CPV,1993,0.0,,99.74317617866005,,64.458,,
Cape Verde,CPV,1994,0.0,,101.79354838709678,,64.648,,
Cape Verde,CPV,1995,0.0,,103.74789081885856,,63.691,,
Cape Verde,CPV,1997,0.0,,107.3940446650124,0.241,66.082,0.241,
Cape Verde,CPV,1999,0.0,,110.79875930521092,1.16,67.409,1.16,
Cape Verde,CPV,2001,0.01,0.591,114.2166253101737,2.68533271272311,68.707,2.68533271272311,
Central African Republic,CAF,1990,0.0,0.342,4.609955375774503,0.0,49.854,0.0,
Central African Republic,CAF,1991,0.0,0.336,4.756478538636874,,49.575,,
Central African Republic,CAF,1992,0.0,0.321,4.909998715849626,,49.213,,
Central African Republic,CAF,1993,0.0,0.321,5.068925166136955,,48.899,,
Central African Republic,CAF,1994,0.0,0.323,5.229628559504318,,48.509,,
Central African Republic,CAF,1995,0.0,0.326,5.374252785001124,,48.109,,
Central African Republic,CAF,1997,0.0,0.325,5.669042344858583,0.0143,47.284,0.0143,
Central African Republic,CAF,1999,0.0,0.332,5.986468265433882,0.0409,46.91,0.0409,
Central African Republic,CAF,2001,0.0,0.335,6.291513371215769,0.0785434278394038,46.734,0.0785434278394038,
Chad,TCD,1990,0.0,,4.7512968551461245,0.0,45.074,0.0,
Chad,TCD,1991,0.0,,4.9282687420584494,,46.596,,
Chad,TCD,1992,0.0,,5.141880559085133,,46.777,,
Chad,TCD,1993,0.0,,5.264569567979669,,47.002,,
Chad,TCD,1994,0.0,,5.387110864040661,,47.08,,
Chad,TCD,1995,0.0,,5.629815756035578,,47.453,,
Chad,TCD,1997,0.0,,6.091459656925032,0.000658,47.762,0.000658,
Chad,TCD,1999,0.0,,6.530102445997459,0.0123,47.934,0.0123,
Chad,TCD,2001,0.0,0.313,6.991839263024143,0.0459341343557353,48.306,0.0459341343557353,
Chile,CHL,1990,0.0,0.718,18.072088356654454,0.0,73.675,0.0,
Chile,CHL,1991,0.0,0.723,18.375121716348456,,74.082,,
Chile,CHL,1992,0.0,0.73,18.673812290526836,0.0365,74.367,0.0365,
Chile,CHL,1993,0.0,0.725,18.966602647902175,0.0718,74.679,0.0718,
Chile,CHL,1994,0.0,0.73,19.254391203068597,0.14100000000000001,74.973,0.14100000000000001,
Chile,CHL,1995,0.0,0.739,19.538339977297547,0.347,75.298,0.347,
Chile,CHL,1997,0.0,0.752,20.083108729684803,1.06,75.826,1.06,
Chile,CHL,1999,0.0,0.766,20.6034346874109,4.1,76.738,4.1,
Chile,CHL,2001,0.01,0.778,21.09371082885471,19.1,77.58,19.1,
China,CHN,1990,0.002020202,0.491,120.91550608473358,0.0,68.155,0.0,
China,CHN,1991,0.009090909,0.499,122.57662503661491,,68.61,,
China,CHN,1992,0.13131313,0.511,124.08808883444732,,69.059,,
China,CHN,1993,0.212121218,0.522,125.52286102308737,0.000169,69.492,0.000169,
China,CHN,1994,0.383838385,0.532,126.94964450243656,0.00117,69.835,0.00117,
China,CHN,1995,0.616161644,0.543,128.33662113452576,0.0049499999999999995,70.363,0.0049499999999999995,
China,CHN,1997,0.197979793,0.566,131.02310020099637,0.0324,71.227,0.0324,
China,CHN,1999,0.473737359,0.587,133.43676070995278,0.7080000000000001,71.952,0.7080000000000001,
China,CHN,2001,0.720000029,0.608,135.47304875084765,2.63965021485872,72.675,2.63965021485872,
Colombia,COL,1990,0.0,0.623,29.23845786390266,0.0,68.701,0.0,
Colombia,COL,1991,0.0,0.63,29.83179089680036,,68.772,,
Colombia,COL,1992,0.0,0.639,30.428635421360973,,68.764,,
Colombia,COL,1993,0.0,0.645,31.04233708877873,,69.083,,
Colombia,COL,1994,0.0,0.65,31.660576836412798,0.107,69.422,0.107,
Colombia,COL,1995,0.0,0.655,32.27098873366381,0.188,69.81,0.188,
Colombia,COL,1997,0.0,0.67,33.45754754393871,0.551,70.632,0.551,
Colombia,COL,1999,0.0,0.673,34.659633168093734,1.7,70.913,1.7,
Colombia,COL,2001,0.0,0.681,35.79023163587201,2.85419997133433,71.185,2.85419997133433,
Comoros,COM,1990,0.0,,238.90166577109082,0.0,55.62,0.0,
Comoros,COM,1991,0.0,,244.79097259537883,,56.104,,
Comoros,COM,1992,0.0,,249.9263836646964,,56.576,,
Comoros,COM,1993,0.0,,254.530897367007,,57.026,,
Comoros,COM,1994,0.0,,259.07684040838257,,57.458,,
Comoros,COM,1995,0.0,,263.6141859215476,,57.83,,
Comoros,COM,1997,0.0,,272.85169263836644,0.0,58.228,0.0,
Comoros,COM,1999,0.0,,282.58248253627085,0.148,58.853,0.148,
Comoros,COM,2001,0.0,0.47,294.0462117141322,0.443068372538977,59.587,0.443068372538977,
Congo,COG,1990,0.0,0.573,6.970893118594437,0.0,57.07,0.0,
Congo,COG,1991,0.0,0.571,7.17197364568082,,56.764,,
Congo,COG,1992,0.0,0.572,7.377642752562226,,56.483,,
Congo,COG,1993,0.0,0.566,7.599191800878478,,56.041,,
Congo,COG,1994,0.0,0.561,7.827654465592972,,55.641,,
Congo,COG,1995,0.0,0.551,8.051130307467057,,55.474,,
Congo,COG,1997,0.0,0.516,8.45640409956076,0.0034700000000000004,48.575,0.0034700000000000004,
Congo,COG,1999,0.0,0.544,8.881036603221084,0.0168,54.427,0.0168,
Congo,COG,2001,0.0,0.55,9.582831625183015,0.0322236164306931,55.885,0.0322236164306931,
Costa Rica,CRI,1990,,0.677,61.13799451625538,0.0,76.094,0.0,
Costa Rica,CRI,1991,,0.682,62.71398354876616,,76.237,,
Costa Rica,CRI,1992,,0.691,64.32154328241285,0.00111,76.385,0.00111,
Costa Rica,CRI,1993,,0.696,65.95052878965923,0.0815,76.315,0.0815,
Costa Rica,CRI,1994,,0.701,67.58954171562867,0.28,76.329,0.28,
Costa Rica,CRI,1995,,0.706,69.23572267920095,0.41700000000000004,76.44,0.41700000000000004,
Costa Rica,CRI,1997,,0.712,72.4972777124951,1.64,76.603,1.64,
Costa Rica,CRI,1999,,0.717,75.63848413631023,3.9,77.058,3.9,
Costa Rica,CRI,2001,0.189999998,0.726,78.5144339992166,9.55948213497093,77.609,9.55948213497093,
Cote d'Ivoire,CIV,1990,0.0,0.389,38.33263522012579,0.0,52.796,0.0,
Cote d'Ivoire,CIV,1991,0.0,0.39,39.886383647798745,,52.621,,
Cote d'Ivoire,CIV,1992,0.0,0.392,41.510408805031446,,52.429,,
Cote d'Ivoire,CIV,1993,0.0,0.393,43.194814465408804,,52.247,,
Cote d'Ivoire,CIV,1994,0.0,0.396,44.92830503144654,,52.005,,
Cote d'Ivoire,CIV,1995,0.0,0.399,46.71561320754717,0.00019999999999999998,51.713,0.00019999999999999998,
Cote d'Ivoire,CIV,1997,0.0,0.409,50.46279874213837,0.018799999999999997,51.498,0.018799999999999997,
Cote d'Ivoire,CIV,1999,0.0,0.416,54.13816037735849,0.11900000000000001,51.273,0.11900000000000001,
Cote d'Ivoire,CIV,2001,0.0,0.422,57.16639308176101,0.395747702246439,51.428,0.395747702246439,
Croatia,HRV,1990,0.0,,,0.0,72.17048780487805,0.0,
Croatia,HRV,1991,0.0,,,,72.18536585365855,,
Croatia,HRV,1992,0.0,,81.84256841352173,,71.24146341463415,,
Croatia,HRV,1993,0.0,,82.28336612412807,0.0972,71.52243902439025,0.0972,
Croatia,HRV,1994,0.0,,83.20558039706671,0.268,71.80341463414635,0.268,
Croatia,HRV,1995,0.0,0.713,82.63333929529601,0.514,72.08439024390245,0.514,
Croatia,HRV,1997,0.0,0.734,81.0096463022508,1.73,72.49512195121952,1.73,
Croatia,HRV,1999,0.0,0.753,80.71180468610267,4.41,72.6419512195122,4.41,
Croatia,HRV,2001,0.0,0.785,76.90016454428387,11.5585731811648,74.51292682926831,11.5585731811648,
Bosnia and Herzegovina,BIH,2025,0.370000005,,,,,,
Botswana,BWA,1960,0.0,,,,51.22,,
Botswana,BWA,1961,0.0,,0.9315582376087378,,51.781,,
Botswana,BWA,1962,0.0,,0.9531628817955641,,52.313,,
Botswana,BWA,1963,0.0,,0.9757133026308824,,52.848,,
Botswana,BWA,1964,0.0,,0.9991812679759321,,53.358,,
Botswana,BWA,1965,0.0,,1.013999611808092,,53.853,,
Botswana,BWA,1966,0.0,,1.0196495685776295,,54.36,,
Botswana,BWA,1967,0.0,,1.0250613166763716,,54.859,,
Botswana,BWA,1968,0.0,,1.0304130714802464,,55.372,,
Botswana,BWA,1969,0.0,,1.0358830483651826,,55.903,,
Botswana,BWA,1970,0.0,,1.0416494627071091,,56.446,,
Botswana,BWA,1971,0.0,,1.0595539322075769,,57.062,,
Botswana,BWA,1972,0.0,,1.0982425493621302,,57.669,,
Botswana,BWA,1973,0.0,,1.1511795740476065,,58.286,,
Botswana,BWA,1974,0.0,,1.209478940588993,,58.914,,
Botswana,BWA,1975,0.0,,1.2711167575388633,,59.53,,
Botswana,BWA,1976,0.0,,1.3383939442062358,,60.209,,
Botswana,BWA,1977,0.0,,1.41085525735359,,60.867,,
Botswana,BWA,1978,0.0,,1.4984895805762886,,61.485,,
Botswana,BWA,1979,0.0,,1.591131579411713,,62.035,,
Botswana,BWA,1980,0.0,,1.6542004128950294,,62.527,,
Botswana,BWA,1981,0.0,,1.7115663543486317,,63.027,,
Botswana,BWA,1982,0.0,,1.7808639034460854,,63.382,,
Botswana,BWA,1983,0.0,,1.8459178091860322,,63.605,,
Botswana,BWA,1984,0.0,,1.9121274681065057,,63.706,,
Botswana,BWA,1985,0.0,,1.9796816826354702,,63.647,,
Botswana,BWA,1986,0.0,,2.0479769908069096,,63.363,,
Botswana,BWA,1987,0.0,,2.1159405713479083,,62.837,,
Botswana,BWA,1988,0.0,,2.1800081167398937,,61.696,,
Botswana,BWA,1989,0.0,,2.241409489527641,,61.189,,
Brazil,BRA,1960,0.0,,,,53.162,,
Brazil,BRA,1961,0.0,,8.92608247768044,,53.594,,
Brazil,BRA,1962,0.0,,9.196462729746091,,54.017,,
Brazil,BRA,1963,0.0,,9.471513398914112,,54.452,,
Brazil,BRA,1964,0.0,,9.749608764629452,,54.848,,
Brazil,BRA,1965,0.0,,10.028257842055769,,55.243,,
Brazil,BRA,1966,0.0,,10.306044048077682,,55.625,,
Brazil,BRA,1967,0.0,,10.582034280354241,,56.016,,
Brazil,BRA,1968,0.0,,10.856630781489661,,56.47,,
Brazil,BRA,1969,0.0,,11.132354447281333,,56.898,,
Brazil,BRA,1970,0.0,,11.411109529153615,,57.338,,
Brazil,BRA,1971,0.0,,11.693902351480114,,57.786,,
Brazil,BRA,1972,0.0,,11.98194777785488,,58.255,,
Brazil,BRA,1973,0.0,,12.275575187781014,,58.681,,
Brazil,BRA,1974,0.0,,12.573332703209088,,59.081,,
Brazil,BRA,1975,0.0,,12.87601846822379,,59.556,,
Brazil,BRA,1976,0.0,,13.186348757020102,,60.007,,
Brazil,BRA,1977,0.0,,13.504833850593553,,60.461,,
Brazil,BRA,1978,0.0,,13.830941094549745,,60.922,,
Brazil,BRA,1979,0.0,,14.163536504533305,,61.365,,
Brazil,BRA,1980,0.0,,14.501726580315717,,61.819,,
Brazil,BRA,1981,0.0,,14.843387284730813,,62.267,,
Brazil,BRA,1982,0.0,,15.185574182772722,,62.708,,
Brazil,BRA,1983,0.0,,15.528583751887382,,63.133,,
Brazil,BRA,1984,0.0,,15.871816456771482,,63.553,,
Brazil,BRA,1985,0.0,,16.213606735469853,,63.98,,
Brazil,BRA,1986,0.0,,16.551095100106004,,64.389,,
Brazil,BRA,1987,0.0,,16.882337936430833,,64.785,,
Brazil,BRA,1988,0.0,,17.20793824941913,,65.161,,
Brazil,BRA,1989,0.0,,17.52817875747475,,65.514,,
Brazil,BRA,2025,117.5800018,,,,,,
British Virgin Islands,VGB,1980,0.0,,74.2,,69.645,,
British Virgin Islands,VGB,1981,0.0,,76.52666666666667,,69.906,,
British Virgin Islands,VGB,1982,0.0,,79.47333333333333,,70.138,,
British Virgin Islands,VGB,1983,0.0,,82.46666666666667,,70.374,,
British Virgin Islands,VGB,1984,0.0,,85.46666666666667,,70.711,,
British Virgin Islands,VGB,1985,0.0,,88.46,,70.987,,
British Virgin Islands,VGB,1986,0.0,,91.50666666666666,,71.252,,
British Virgin Islands,VGB,1987,0.0,,94.62666666666667,,71.492,,
British Virgin Islands,VGB,1988,0.0,,97.86666666666666,,71.763,,
British Virgin Islands,VGB,1989,0.0,,101.2,,72.038,,
British Virgin Islands,VGB,1990,0.0,,104.69333333333333,0.0,72.392,0.0,
British Virgin Islands,VGB,1991,0.0,,107.91333333333333,,72.75,,
British Virgin Islands,VGB,1992,0.0,,110.62,,73.109,,
British Virgin Islands,VGB,1993,0.0,,113.26,,73.431,,
British Virgin Islands,VGB,1994,0.0,,116.04,,73.794,,
British Virgin Islands,VGB,1995,0.0,,118.93333333333334,,74.089,,
British Virgin Islands,VGB,1996,0.0,,121.91333333333333,,74.341,,
British Virgin Islands,VGB,1997,0.0,,125.04,,74.469,,
British Virgin Islands,VGB,1998,0.0,,128.25333333333333,,74.569,,
British Virgin Islands,VGB,1999,0.0,,131.53333333333333,,74.652,,
British Virgin Islands,VGB,2000,0.0,,134.94,,74.753,,
British Virgin Islands,VGB,2001,0.0,,138.64,,74.831,,
British Virgin Islands,VGB,2002,0.0,,142.86666666666667,18.8857412653447,74.971,18.8857412653447,
British Virgin Islands,VGB,2003,0.0,,147.56,,75.183,,
British Virgin Islands,VGB,2004,0.0,,152.54,,75.404,,
British Virgin Islands,VGB,2005,0.0,,157.76666666666668,,75.569,,
British Virgin Islands,VGB,2006,0.0,,163.28666666666666,,75.745,,
British Virgin Islands,VGB,2007,0.0,,169.10666666666665,,75.893,,
British Virgin Islands,VGB,2008,0.0,,175.25333333333333,,76.07,,
British Virgin Islands,VGB,2009,0.0,,181.45333333333335,36.0,76.205,36.0,
British Virgin Islands,VGB,2010,0.0,,184.5,37.0,76.289,37.0,
British Virgin Islands,VGB,2011,0.0,,191.4,37.4,76.363,37.4,
British Virgin Islands,VGB,2012,0.0,,202.3,37.6,76.433,37.6,
British Virgin Islands,VGB,2013,0.0,,211.35333333333332,,76.472,,
British Virgin Islands,VGB,2014,0.0,,219.74666666666667,,76.527,,
British Virgin Islands,VGB,2015,0.0,,229.98666666666668,,76.558,,
British Virgin Islands,VGB,2016,0.0,,225.85333333333332,77.7014296797074,76.624,77.7014296797074,
British Virgin Islands,VGB,2017,0.0,,217.99333333333334,77.7042682926829,75.67,77.7042682926829,
British Virgin Islands,VGB,2018,0.0,,231.04666666666665,,76.728,,
British Virgin Islands,VGB,2019,0.0,,242.63333333333333,,76.845,,
British Virgin Islands,VGB,2020,0.0,,247.56666666666666,,76.894,,
British Virgin Islands,VGB,2021,0.0,,252.06,,75.297,,
British Virgin Islands,VGB,2022,0.0,,255.46,,77.177,,
British Virgin Islands,VGB,2023,0.0,,259.9,,77.276,,
Brunei,BRN,1960,0.0,,,,58.721,,
Brunei,BRN,1961,0.0,,17.555407969639468,,59.387,,
Brunei,BRN,1962,0.0,,18.352751423149904,,58.824,,
Brunei,BRN,1963,0.0,,19.195256166982922,,60.625,,
Brunei,BRN,1964,0.0,,20.099051233396583,,61.267,,
Brunei,BRN,1965,0.0,,21.031878557874762,,61.721,,
Brunei,BRN,1966,0.0,,21.987476280834915,,62.401,,
Brunei,BRN,1967,0.0,,22.96337760910816,,62.909,,
Brunei,BRN,1968,0.0,,23.951043643263755,,63.47,,
Brunei,BRN,1969,0.0,,24.942314990512333,,63.963,,
Brunei,BRN,1970,0.0,,25.642884250474385,,64.49,,
Brunei,BRN,1971,0.0,,26.170967741935485,,64.975,,
Brunei,BRN,1972,0.0,,26.980834914611005,,65.447,,
Brunei,BRN,1973,0.0,,27.963757115749527,,65.95,,
Brunei,BRN,1974,0.0,,28.96698292220114,,66.442,,
Brunei,BRN,1975,0.0,,29.99430740037951,,66.95,,
Brunei,BRN,1976,0.0,,31.0449715370019,,67.411,,
Brunei,BRN,1977,0.0,,32.12087286527514,,67.833,,
Brunei,BRN,1978,0.0,,33.18481973434535,,68.258,,
Brunei,BRN,1979,0.0,,34.235673624288424,,68.642,,
Brunei,BRN,1980,0.0,,35.31518026565465,,69.014,,
Brunei,BRN,1981,0.0,,36.428273244781785,,69.344,,
Brunei,BRN,1982,0.0,,37.60246679316888,,69.669,,
Brunei,BRN,1983,0.0,,38.850284629981026,,69.991,,
Brunei,BRN,1984,0.0,,40.16337760910816,,70.236,,
Brunei,BRN,1985,0.0,,41.540607210626185,,70.499,,
Brunei,BRN,1986,0.0,,42.97817836812144,,70.762,,
Brunei,BRN,1987,0.0,,44.37571157495256,,70.982,,
Brunei,BRN,1988,0.0,,45.71404174573055,,71.183,,
Brunei,BRN,1989,0.0,,47.07096774193548,,71.408,,
Bulgaria,BGR,1960,0.0,,,,69.24756097560976,,
Bulgaria,BGR,1961,0.0,,71.79895145982103,,70.19560975609757,,
Bulgaria,BGR,1962,0.0,,72.43013649100605,,69.4919512195122,,
Bulgaria,BGR,1963,0.0,,73.0194793455663,,70.30926829268294,,
Bulgaria,BGR,1964,0.0,,73.61782518304257,,71.12121951219513,,
Bulgaria,BGR,1965,0.0,,74.15861881948838,,71.2939024390244,,
Bulgaria,BGR,1966,0.0,,74.64572900659857,,71.22341463414635,,
Bulgaria,BGR,1967,0.0,,75.11729187381361,,70.4139024390244,,
Bulgaria,BGR,1968,0.0,,75.65400885835669,,71.22512195121952,,
Bulgaria,BGR,1969,0.0,,76.23765705504836,,70.43,,
Bulgaria,BGR,1970,0.0,,76.7384434601826,,71.25634146341464,,
Bulgaria,BGR,1971,0.0,,77.1616650094911,,70.87365853658537,,
Bulgaria,BGR,1972,0.0,,77.52146795625056,,70.89951219512196,,
Bulgaria,BGR,1973,0.0,,77.92612311307964,,71.34219512195124,,
Bulgaria,BGR,1974,0.0,,78.44838651360391,,71.2080487804878,,
Bulgaria,BGR,1975,0.0,,78.8280032540902,,71.04975609756097,,
Bulgaria,BGR,1976,0.0,,79.17019795715449,,71.3948780487805,,
Bulgaria,BGR,1977,0.0,,79.58223809093374,,70.81609756097562,,
Bulgaria,BGR,1978,0.0,,79.6712645756124,,71.18463414634147,,
Bulgaria,BGR,1979,0.0,,79.77890264846786,,71.30829268292685,,
Bulgaria,BGR,1980,0.0,,80.10065081804213,,71.15756097560975,,
Bulgaria,BGR,1981,0.0,,80.36804664195968,,71.57195121951221,,
Bulgaria,BGR,1982,0.0,,80.60613757570279,,71.18609756097563,,
Bulgaria,BGR,1983,0.0,,80.80753864232125,,71.38634146341464,,
Bulgaria,BGR,1984,0.0,,80.99682726204465,,71.49975609756098,,
Bulgaria,BGR,1985,0.0,,80.9956340956341,,71.2280487804878,,
Bulgaria,BGR,1986,0.0,,80.97415710024406,,71.73073170731708,,
Bulgaria,BGR,1987,0.0,,81.09336527162614,,71.52682926829269,,
Bulgaria,BGR,1988,0.0,,81.18454307149959,,71.60439024390244,,
Bulgaria,BGR,1989,0.0,,80.24018801410105,,71.72243902439025,,
Bulgaria,BGR,2025,1.320000052,,,,,,
Burkina Faso,BFA,1980,0.0,,25.39437134502924,,46.465,,
Burkina Faso,BFA,1981,0.0,,26.0974817251462,,46.866,,
Burkina Faso,BFA,1982,0.0,,26.828205409356727,,47.633,,
Burkina Faso,BFA,1983,0.0,,27.599155701754388,,48.061,,
Burkina Faso,BFA,1984,0.0,,28.40736842105263,,48.464,,
Burkina Faso,BFA,1985,0.0,,29.23952850877193,,48.748,,
Burkina Faso,BFA,1986,0.0,,30.076195175438595,,48.987,,
Burkina Faso,BFA,1987,0.0,,30.910486111111112,,49.097,,
Burkina Faso,BFA,1988,0.0,,31.75232090643275,,49.215,,
Burkina Faso,BFA,1989,0.0,,32.60663377192982,,49.27,,
Burundi,BDI,1960,0.0,,,,43.262,,
Burundi,BDI,1961,0.0,,110.40183021806854,,43.364,,
Burundi,BDI,1962,0.0,,113.23765576323987,,43.492,,
Burundi,BDI,1963,0.0,,115.64801401869158,,43.559,,
Burundi,BDI,1964,0.0,,118.9894859813084,,43.601,,
Burundi,BDI,1965,0.0,,122.3273753894081,,41.844,,
Burundi,BDI,1966,0.0,,125.30996884735202,,43.529,,
Burundi,BDI,1967,0.0,,128.53154205607476,,43.332,,
Burundi,BDI,1968,0.0,,131.635007788162,,43.405,,
Burundi,BDI,1969,0.0,,134.52453271028037,,43.0,,
Burundi,BDI,1970,0.0,,137.4778816199377,,43.225,,
Burundi,BDI,1971,0.0,,140.86016355140188,,43.172,,
Burundi,BDI,1972,0.0,,140.8538940809969,,25.777,,
Burundi,BDI,1973,0.0,,140.65385514018692,,37.409,,
Burundi,BDI,1974,0.0,,144.22079439252337,,43.337,,
Burundi,BDI,1975,0.0,,147.8431464174455,,43.445,,
Burundi,BDI,1976,0.0,,151.1926012461059,,43.691,,
Burundi,BDI,1977,0.0,,155.12390965732087,,43.97,,
Burundi,BDI,1978,0.0,,159.6704828660436,,44.404,,
Burundi,BDI,1979,0.0,,163.6888629283489,,45.038,,
Burundi,BDI,1980,0.0,,170.70506230529594,,45.731,,
Burundi,BDI,1981,0.0,,177.80428348909658,,46.412,,
Burundi,BDI,1982,0.0,,182.2971183800623,,47.012,,
Burundi,BDI,1983,0.0,,187.24797507788162,,47.433,,
Burundi,BDI,1984,0.0,,191.84053738317758,,47.687,,
Burundi,BDI,1985,0.0,,196.02967289719626,,47.662,,
Burundi,BDI,1986,0.0,,199.74353582554517,,47.402,,
Burundi,BDI,1987,0.0,,204.35307632398755,,47.066,,
Burundi,BDI,1988,0.0,,208.93017912772586,,42.889,,
Burundi,BDI,1989,0.0,,213.07266355140186,,45.745,,
Cambodia,KHM,1980,,,29.457693179243144,,47.498,,
Cambodia,KHM,1981,,,29.9370892816678,,48.035,,
Cambodia,KHM,1982,,,30.797824609109448,,48.755,,
Cambodia,KHM,1983,,,31.9295433945162,,49.383,,
Cambodia,KHM,1984,,,33.11305801042375,,50.089,,
Cambodia,KHM,1985,,,34.238516881939724,,50.799,,
Cambodia,KHM,1986,,,35.60895649218219,,51.555,,
Cambodia,KHM,1987,,,37.15142760027192,,53.674,,
Cambodia,KHM,1988,,,38.59060729662361,,54.433,,
Cambodia,KHM,1989,,,40.071793564468614,,54.768,,
Cambodia,KHM,2025,,,,,,,
Cameroon,CMR,1960,0.0,,,,34.667,,
Cameroon,CMR,1961,0.0,,11.083482473398066,,35.186,,
Cameroon,CMR,1962,0.0,,11.293647267880942,,42.599,,
Cameroon,CMR,1963,0.0,,11.543278119777453,,43.074,,
Cameroon,CMR,1964,0.0,,11.8005902138732,,43.596,,
Cameroon,CMR,1965,0.0,,12.06804594783271,,44.175,,
Cameroon,CMR,1966,0.0,,12.34857523640287,,44.839,,
Cameroon,CMR,1967,0.0,,12.644788559581984,,45.602,,
Cameroon,CMR,1968,0.0,,12.959029849167566,,46.389,,
Cameroon,CMR,1969,0.0,,13.292424530896321,,47.191,,
Cameroon,CMR,1970,0.0,,13.644291426032874,,47.954,,
Cameroon,CMR,1971,0.0,,14.013682807641048,,48.577,,
Cameroon,CMR,1972,0.0,,14.399678449789512,,49.12,,
Cameroon,CMR,1973,0.0,,14.801167734974932,,49.517,,
Cameroon,CMR,1974,0.0,,15.217750840896109,,49.734,,
Cameroon,CMR,1975,0.0,,15.648325611897357,,49.891,,
Cameroon,CMR,1976,0.0,,16.07319921304817,,50.017,,
Cameroon,CMR,1977,0.0,,16.493200905417698,,50.13,,
Cameroon,CMR,1978,0.0,,16.948913710308645,,50.319,,
Cameroon,CMR,1979,0.0,,17.430646696706226,,50.535,,
Cameroon,CMR,1980,0.0,,18.0072750735123,,50.852,,
Cameroon,CMR,1981,0.0,,18.65070973747118,,51.227,,
Cameroon,CMR,1982,0.0,,19.099824416661377,,51.801,,
Cameroon,CMR,1983,0.0,,19.494821349241608,,52.447,,
Cameroon,CMR,1984,0.0,,20.04416661378012,,52.886,,
Cameroon,CMR,1985,0.0,,20.650568001523133,,53.465,,
Cameroon,CMR,1986,0.0,,21.282270313723,,53.572,,
Cameroon,CMR,1987,0.0,,21.938924499164393,,54.188,,
Cameroon,CMR,1988,0.0,,22.60364282541093,,54.359,,
Cameroon,CMR,1989,0.0,,23.275887965137187,,54.389,,
Canada,CAN,1960,,,,,71.13317073170732,,
Canada,CAN,1961,,,2.037902692405073,,71.34609756097562,,
Canada,CAN,1962,,,2.0761600742393975,,71.36707317073171,,
Canada,CAN,1963,,,2.1151982189683,,71.38073170731708,,
Canada,CAN,1964,,,2.1554632768172537,,71.77634146341464,,
Canada,CAN,1965,0.0,,2.194836034215261,,71.87219512195124,,
Canada,CAN,1966,0.0,,2.236104930071529,,72.00439024390245,,
Canada,CAN,1967,0.0,,2.2767046005895875,,72.20780487804879,,
Canada,CAN,1968,0.0,,2.3137350693038607,,72.35341463414635,,
Canada,CAN,1969,0.0,,2.3454117353124557,,72.50146341463415,,
Canada,CAN,1970,0.0,,2.3784268519974705,,72.70048780487805,,
Canada,CAN,1971,0.0,,2.449591382162245,,73.02926829268293,,
Canada,CAN,1972,0.0,,2.4781930692793224,,72.9339024390244,,
Canada,CAN,1973,0.0,,2.508677844960566,,73.16268292682928,,
Canada,CAN,1974,0.0,,2.5439451279837693,,73.23756097560977,,
Canada,CAN,1975,0.0,,2.581344339859396,,73.52170731707317,,
Canada,CAN,1976,0.0,,2.6155342816256377,,73.85609756097561,,
Canada,CAN,1977,0.0,,2.646322550997759,,74.21560975609756,,
Canada,CAN,1978,0.0,,2.672797105377337,,74.52975609756098,,
Canada,CAN,1979,0.0,,2.6993810780997123,,74.86634146341464,,
Canada,CAN,1980,0.0,,2.7344175899187895,,75.10219512195124,,
Canada,CAN,1981,0.0,,2.76835266836873,,75.49780487804878,,
Canada,CAN,1982,0.0,,2.8014823341241346,,75.72512195121952,,
Canada,CAN,1983,0.0,,2.829311958276031,,76.06048780487806,,
Canada,CAN,1984,0.0,,2.8561481174133547,,76.3319512195122,,
Canada,CAN,1985,0.001,,2.882366470025955,,76.32731707317075,,
Canada,CAN,1986,0.001,,2.911161228653106,,76.4639024390244,,
Canada,CAN,1987,0.001,,2.949789249787242,,76.77878048780488,,
Canada,CAN,1988,0.001,,2.988285991217533,,76.85878048780488,,
Canada,CAN,1989,0.001,,3.042385498333071,,77.12487804878049,,
Canada,CAN,2025,51.47999954,,,,,,
Cape Verde,CPV,1980,0.0,,80.22357320099256,,61.031,,
Cape Verde,CPV,1981,0.0,,81.35136476426798,,61.299,,
Cape Verde,CPV,1982,0.0,,82.56178660049628,,61.519,,
Cape Verde,CPV,1983,0.0,,83.78511166253102,,61.767,,
Cape Verde,CPV,1984,0.0,,84.98883374689827,,61.829,,
Cape Verde,CPV,1985,0.0,,86.19478908188586,,62.281,,
Cape Verde,CPV,1986,0.0,,87.42233250620347,,62.584,,
Cape Verde,CPV,1987,0.0,,88.6605459057072,,62.91,,
Cape Verde,CPV,1988,0.0,,89.90794044665013,,63.242,,
Cape Verde,CPV,1989,0.0,,91.26625310173698,,63.566,,
Cayman Islands,CYM,1980,0.0,,71.1625,,69.487,,
Cayman Islands,CYM,1981,0.0,,74.60416666666667,,69.951,,
Cayman Islands,CYM,1982,0.0,,78.125,,70.407,,
Cayman Islands,CYM,1983,0.0,,81.65833333333333,,70.839,,
Cayman Islands,CYM,1984,0.0,,85.225,,71.187,,
Cayman Islands,CYM,1985,0.0,,88.85,,71.558,,
Cayman Islands,CYM,1986,0.0,,92.4875,,71.869,,
Cayman Islands,CYM,1987,0.0,,96.1375,,72.13,,
Cayman Islands,CYM,1988,0.0,,99.79583333333333,,72.351,,
Cayman Islands,CYM,1989,0.0,,103.64166666666667,,72.545,,
Cayman Islands,CYM,1990,0.0,,108.32916666666667,0.0,72.744,0.0,
Cayman Islands,CYM,1991,0.0,,113.725,,72.911,,
Cayman Islands,CYM,1992,0.0,,119.25416666666666,,73.088,,
Cayman Islands,CYM,1993,0.0,,124.9,0.0,73.25,0.0,
Cayman Islands,CYM,1994,0.0,,130.63333333333333,0.0,73.42,0.0,
Cayman Islands,CYM,1995,0.0,,136.42916666666667,3.95,73.597,3.95,
Cayman Islands,CYM,1997,0.0,,148.09583333333333,,73.904,,
Cayman Islands,CYM,1999,0.0,,159.51666666666668,,74.232,,
Cayman Islands,CYM,2001,0.0,,171.20416666666668,,74.529,,
Central African Republic,CAF,1980,0.0,,3.9335692959645576,,49.789,,
Central African Republic,CAF,1981,0.0,,3.9783010690551865,,50.028,,
Central African Republic,CAF,1982,0.0,,4.0248081800378825,,50.213,,
Central African Republic,CAF,1983,0.0,,4.073002343574433,,50.342,,
Central African Republic,CAF,1984,0.0,,4.123101865228418,,50.427,,
Central African Republic,CAF,1985,0.0,,4.174984750714309,,50.463,,
Central African Republic,CAF,1986,0.0,,4.22847924491958,,50.445,,
Central African Republic,CAF,1987,0.0,,4.284495489421811,,50.371,,
Central African Republic,CAF,1988,0.0,,4.356423962245979,,50.243,,
Central African Republic,CAF,1989,0.0,,4.468795145911586,,50.074,,
Chad,TCD,1965,0.0,,2.677952380952381,,40.05,,
Chad,TCD,1966,0.0,,2.7308753968253967,,40.089,,
Chad,TCD,1967,0.0,,2.7845333333333335,,40.393,,
Chad,TCD,1968,0.0,,2.839865873015873,,40.702,,
Chad,TCD,1969,0.0,,2.89770873015873,,41.019,,
Chad,TCD,1970,0.0,,2.958593650793651,,41.386,,
Chad,TCD,1971,0.0,,3.021679365079365,,40.869,,
Chad,TCD,1972,0.0,,3.08988253968254,,41.922,,
Chad,TCD,1973,0.0,,3.163419841269841,,42.399,,
Chad,TCD,1974,0.0,,3.237818355033344,,42.601,,
Chad,TCD,1975,0.0,,3.3094297966963153,,42.736,,
Chad,TCD,1976,0.0,,3.3761888500635324,,42.687,,
Chad,TCD,1977,0.0,,3.440015088945362,,42.884,,
Chad,TCD,1978,0.0,,3.5033084498094027,,43.017,,
Chad,TCD,1979,0.0,,3.5779733163913594,,43.239,,
Chad,TCD,1980,0.0,,3.585969663278272,,43.452,,
Chad,TCD,1981,0.0,,3.5903422808132146,,43.497,,
Chad,TCD,1982,0.0,,3.7630900571791615,,43.91,,
Chad,TCD,1983,0.0,,3.954201080050826,,44.446,,
Chad,TCD,1984,0.0,,4.006627223634053,,44.732,,
Chad,TCD,1985,0.0,,4.047227604828462,,45.315,,
Chad,TCD,1986,0.0,,4.170162801778908,,45.598,,
Chad,TCD,1987,0.0,,4.318860387547649,,43.071,,
Chad,TCD,1988,0.0,,4.467600063532402,,46.352,,
Chad,TCD,1989,0.0,,4.621653430749682,,46.434,,
Chile,CHL,1960,0.0,,,,57.216,,
Chile,CHL,1961,0.0,,11.196292829360404,,57.309,,
Chile,CHL,1962,0.0,,11.427966785558658,,57.811,,
Chile,CHL,1963,0.0,,11.660754345475379,,58.349,,
Chile,CHL,1964,0.0,,11.892595073244998,,58.812,,
Chile,CHL,1965,0.0,,12.121788974785215,,59.473,,
Chile,CHL,1966,0.0,,12.348791982053227,,60.373,,
Chile,CHL,1967,0.0,,12.57368748083472,,61.054,,
Chile,CHL,1968,0.0,,12.796646277497135,,61.68,,
Chile,CHL,1969,0.0,,13.019321293501827,,62.341,,
Chile,CHL,1970,0.0,,13.241318463764841,,62.634,,
Chile,CHL,1971,0.0,,13.462367456948726,,63.072,,
Chile,CHL,1972,0.0,,13.684250307989434,,63.717,,
Chile,CHL,1973,0.0,,13.907084025973328,,64.42,,
Chile,CHL,1974,0.0,,14.129609754523006,,65.085,,
Chile,CHL,1975,0.0,,14.352521478564473,,66.037,,
Chile,CHL,1976,0.0,,14.57671088803172,,66.819,,
Chile,CHL,1977,0.0,,14.801674978346595,,67.529,,
Chile,CHL,1978,0.0,,15.026515334914974,,68.042,,
Chile,CHL,1979,0.0,,15.251231957736856,,68.858,,
Chile,CHL,1980,0.0,,15.478217480888516,,69.475,,
Chile,CHL,1981,0.0,,15.707080529150057,,69.822,,
Chile,CHL,1982,0.0,,15.937732337007688,,70.291,,
Chile,CHL,1983,0.0,,16.174338158949446,,70.83,,
Chile,CHL,1984,0.0,,16.41857109041709,,71.215,,
Chile,CHL,1985,0.0,,16.67080098771808,,71.615,,
Chile,CHL,1986,0.0,,16.93123362545257,,72.061,,
Chile,CHL,1987,0.0,,17.201882366865178,,72.466,,
Chile,CHL,1988,0.0,,17.4833416719119,,72.788,,
Chile,CHL,1989,0.0,,17.77328346325377,,73.188,,
Chile,CHL,2025,11.57999992,,,,,,
China,CHN,1960,0.0,,,,33.419,,
China,CHN,1961,0.0,,70.33579208052619,,40.158,,
China,CHN,1962,0.0,,70.91523979442388,,50.959,,
China,CHN,1963,0.0,,72.67967938646713,,51.67,,
China,CHN,1964,0.0,,74.38606769099673,,52.343,,
China,CHN,1965,0.0,,76.17873405586771,,53.001,,
China,CHN,1966,0.0,,78.33195750006658,,53.662,,
China,CHN,1967,0.0,,80.3717412723351,,54.401,,
China,CHN,1968,0.0,,82.497803104945,,55.191,,
China,CHN,1969,0.0,,84.7894975101856,,55.988,,
China,CHN,1970,0.0,,87.16374191143184,,56.824,,
China,CHN,1971,0.0,,89.5912443746172,,57.731,,
China,CHN,1972,0.0,,91.82009426676963,,58.579,,
China,CHN,1973,0.0,,93.94083029318563,,59.496,,
China,CHN,1974,0.0,,95.90179213378426,,60.241,,
China,CHN,1975,0.0,,97.6108433414108,,60.952,,
China,CHN,1976,0.0,,99.13295875163102,,61.225,,
China,CHN,1977,0.0,,100.49316965355631,,62.458,,
China,CHN,1978,0.0,,101.84698958804888,,63.102,,
China,CHN,1979,0.0,,103.21465661864565,,63.704,,
China,CHN,1980,0.0,,104.51734881367668,,64.243,,
China,CHN,1981,0.0,,105.86477778073656,,64.778,,
China,CHN,1982,0.0,,107.43535802732139,,65.249,,
China,CHN,1983,0.0,,108.99901472585412,,65.728,,
China,CHN,1984,0.0,,110.43858014006871,,66.148,,
China,CHN,1985,0.0,,111.95270684099806,,66.532,,
China,CHN,1986,0.0,,113.63033579208053,,66.887,,
China,CHN,1987,0.0,,115.46720634836099,,67.263,,
China,CHN,1988,0.0,,117.34135754799883,,67.607,,
China,CHN,1989,0.0,,119.15426197640667,,67.93,,
China,CHN,2025,1135.439941,,,91.6,,91.6,
Colombia,COL,1960,0.0,,,,56.609,,
Colombia,COL,1961,0.0,,14.506717440288417,,57.203,,
Colombia,COL,1962,0.0,,14.960819287967553,,57.737,,
Colombia,COL,1963,0.0,,15.424806669671023,,58.296,,
Colombia,COL,1964,0.0,,15.896720144209104,,58.77,,
Colombia,COL,1965,0.0,,16.37589004055881,,59.247,,
Colombia,COL,1966,0.0,,16.856861649391618,,59.713,,
Colombia,COL,1967,0.0,,17.337195132942767,,60.15,,
Colombia,COL,1968,0.0,,17.81594952681388,,60.572,,
Colombia,COL,1969,0.0,,18.289267237494368,,61.031,,
Colombia,COL,1970,0.0,,18.757802613789995,,61.465,,
Colombia,COL,1971,0.0,,19.21504821991888,,62.005,,
Colombia,COL,1972,0.0,,19.66612257773772,,62.53,,
Colombia,COL,1973,0.0,,20.122013519603424,,62.991,,
Colombia,COL,1974,0.0,,20.579963046417305,,63.497,,
Colombia,COL,1975,0.0,,21.040688598467778,,64.012,,
Colombia,COL,1976,0.0,,21.50410995944119,,64.642,,
Colombia,COL,1977,0.0,,21.986024335286164,,65.237,,
Colombia,COL,1978,0.0,,22.487910770617397,,65.827,,
Colombia,COL,1979,0.0,,22.997409643983776,,66.162,,
Colombia,COL,1980,0.0,,23.52816403785489,,66.693,,
Colombia,COL,1981,0.0,,24.076851735015772,,67.189,,
Colombia,COL,1982,0.0,,24.640226228030645,,67.861,,
Colombia,COL,1983,0.0,,25.22593330328977,,68.121,,
Colombia,COL,1984,0.0,,25.81585398828301,,68.308,,
Colombia,COL,1985,0.0,,26.3798738170347,,65.359,,
Colombia,COL,1986,0.0,,26.930249662009913,,68.303,,
Colombia,COL,1987,0.0,,27.489379900856243,,68.166,,
Colombia,COL,1988,0.0,,28.058155926092834,,68.301,,
Colombia,COL,1989,0.0,,28.640179360072104,,68.616,,
Colombia,COL,2025,0.150000006,,,,,,
Comoros,COM,1980,0.0,,181.47286405158516,,50.681,,
Comoros,COM,1981,0.0,,186.6641590542719,,51.211,,
Comoros,COM,1982,0.0,,191.90703922622245,,51.75,,
Comoros,COM,1983,0.0,,197.33100483610963,,52.121,,
Comoros,COM,1984,0.0,,202.92154755507792,,52.784,,
Comoros,COM,1985,0.0,,208.6792047286405,,53.263,,
Comoros,COM,1986,0.0,,214.57173562600752,,53.756,,
Comoros,COM,1987,0.0,,220.5475550779151,,54.134,,
Comoros,COM,1988,0.0,,226.59161740999463,,54.678,,
Comoros,COM,1989,0.0,,232.72595378828586,,54.983,,
Congo,COG,1960,0.0,,,,47.595,,
Congo,COG,1961,0.0,,3.1753704245973644,,48.351,,
Congo,COG,1962,0.0,,3.259663250366032,,49.038,,
Congo,COG,1963,0.0,,3.3477686676427525,,49.729,,
Congo,COG,1964,0.0,,3.440163982430454,,50.363,,
Congo,COG,1965,0.0,,3.536983894582723,,50.996,,
Congo,COG,1966,0.0,,3.638459736456808,,51.557,,
Congo,COG,1967,0.0,,3.744336749633968,,51.91,,
Congo,COG,1968,0.0,,3.855106881405564,,52.62,,
Congo,COG,1969,0.0,,3.9712503660322107,,53.114,,
Congo,COG,1970,0.0,,4.092644216691069,,53.555,,
Congo,COG,1971,0.0,,4.219733528550512,,53.983,,
Congo,COG,1972,0.0,,4.352761346998536,,54.361,,
Congo,COG,1973,0.0,,4.491010248901904,,54.744,,
Congo,COG,1974,0.0,,4.633385065885798,,55.053,,
Congo,COG,1975,0.0,,4.764368960468521,,55.402,,
Congo,COG,1976,0.0,,4.8820644216691065,,55.699,,
Congo,COG,1977,0.0,,5.000199121522694,,56.027,,
Congo,COG,1978,0.0,,5.11885505124451,,56.248,,
Congo,COG,1979,0.0,,5.237259150805271,,56.524,,
Congo,COG,1980,0.0,,5.355739385065886,,56.803,,
Congo,COG,1981,0.0,,5.47513616398243,,57.065,,
Congo,COG,1982,0.0,,5.594231332357247,,57.236,,
Congo,COG,1983,0.0,,5.711042459736457,,57.428,,
Congo,COG,1984,0.0,,5.855133235724744,,57.54,,
Congo,COG,1985,0.0,,6.030193265007321,,57.608,,
Congo,COG,1986,0.0,,6.209669106881406,,57.633,,
Congo,COG,1987,0.0,,6.393771595900439,,57.59,,
Congo,COG,1988,0.0,,6.581707174231332,,57.493,,
Congo,COG,1989,0.0,,6.774693997071743,,57.292,,
Costa Rica,CRI,1980,,,46.82007442224833,,73.034,,
Costa Rica,CRI,1981,,,48.112749706227966,,73.441,,
Costa Rica,CRI,1982,,,49.447826086956525,,73.865,,
Costa Rica,CRI,1983,,,50.825558166862514,,74.245,,
Costa Rica,CRI,1984,,,52.24432040736389,,74.581,,
Costa Rica,CRI,1985,,,53.69945162553858,,74.765,,
Costa Rica,CRI,1986,,,55.17461809635723,,74.949,,
Costa Rica,CRI,1987,,,56.65293772032903,,75.224,,
Costa Rica,CRI,1988,,,58.129710144927536,,75.546,,
Costa Rica,CRI,1989,,,59.612749706227966,,75.85,,
Costa Rica,CRI,2025,1.549999952,,,,,,
Cote d'Ivoire,CIV,1960,0.0,,,,37.244,,
Cote d'Ivoire,CIV,1961,0.0,,11.981606918238993,,37.923,,
Cote d'Ivoire,CIV,1962,0.0,,12.443204402515724,,38.62,,
Cote d'Ivoire,CIV,1963,0.0,,12.931009433962265,,39.315,,
Cote d'Ivoire,CIV,1964,0.0,,13.440100628930818,,39.966,,
Cote d'Ivoire,CIV,1965,0.0,,13.969738993710692,,40.643,,
Cote d'Ivoire,CIV,1966,0.0,,14.5205,,41.297,,
Cote d'Ivoire,CIV,1967,0.0,,15.093534591194969,,41.959,,
Cote d'Ivoire,CIV,1968,0.0,,15.691889937106918,,42.648,,
Cote d'Ivoire,CIV,1969,0.0,,16.327738993710692,,43.345,,
Cote d'Ivoire,CIV,1970,0.0,,17.017506289308177,,44.045,,
Cote d'Ivoire,CIV,1971,0.0,,17.770025157232705,,44.783,,
Cote d'Ivoire,CIV,1972,0.0,,18.584012578616353,,45.575,,
Cote d'Ivoire,CIV,1973,0.0,,19.449509433962263,,46.372,,
Cote d'Ivoire,CIV,1974,0.0,,20.358669811320755,,47.207,,
Cote d'Ivoire,CIV,1975,0.0,,21.309110062893083,,48.03,,
Cote d'Ivoire,CIV,1976,0.0,,22.194836477987423,,48.863,,
Cote d'Ivoire,CIV,1977,0.0,,23.025,,49.624,,
Cote d'Ivoire,CIV,1978,0.0,,23.90921383647799,,50.361,,
Cote d'Ivoire,CIV,1979,0.0,,24.849896226415094,,50.983,,
Cote d'Ivoire,CIV,1980,0.0,,25.851301886792452,,51.437,,
Cote d'Ivoire,CIV,1981,0.0,,26.907534591194967,,51.791,,
Cote d'Ivoire,CIV,1982,0.0,,28.012377358490568,,52.09,,
Cote d'Ivoire,CIV,1983,0.0,,29.159572327044025,,52.352,,
Cote d'Ivoire,CIV,1984,0.0,,30.347534591194968,,52.648,,
Cote d'Ivoire,CIV,1985,0.0,,31.573845911949686,,52.861,,
Cote d'Ivoire,CIV,1986,0.0,,32.83307232704402,,53.009,,
Cote d'Ivoire,CIV,1987,0.0,,34.12413522012579,,53.118,,
Cote d'Ivoire,CIV,1988,0.0,,35.456569182389934,,53.062,,
Cote d'Ivoire,CIV,1989,0.0,,36.854625786163524,,52.955,,
Croatia,HRV,2025,3.150000095,,,,,,
Botswana,BWA,1900,0.0,,,,,,
Botswana,BWA,1901,0.0,,,,,,
Botswana,BWA,1902,0.0,,,,,,
Botswana,BWA,1903,0.0,,,,,,
Botswana,BWA,1904,0.0,,,,,,
Botswana,BWA,1905,0.0,,,,,,
Botswana,BWA,1906,0.0,,,,,,
Botswana,BWA,1907,0.0,,,,,,
Botswana,BWA,1908,0.0,,,,,,
Botswana,BWA,1909,0.0,,,,,,
Botswana,BWA,1910,0.0,,,,,,
Botswana,BWA,1911,0.0,,,,,,
Botswana,BWA,1912,0.0,,,,,,
Botswana,BWA,1913,0.0,,,,,,
Botswana,BWA,1914,0.0,,,,,,
Botswana,BWA,1915,0.0,,,,,,
Botswana,BWA,1916,0.0,,,,,,
Botswana,BWA,1917,0.0,,,,,,
Botswana,BWA,1918,0.0,,,,,,
Botswana,BWA,1919,0.0,,,,,,
Botswana,BWA,1920,0.0,,,,,,
Botswana,BWA,1921,0.0,,,,,,
Botswana,BWA,1922,0.0,,,,,,
Botswana,BWA,1923,0.0,,,,,,
Botswana,BWA,1924,0.0,,,,,,
Botswana,BWA,1925,0.0,,,,,,
Botswana,BWA,1926,0.0,,,,,,
Botswana,BWA,1927,0.0,,,,,,
Botswana,BWA,1928,0.0,,,,,,
Botswana,BWA,1929,0.0,,,,,,
Botswana,BWA,1930,0.0,,,,,,
Botswana,BWA,1931,0.0,,,,,,
Botswana,BWA,1932,0.0,,,,,,
Botswana,BWA,1933,0.0,,,,,,
Botswana,BWA,1934,0.0,,,,,,
Botswana,BWA,1935,0.0,,,,,,
Botswana,BWA,1936,0.0,,,,,,
Botswana,BWA,1937,0.0,,,,,,
Botswana,BWA,1938,0.0,,,,,,
Botswana,BWA,1939,0.0,,,,,,
Botswana,BWA,1940,0.0,,,,,,
Botswana,BWA,1941,0.0,,,,,,
Botswana,BWA,1942,0.0,,,,,,
Botswana,BWA,1943,0.0,,,,,,
Botswana,BWA,1944,0.0,,,,,,
Botswana,BWA,1945,0.0,,,,,,
Botswana,BWA,1946,0.0,,,,,,
Botswana,BWA,1947,0.0,,,,,,
Botswana,BWA,1948,0.0,,,,,,
Botswana,BWA,1949,0.0,,,,,,
Botswana,BWA,1950,0.0,,,,,,
Botswana,BWA,1951,0.0,,,,,,
Botswana,BWA,1952,0.0,,,,,,
Botswana,BWA,1953,0.0,,,,,,
Botswana,BWA,1954,0.0,,,,,,
Botswana,BWA,1955,0.0,,,,,,
Botswana,BWA,1956,0.0,,,,,,
Botswana,BWA,1957,0.0,,,,,,
Botswana,BWA,1958,0.0,,,,,,
Botswana,BWA,1959,0.0,,,,,,
Brazil,BRA,1900,0.0,,,,,,
Brazil,BRA,1901,0.0,,,,,,
Brazil,BRA,1902,0.0,,,,,,
Brazil,BRA,1903,0.0,,,,,,
Brazil,BRA,1904,0.0,,,,,,
Brazil,BRA,1905,0.0,,,,,,
Brazil,BRA,1906,0.0,,,,,,
Brazil,BRA,1907,0.0,,,,,,
Brazil,BRA,1908,0.0,,,,,,
Brazil,BRA,1909,0.0,,,,,,
Brazil,BRA,1910,0.0,,,,,,
Brazil,BRA,1911,0.0,,,,,,
Brazil,BRA,1912,0.0,,,,,,
Brazil,BRA,1913,0.0,,,,,,
Brazil,BRA,1914,0.0,,,,,,
Brazil,BRA,1915,0.0,,,,,,
Brazil,BRA,1916,0.0,,,,,,
Brazil,BRA,1917,0.0,,,,,,
Brazil,BRA,1918,0.0,,,,,,
Brazil,BRA,1919,0.0,,,,,,
Brazil,BRA,1920,0.0,,,,,,
Brazil,BRA,1921,0.0,,,,,,
Brazil,BRA,1922,0.0,,,,,,
Brazil,BRA,1923,0.0,,,,,,
Brazil,BRA,1924,0.0,,,,,,
Brazil,BRA,1925,0.0,,,,,,
Brazil,BRA,1926,0.0,,,,,,
Brazil,BRA,1927,0.0,,,,,,
Brazil,BRA,1928,0.0,,,,,,
Brazil,BRA,1929,0.0,,,,,,
Brazil,BRA,1930,0.0,,,,,,
Brazil,BRA,1931,0.0,,,,,,
Brazil,BRA,1932,0.0,,,,,,
Brazil,BRA,1933,0.0,,,,,,
Brazil,BRA,1934,0.0,,,,,,
Brazil,BRA,1935,0.0,,,,,,
Brazil,BRA,1936,0.0,,,,,,
Brazil,BRA,1937,0.0,,,,,,
Brazil,BRA,1938,0.0,,,,,,
Brazil,BRA,1939,0.0,,,,,,
Brazil,BRA,1940,0.0,,,,,,
Brazil,BRA,1941,0.0,,,,,,
Brazil,BRA,1942,0.0,,,,,,
Brazil,BRA,1943,0.0,,,,,,
Brazil,BRA,1944,0.0,,,,,,
Brazil,BRA,1945,0.0,,,,,,
Brazil,BRA,1946,0.0,,,,,,
Brazil,BRA,1947,0.0,,,,,,
Brazil,BRA,1948,0.0,,,,,,
Brazil,BRA,1949,0.0,,,,,,
Brazil,BRA,1950,0.0,,,,,,
Brazil,BRA,1951,0.0,,,,,,
Brazil,BRA,1952,0.0,,,,,,
Brazil,BRA,1953,0.0,,,,,,
Brazil,BRA,1954,0.0,,,,,,
Brazil,BRA,1955,0.0,,,,,,
Brazil,BRA,1956,0.0,,,,,,
Brazil,BRA,1957,0.0,,,,,,
Brazil,BRA,1958,0.0,,,,,,
Brazil,BRA,1959,0.0,,,,,,
Brunei,BRN,1900,0.0,,,,,,
Brunei,BRN,1901,0.0,,,,,,
Brunei,BRN,1902,0.0,,,,,,
Brunei,BRN,1903,0.0,,,,,,
Brunei,BRN,1904,0.0,,,,,,
Brunei,BRN,1905,0.0,,,,,,
Brunei,BRN,1906,0.0,,,,,,
Brunei,BRN,1907,0.0,,,,,,
Brunei,BRN,1908,0.0,,,,,,
Brunei,BRN,1909,0.0,,,,,,
Brunei,BRN,1910,0.0,,,,,,
Brunei,BRN,1911,0.0,,,,,,
Brunei,BRN,1912,0.0,,,,,,
Brunei,BRN,1913,0.0,,,,,,
Brunei,BRN,1914,0.0,,,,,,
Brunei,BRN,1915,0.0,,,,,,
Brunei,BRN,1916,0.0,,,,,,
Brunei,BRN,1917,0.0,,,,,,
Brunei,BRN,1918,0.0,,,,,,
Brunei,BRN,1919,0.0,,,,,,
Brunei,BRN,1920,0.0,,,,,,
Brunei,BRN,1921,0.0,,,,,,
Brunei,BRN,1922,0.0,,,,,,
Brunei,BRN,1923,0.0,,,,,,
Brunei,BRN,1924,0.0,,,,,,
Brunei,BRN,1925,0.0,,,,,,
Brunei,BRN,1926,0.0,,,,,,
Brunei,BRN,1927,0.0,,,,,,
Brunei,BRN,1928,0.0,,,,,,
Brunei,BRN,1929,0.0,,,,,,
Brunei,BRN,1930,0.0,,,,,,
Brunei,BRN,1931,0.0,,,,,,
Brunei,BRN,1932,0.0,,,,,,
Brunei,BRN,1933,0.0,,,,,,
Brunei,BRN,1934,0.0,,,,,,
Brunei,BRN,1935,0.0,,,,,,
Brunei,BRN,1936,0.0,,,,,,
Brunei,BRN,1937,0.0,,,,,,
Brunei,BRN,1938,0.0,,,,,,
Brunei,BRN,1939,0.0,,,,,,
Brunei,BRN,1940,0.0,,,,,,
Brunei,BRN,1941,0.0,,,,,,
Brunei,BRN,1942,0.0,,,,,,
Brunei,BRN,1943,0.0,,,,,,
Brunei,BRN,1944,0.0,,,,,,
Brunei,BRN,1945,0.0,,,,,,
Brunei,BRN,1946,0.0,,,,,,
Brunei,BRN,1947,0.0,,,,,,
Brunei,BRN,1948,0.0,,,,,,
Brunei,BRN,1949,0.0,,,,,,
Brunei,BRN,1950,0.0,,,,,,
Brunei,BRN,1951,0.0,,,,,,
Brunei,BRN,1952,0.0,,,,,,
Brunei,BRN,1953,0.0,,,,,,
Brunei,BRN,1954,0.0,,,,,,
Brunei,BRN,1955,0.0,,,,,,
Brunei,BRN,1956,0.0,,,,,,
Brunei,BRN,1957,0.0,,,,,,
Brunei,BRN,1958,0.0,,,,,,
Brunei,BRN,1959,0.0,,,,,,
Bulgaria,BGR,1900,0.0,,,,,,
Bulgaria,BGR,1901,0.0,,,,,,
Bulgaria,BGR,1902,0.0,,,,,,
Bulgaria,BGR,1903,0.0,,,,,,
Bulgaria,BGR,1904,0.0,,,,,,
Bulgaria,BGR,1905,0.0,,,,,,
Bulgaria,BGR,1906,0.0,,,,,,
Bulgaria,BGR,1907,0.0,,,,,,
Bulgaria,BGR,1908,0.0,,,,,,
Bulgaria,BGR,1909,0.0,,,,,,
Bulgaria,BGR,1910,0.0,,,,,,
Bulgaria,BGR,1911,0.0,,,,,,
Bulgaria,BGR,1912,0.0,,,,,,
Bulgaria,BGR,1913,0.0,,,,,,
Bulgaria,BGR,1914,0.0,,,,,,
Bulgaria,BGR,1915,0.0,,,,,,
Bulgaria,BGR,1916,0.0,,,,,,
Bulgaria,BGR,1917,0.0,,,,,,
Bulgaria,BGR,1918,0.0,,,,,,
Bulgaria,BGR,1919,0.0,,,,,,
Bulgaria,BGR,1920,0.0,,,,,,
Bulgaria,BGR,1921,0.0,,,,,,
Bulgaria,BGR,1922,0.0,,,,,,
Bulgaria,BGR,1923,0.0,,,,,,
Bulgaria,BGR,1924,0.0,,,,,,
Bulgaria,BGR,1925,0.0,,,,,,
Bulgaria,BGR,1926,0.0,,,,,,
Bulgaria,BGR,1927,0.0,,,,,,
Bulgaria,BGR,1928,0.0,,,,,,
Bulgaria,BGR,1929,0.0,,,,,,
Bulgaria,BGR,1930,0.0,,,,,,
Bulgaria,BGR,1931,0.0,,,,,,
Bulgaria,BGR,1932,0.0,,,,,,
Bulgaria,BGR,1933,0.0,,,,,,
Bulgaria,BGR,1934,0.0,,,,,,
Bulgaria,BGR,1935,0.0,,,,,,
Bulgaria,BGR,1936,0.0,,,,,,
Bulgaria,BGR,1937,0.0,,,,,,
Bulgaria,BGR,1938,0.0,,,,,,
Bulgaria,BGR,1939,0.0,,,,,,
Bulgaria,BGR,1940,0.0,,,,,,
Bulgaria,BGR,1941,0.0,,,,,,
Bulgaria,BGR,1942,0.0,,,,,,
Bulgaria,BGR,1943,0.0,,,,,,
Bulgaria,BGR,1944,0.0,,,,,,
Bulgaria,BGR,1945,0.0,,,,,,
Bulgaria,BGR,1946,0.0,,,,,,
Bulgaria,BGR,1947,0.0,,,,,,
Bulgaria,BGR,1948,0.0,,,,,,
Bulgaria,BGR,1949,0.0,,,,,,
Bulgaria,BGR,1950,0.0,,,,,,
Bulgaria,BGR,1951,0.0,,,,,,
Bulgaria,BGR,1952,0.0,,,,,,
Bulgaria,BGR,1953,0.0,,,,,,
Bulgaria,BGR,1954,0.0,,,,,,
Bulgaria,BGR,1955,0.0,,,,,,
Bulgaria,BGR,1956,0.0,,,,,,
Bulgaria,BGR,1957,0.0,,,,,,
Bulgaria,BGR,1958,0.0,,,,,,
Bulgaria,BGR,1959,0.0,,,,,,
Burundi,BDI,1900,0.0,,,,,,
Burundi,BDI,1901,0.0,,,,,,
Burundi,BDI,1902,0.0,,,,,,
Burundi,BDI,1903,0.0,,,,,,
Burundi,BDI,1904,0.0,,,,,,
Burundi,BDI,1905,0.0,,,,,,
Burundi,BDI,1906,0.0,,,,,,
Burundi,BDI,1907,0.0,,,,,,
Burundi,BDI,1908,0.0,,,,,,
Burundi,BDI,1909,0.0,,,,,,
Burundi,BDI,1910,0.0,,,,,,
Burundi,BDI,1911,0.0,,,,,,
Burundi,BDI,1912,0.0,,,,,,
Burundi,BDI,1913,0.0,,,,,,
Burundi,BDI,1914,0.0,,,,,,
Burundi,BDI,1915,0.0,,,,,,
Burundi,BDI,1916,0.0,,,,,,
Burundi,BDI,1917,0.0,,,,,,
Burundi,BDI,1918,0.0,,,,,,
Burundi,BDI,1919,0.0,,,,,,
Burundi,BDI,1920,0.0,,,,,,
Burundi,BDI,1921,0.0,,,,,,
Burundi,BDI,1922,0.0,,,,,,
Burundi,BDI,1923,0.0,,,,,,
Burundi,BDI,1924,0.0,,,,,,
Burundi,BDI,1925,0.0,,,,,,
Burundi,BDI,1926,0.0,,,,,,
Burundi,BDI,1927,0.0,,,,,,
Burundi,BDI,1928,0.0,,,,,,
Burundi,BDI,1929,0.0,,,,,,
Burundi,BDI,1930,0.0,,,,,,
Burundi,BDI,1931,0.0,,,,,,
Burundi,BDI,1932,0.0,,,,,,
Burundi,BDI,1933,0.0,,,,,,
Burundi,BDI,1934,0.0,,,,,,
Burundi,BDI,1935,0.0,,,,,,
Burundi,BDI,1936,0.0,,,,,,
Burundi,BDI,1937,0.0,,,,,,
Burundi,BDI,1938,0.0,,,,,,
Burundi,BDI,1939,0.0,,,,,,
Burundi,BDI,1940,0.0,,,,,,
Burundi,BDI,1941,0.0,,,,,,
Burundi,BDI,1942,0.0,,,,,,
Burundi,BDI,1943,0.0,,,,,,
Burundi,BDI,1944,0.0,,,,,,
Burundi,BDI,1945,0.0,,,,,,
Burundi,BDI,1946,0.0,,,,,,
Burundi,BDI,1947,0.0,,,,,,
Burundi,BDI,1948,0.0,,,,,,
Burundi,BDI,1949,0.0,,,,,,
Burundi,BDI,1950,0.0,,,,,,
Burundi,BDI,1951,0.0,,,,,,
Burundi,BDI,1952,0.0,,,,,,
Burundi,BDI,1953,0.0,,,,,,
Burundi,BDI,1954,0.0,,,,,,
Burundi,BDI,1955,0.0,,,,,,
Burundi,BDI,1956,0.0,,,,,,
Burundi,BDI,1957,0.0,,,,,,
Burundi,BDI,1958,0.0,,,,,,
Burundi,BDI,1959,0.0,,,,,,
Cameroon,CMR,1900,0.0,,,,,,
Cameroon,CMR,1901,0.0,,,,,,
Cameroon,CMR,1902,0.0,,,,,,
Cameroon,CMR,1903,0.0,,,,,,
Cameroon,CMR,1904,0.0,,,,,,
Cameroon,CMR,1905,0.0,,,,,,
Cameroon,CMR,1906,0.0,,,,,,
Cameroon,CMR,1907,0.0,,,,,,
Cameroon,CMR,1908,0.0,,,,,,
Cameroon,CMR,1909,0.0,,,,,,
Cameroon,CMR,1910,0.0,,,,,,
Cameroon,CMR,1911,0.0,,,,,,
Cameroon,CMR,1912,0.0,,,,,,
Cameroon,CMR,1913,0.0,,,,,,
Cameroon,CMR,1914,0.0,,,,,,
Cameroon,CMR,1915,0.0,,,,,,
Cameroon,CMR,1916,0.0,,,,,,
Cameroon,CMR,1917,0.0,,,,,,
Cameroon,CMR,1918,0.0,,,,,,
Cameroon,CMR,1919,0.0,,,,,,
Cameroon,CMR,1920,0.0,,,,,,
Cameroon,CMR,1921,0.0,,,,,,
Cameroon,CMR,1922,0.0,,,,,,
Cameroon,CMR,1923,0.0,,,,,,
Cameroon,CMR,1924,0.0,,,,,,
Cameroon,CMR,1925,0.0,,,,,,
Cameroon,CMR,1926,0.0,,,,,,
Cameroon,CMR,1927,0.0,,,,,,
Cameroon,CMR,1928,0.0,,,,,,
Cameroon,CMR,1929,0.0,,,,,,
Cameroon,CMR,1930,0.0,,,,,,
Cameroon,CMR,1931,0.0,,,,,,
Cameroon,CMR,1932,0.0,,,,,,
Cameroon,CMR,1933,0.0,,,,,,
Cameroon,CMR,1934,0.0,,,,,,
Cameroon,CMR,1935,0.0,,,,,,
Cameroon,CMR,1936,0.0,,,,,,
Cameroon,CMR,1937,0.0,,,,,,
Cameroon,CMR,1938,0.0,,,,,,
Cameroon,CMR,1939,0.0,,,,,,
Cameroon,CMR,1940,0.0,,,,,,
Cameroon,CMR,1941,0.0,,,,,,
Cameroon,CMR,1942,0.0,,,,,,
Cameroon,CMR,1943,0.0,,,,,,
Cameroon,CMR,1944,0.0,,,,,,
Cameroon,CMR,1945,0.0,,,,,,
Cameroon,CMR,1946,0.0,,,,,,
Cameroon,CMR,1947,0.0,,,,,,
Cameroon,CMR,1948,0.0,,,,,,
Cameroon,CMR,1949,0.0,,,,,,
Cameroon,CMR,1950,0.0,,,,,,
Cameroon,CMR,1951,0.0,,,,,,
Cameroon,CMR,1952,0.0,,,,,,
Cameroon,CMR,1953,0.0,,,,,,
Cameroon,CMR,1954,0.0,,,,,,
Cameroon,CMR,1955,0.0,,,,,,
Cameroon,CMR,1956,0.0,,,,,,
Cameroon,CMR,1957,0.0,,,,,,
Cameroon,CMR,1958,0.0,,,,,,
Cameroon,CMR,1959,0.0,,,,,,
Canada,CAN,1900,,,,,,,
Canada,CAN,1901,,,,,,,
Canada,CAN,1902,,,,,,,
Canada,CAN,1903,,,,,,,
Canada,CAN,1904,,,,,,,
Canada,CAN,1905,,,,,,,
Canada,CAN,1906,,,,,,,
Canada,CAN,1907,,,,,,,
Canada,CAN,1908,,,,,,,
Canada,CAN,1909,,,,,,,
Canada,CAN,1910,,,,,,,
Canada,CAN,1911,,,,,,,
Canada,CAN,1912,,,,,,,
Canada,CAN,1913,,,,,,,
Canada,CAN,1914,,,,,,,
Canada,CAN,1915,,,,,,,
Canada,CAN,1916,,,,,,,
Canada,CAN,1917,,,,,,,
Canada,CAN,1918,,,,,,,
Canada,CAN,1919,,,,,,,
Canada,CAN,1920,,,,,,,
Canada,CAN,1921,,,,,,,
Canada,CAN,1922,,,,,,,
Canada,CAN,1923,,,,,,,
Canada,CAN,1924,,,,,,,
Canada,CAN,1925,,,,,,,
Canada,CAN,1926,,,,,,,
Canada,CAN,1927,,,,,,,
Canada,CAN,1928,,,,,,,
Canada,CAN,1929,,,,,,,
Canada,CAN,1930,,,,,,,
Canada,CAN,1931,,,,,,,
Canada,CAN,1932,,,,,,,
Canada,CAN,1933,,,,,,,
Canada,CAN,1934,,,,,,,
Canada,CAN,1935,,,,,,,
Canada,CAN,1936,,,,,,,
Canada,CAN,1937,,,,,,,
Canada,CAN,1938,,,,,,,
Canada,CAN,1939,,,,,,,
Canada,CAN,1940,,,,,,,
Canada,CAN,1941,,,,,,,
Canada,CAN,1942,,,,,,,
Canada,CAN,1943,,,,,,,
Canada,CAN,1944,,,,,,,
Canada,CAN,1945,,,,,,,
Canada,CAN,1946,,,,,,,
Canada,CAN,1947,,,,,,,
Canada,CAN,1948,,,,,,,
Canada,CAN,1949,,,,,,,
Canada,CAN,1950,,,,,,,
Canada,CAN,1951,,,,,,,
Canada,CAN,1952,,,,,,,
Canada,CAN,1953,,,,,,,
Canada,CAN,1954,,,,,,,
Canada,CAN,1955,,,,,,,
Canada,CAN,1956,,,,,,,
Canada,CAN,1957,,,,,,,
Canada,CAN,1958,,,,,,,
Canada,CAN,1959,,,,,,,
Chile,CHL,1900,0.0,,,,,,
Chile,CHL,1901,0.0,,,,,,
Chile,CHL,1902,0.0,,,,,,
Chile,CHL,1903,0.0,,,,,,
Chile,CHL,1904,0.0,,,,,,
Chile,CHL,1905,0.0,,,,,,
Chile,CHL,1906,0.0,,,,,,
Chile,CHL,1907,0.0,,,,,,
Chile,CHL,1908,0.0,,,,,,
Chile,CHL,1909,0.0,,,,,,
Chile,CHL,1910,0.0,,,,,,
Chile,CHL,1911,0.0,,,,,,
Chile,CHL,1912,0.0,,,,,,
Chile,CHL,1913,0.0,,,,,,
Chile,CHL,1914,0.0,,,,,,
Chile,CHL,1915,0.0,,,,,,
Chile,CHL,1916,0.0,,,,,,
Chile,CHL,1917,0.0,,,,,,
Chile,CHL,1918,0.0,,,,,,
Chile,CHL,1919,0.0,,,,,,
Chile,CHL,1920,0.0,,,,,,
Chile,CHL,1921,0.0,,,,,,
Chile,CHL,1922,0.0,,,,,,
Chile,CHL,1923,0.0,,,,,,
Chile,CHL,1924,0.0,,,,,,
Chile,CHL,1925,0.0,,,,,,
Chile,CHL,1926,0.0,,,,,,
Chile,CHL,1927,0.0,,,,,,
Chile,CHL,1928,0.0,,,,,,
Chile,CHL,1929,0.0,,,,,,
Chile,CHL,1930,0.0,,,,,,
Chile,CHL,1931,0.0,,,,,,
Chile,CHL,1932,0.0,,,,,,
Chile,CHL,1933,0.0,,,,,,
Chile,CHL,1934,0.0,,,,,,
Chile,CHL,1935,0.0,,,,,,
Chile,CHL,1936,0.0,,,,,,
Chile,CHL,1937,0.0,,,,,,
Chile,CHL,1938,0.0,,,,,,
Chile,CHL,1939,0.0,,,,,,
Chile,CHL,1940,0.0,,,,,,
Chile,CHL,1941,0.0,,,,,,
Chile,CHL,1942,0.0,,,,,,
Chile,CHL,1943,0.0,,,,,,
Chile,CHL,1944,0.0,,,,,,
Chile,CHL,1945,0.0,,,,,,
Chile,CHL,1946,0.0,,,,,,
Chile,CHL,1947,0.0,,,,,,
Chile,CHL,1948,0.0,,,,,,
Chile,CHL,1949,0.0,,,,,,
Chile,CHL,1950,0.0,,,,,,
Chile,CHL,1951,0.0,,,,,,
Chile,CHL,1952,0.0,,,,,,
Chile,CHL,1953,0.0,,,,,,
Chile,CHL,1954,0.0,,,,,,
Chile,CHL,1955,0.0,,,,,,
Chile,CHL,1956,0.0,,,,,,
Chile,CHL,1957,0.0,,,,,,
Chile,CHL,1958,0.0,,,,,,
Chile,CHL,1959,0.0,,,,,,
China,CHN,1900,0.0,,,,,,
China,CHN,1901,0.0,,,,,,
China,CHN,1902,0.0,,,,,,
China,CHN,1903,0.0,,,,,,
China,CHN,1904,0.0,,,,,,
China,CHN,1905,0.0,,,,,,
China,CHN,1906,0.0,,,,,,
China,CHN,1907,0.0,,,,,,
China,CHN,1908,0.0,,,,,,
China,CHN,1909,0.0,,,,,,
China,CHN,1910,0.0,,,,,,
China,CHN,1911,0.0,,,,,,
China,CHN,1912,0.0,,,,,,
China,CHN,1913,0.0,,,,,,
China,CHN,1914,0.0,,,,,,
China,CHN,1915,0.0,,,,,,
China,CHN,1916,0.0,,,,,,
China,CHN,1917,0.0,,,,,,
China,CHN,1918,0.0,,,,,,
China,CHN,1919,0.0,,,,,,
China,CHN,1920,0.0,,,,,,
China,CHN,1921,0.0,,,,,,
China,CHN,1922,0.0,,,,,,
China,CHN,1923,0.0,,,,,,
China,CHN,1924,0.0,,,,,,
China,CHN,1925,0.0,,,,,,
China,CHN,1926,0.0,,,,,,
China,CHN,1927,0.0,,,,,,
China,CHN,1928,0.0,,,,,,
China,CHN,1929,0.0,,,,,,
China,CHN,1930,0.0,,,,,,
China,CHN,1931,0.0,,,,,,
China,CHN,1932,0.0,,,,,,
China,CHN,1933,0.0,,,,,,
China,CHN,1934,0.0,,,,,,
China,CHN,1935,0.0,,,,,,
China,CHN,1936,0.0,,,,,,
China,CHN,1937,0.0,,,,,,
China,CHN,1938,0.0,,,,,,
China,CHN,1939,0.0,,,,,,
China,CHN,1940,0.0,,,,,,
China,CHN,1941,0.0,,,,,,
China,CHN,1942,0.0,,,,,,
China,CHN,1943,0.0,,,,,,
China,CHN,1944,0.0,,,,,,
China,CHN,1945,0.0,,,,,,
China,CHN,1946,0.0,,,,,,
China,CHN,1947,0.0,,,,,,
China,CHN,1948,0.0,,,,,,
China,CHN,1949,0.0,,,,,,
China,CHN,1950,0.0,,,,,,
China,CHN,1951,0.0,,,,,,
China,CHN,1952,0.0,,,,,,
China,CHN,1953,0.0,,,,,,
China,CHN,1954,0.0,,,,,,
China,CHN,1955,0.0,,,,,,
China,CHN,1956,0.0,,,,,,
China,CHN,1957,0.0,,,,,,
China,CHN,1958,0.0,,,,,,
China,CHN,1959,0.0,,,,,,
Colombia,COL,1900,0.0,,,,,,
Colombia,COL,1901,0.0,,,,,,
Colombia,COL,1902,0.0,,,,,,
Colombia,COL,1903,0.0,,,,,,
Colombia,COL,1904,0.0,,,,,,
Colombia,COL,1905,0.0,,,,,,
Colombia,COL,1906,0.0,,,,,,
Colombia,COL,1907,0.0,,,,,,
Colombia,COL,1908,0.0,,,,,,
Colombia,COL,1909,0.0,,,,,,
Colombia,COL,1910,0.0,,,,,,
Colombia,COL,1911,0.0,,,,,,
Colombia,COL,1912,0.0,,,,,,
Colombia,COL,1913,0.0,,,,,,
Colombia,COL,1914,0.0,,,,,,
Colombia,COL,1915,0.0,,,,,,
Colombia,COL,1916,0.0,,,,,,
Colombia,COL,1917,0.0,,,,,,
Colombia,COL,1918,0.0,,,,,,
Colombia,COL,1919,0.0,,,,,,
Colombia,COL,1920,0.0,,,,,,
Colombia,COL,1921,0.0,,,,,,
Colombia,COL,1922,0.0,,,,,,
Colombia,COL,1923,0.0,,,,,,
Colombia,COL,1924,0.0,,,,,,
Colombia,COL,1925,0.0,,,,,,
Colombia,COL,1926,0.0,,,,,,
Colombia,COL,1927,0.0,,,,,,
Colombia,COL,1928,0.0,,,,,,
Colombia,COL,1929,0.0,,,,,,
Colombia,COL,1930,0.0,,,,,,
Colombia,COL,1931,0.0,,,,,,
Colombia,COL,1932,0.0,,,,,,
Colombia,COL,1933,0.0,,,,,,
Colombia,COL,1934,0.0,,,,,,
Colombia,COL,1935,0.0,,,,,,
Colombia,COL,1936,0.0,,,,,,
Colombia,COL,1937,0.0,,,,,,
Colombia,COL,1938,0.0,,,,,,
Colombia,COL,1939,0.0,,,,,,
Colombia,COL,1940,0.0,,,,,,
Colombia,COL,1941,0.0,,,,,,
Colombia,COL,1942,0.0,,,,,,
Colombia,COL,1943,0.0,,,,,,
Colombia,COL,1944,0.0,,,,,,
Colombia,COL,1945,0.0,,,,,,
Colombia,COL,1946,0.0,,,,,,
Colombia,COL,1947,0.0,,,,,,
Colombia,COL,1948,0.0,,,,,,
Colombia,COL,1949,0.0,,,,,,
Colombia,COL,1950,0.0,,,,,,
Colombia,COL,1951,0.0,,,,,,
Colombia,COL,1952,0.0,,,,,,
Colombia,COL,1953,0.0,,,,,,
Colombia,COL,1954,0.0,,,,,,
Colombia,COL,1955,0.0,,,,,,
Colombia,COL,1956,0.0,,,,,,
Colombia,COL,1957,0.0,,,,,,
Colombia,COL,1958,0.0,,,,,,
Colombia,COL,1959,0.0,,,,,,
Congo,COG,1900,0.0,,,,,,
Congo,COG,1901,0.0,,,,,,
Congo,COG,1902,0.0,,,,,,
Congo,COG,1903,0.0,,,,,,
Congo,COG,1904,0.0,,,,,,
Congo,COG,1905,0.0,,,,,,
Congo,COG,1906,0.0,,,,,,
Congo,COG,1907,0.0,,,,,,
Congo,COG,1908,0.0,,,,,,
Congo,COG,1909,0.0,,,,,,
Congo,COG,1910,0.0,,,,,,
Congo,COG,1911,0.0,,,,,,
Congo,COG,1912,0.0,,,,,,
Congo,COG,1913,0.0,,,,,,
Congo,COG,1914,0.0,,,,,,
Congo,COG,1915,0.0,,,,,,
Congo,COG,1916,0.0,,,,,,
Congo,COG,1917,0.0,,,,,,
Congo,COG,1918,0.0,,,,,,
Congo,COG,1919,0.0,,,,,,
Congo,COG,1920,0.0,,,,,,
Congo,COG,1921,0.0,,,,,,
Congo,COG,1922,0.0,,,,,,
Congo,COG,1923,0.0,,,,,,
Congo,COG,1924,0.0,,,,,,
Congo,COG,1925,0.0,,,,,,
Congo,COG,1926,0.0,,,,,,
Congo,COG,1927,0.0,,,,,,
Congo,COG,1928,0.0,,,,,,
Congo,COG,1929,0.0,,,,,,
Congo,COG,1930,0.0,,,,,,
Congo,COG,1931,0.0,,,,,,
Congo,COG,1932,0.0,,,,,,
Congo,COG,1933,0.0,,,,,,
Congo,COG,1934,0.0,,,,,,
Congo,COG,1935,0.0,,,,,,
Congo,COG,1936,0.0,,,,,,
Congo,COG,1937,0.0,,,,,,
Congo,COG,1938,0.0,,,,,,
Congo,COG,1939,0.0,,,,,,
Congo,COG,1940,0.0,,,,,,
Congo,COG,1941,0.0,,,,,,
Congo,COG,1942,0.0,,,,,,
Congo,COG,1943,0.0,,,,,,
Congo,COG,1944,0.0,,,,,,
Congo,COG,1945,0.0,,,,,,
Congo,COG,1946,0.0,,,,,,
Congo,COG,1947,0.0,,,,,,
Congo,COG,1948,0.0,,,,,,
Congo,COG,1949,0.0,,,,,,
Congo,COG,1950,0.0,,,,,,
Congo,COG,1951,0.0,,,,,,
Congo,COG,1952,0.0,,,,,,
Congo,COG,1953,0.0,,,,,,
Congo,COG,1954,0.0,,,,,,
Congo,COG,1955,0.0,,,,,,
Congo,COG,1956,0.0,,,,,,
Congo,COG,1957,0.0,,,,,,
Congo,COG,1958,0.0,,,,,,
Congo,COG,1959,0.0,,,,,,
Cook Islands,COK,1980,0.0,,,,,,
Cook Islands,COK,1981,0.0,,,,,,
Cook Islands,COK,1982,0.0,,,,,,
Cook Islands,COK,1983,0.0,,,,,,
Cook Islands,COK,1984,0.0,,,,,,
Cook Islands,COK,1985,0.0,,,,,,
Cook Islands,COK,1986,0.0,,,,,,
Cook Islands,COK,1987,0.0,,,,,,
Cook Islands,COK,1988,0.0,,,,,,
Cook Islands,COK,1989,0.0,,,,,,
Cook Islands,COK,1990,0.0,,,,,,
Cook Islands,COK,1991,0.0,,,,,,
Cook Islands,COK,1992,0.0,,,,,,
Cook Islands,COK,1993,0.0,,,,,,
Cook Islands,COK,1994,0.0,,,,,,
Cook Islands,COK,1995,0.0,,,,,,
Cook Islands,COK,1996,0.0,,,,,,
Cook Islands,COK,1997,0.0,,,,,,
Cook Islands,COK,1998,0.0,,,,,,
Cook Islands,COK,1999,0.0,,,,,,
Cook Islands,COK,2000,0.0,,,,,,
Cook Islands,COK,2001,0.0,,,,,,
Cook Islands,COK,2002,0.0,,,,,,
Cook Islands,COK,2003,0.0,,,,,,
Cook Islands,COK,2004,0.0,,,,,,
Cook Islands,COK,2016,0.0,,,,,,
Cook Islands,COK,2017,0.0,,,,,,
Cook Islands,COK,2018,0.0,,,,,,
Cook Islands,COK,2019,0.0,,,,,,
Cook Islands,COK,2020,0.0,,,,,,
Cook Islands,COK,2021,0.0,,,,,,
Cote d'Ivoire,CIV,1900,0.0,,,,,,
Cote d'Ivoire,CIV,1901,0.0,,,,,,
Cote d'Ivoire,CIV,1902,0.0,,,,,,
Cote d'Ivoire,CIV,1903,0.0,,,,,,
Cote d'Ivoire,CIV,1904,0.0,,,,,,
Cote d'Ivoire,CIV,1905,0.0,,,,,,
Cote d'Ivoire,CIV,1906,0.0,,,,,,
Cote d'Ivoire,CIV,1907,0.0,,,,,,
Cote d'Ivoire,CIV,1908,0.0,,,,,,
Cote d'Ivoire,CIV,1909,0.0,,,,,,
Cote d'Ivoire,CIV,1910,0.0,,,,,,
Cote d'Ivoire,CIV,1911,0.0,,,,,,
Cote d'Ivoire,CIV,1912,0.0,,,,,,
Cote d'Ivoire,CIV,1913,0.0,,,,,,
Cote d'Ivoire,CIV,1914,0.0,,,,,,
Cote d'Ivoire,CIV,1915,0.0,,,,,,
Cote d'Ivoire,CIV,1916,0.0,,,,,,
Cote d'Ivoire,CIV,1917,0.0,,,,,,
Cote d'Ivoire,CIV,1918,0.0,,,,,,
Cote d'Ivoire,CIV,1919,0.0,,,,,,
Cote d'Ivoire,CIV,1920,0.0,,,,,,
Cote d'Ivoire,CIV,1921,0.0,,,,,,
Cote d'Ivoire,CIV,1922,0.0,,,,,,
Cote d'Ivoire,CIV,1923,0.0,,,,,,
Cote d'Ivoire,CIV,1924,0.0,,,,,,
Cote d'Ivoire,CIV,1925,0.0,,,,,,
Cote d'Ivoire,CIV,1926,0.0,,,,,,
Cote d'Ivoire,CIV,1927,0.0,,,,,,
Cote d'Ivoire,CIV,1928,0.0,,,,,,
Cote d'Ivoire,CIV,1929,0.0,,,,,,
Cote d'Ivoire,CIV,1930,0.0,,,,,,
Cote d'Ivoire,CIV,1931,0.0,,,,,,
Cote d'Ivoire,CIV,1932,0.0,,,,,,
Cote d'Ivoire,CIV,1933,0.0,,,,,,
Cote d'Ivoire,CIV,1934,0.0,,,,,,
Cote d'Ivoire,CIV,1935,0.0,,,,,,
Cote d'Ivoire,CIV,1936,0.0,,,,,,
Cote d'Ivoire,CIV,1937,0.0,,,,,,
Cote d'Ivoire,CIV,1938,0.0,,,,,,
Cote d'Ivoire,CIV,1939,0.0,,,,,,
Cote d'Ivoire,CIV,1940,0.0,,,,,,
Cote d'Ivoire,CIV,1941,0.0,,,,,,
Cote d'Ivoire,CIV,1942,0.0,,,,,,
Cote d'Ivoire,CIV,1943,0.0,,,,,,
Cote d'Ivoire,CIV,1944,0.0,,,,,,
Cote d'Ivoire,CIV,1945,0.0,,,,,,
Cote d'Ivoire,CIV,1946,0.0,,,,,,
Cote d'Ivoire,CIV,1947,0.0,,,,,,
Cote d'Ivoire,CIV,1948,0.0,,,,,,
Cote d'Ivoire,CIV,1949,0.0,,,,,,
Cote d'Ivoire,CIV,1950,0.0,,,,,,
Cote d'Ivoire,CIV,1951,0.0,,,,,,
Cote d'Ivoire,CIV,1952,0.0,,,,,,
Cote d'Ivoire,CIV,1953,0.0,,,,,,
Cote d'Ivoire,CIV,1954,0.0,,,,,,
Cote d'Ivoire,CIV,1955,0.0,,,,,,
Cote d'Ivoire,CIV,1956,0.0,,,,,,
Cote d'Ivoire,CIV,1957,0.0,,,,,,
Cote d'Ivoire,CIV,1958,0.0,,,,,,
Cote d'Ivoire,CIV,1959,0.0,,,,,,
Cuba,CUB,1900,0.0,,,,,,
Cuba,CUB,1901,0.0,,,,,,
Cuba,CUB,1902,0.0,,,,,,
Cuba,CUB,1903,0.0,,,,,,
Cuba,CUB,1904,0.0,,,,,,
Cuba,CUB,1905,0.0,,,,,,
Cuba,CUB,1906,0.0,,,,,,
Cuba,CUB,1907,0.0,,,,,,
Cuba,CUB,1908,0.0,,,,,,
Cuba,CUB,1909,0.0,,,,,,
Cuba,CUB,1910,0.0,,,,,,
Cuba,CUB,1911,0.0,,,,,,
Cuba,CUB,1912,0.0,,,,,,
Cuba,CUB,1913,0.0,,,,,,
Cuba,CUB,1914,0.0,,,,,,
Cuba,CUB,1915,0.0,,,,,,
Cuba,CUB,1916,0.0,,,,,,
Cuba,CUB,1917,0.0,,,,,,
Cuba,CUB,1918,0.0,,,,,,
Cuba,CUB,1919,0.0,,,,,,
Cuba,CUB,1920,0.0,,,,,,
Cuba,CUB,1921,0.0,,,,,,
Cuba,CUB,1922,0.0,,,,,,
Cuba,CUB,1923,0.0,,,,,,
Cuba,CUB,1924,0.0,,,,,,
Cuba,CUB,1925,0.0,,,,,,
Cuba,CUB,1926,0.0,,,,,,
Cuba,CUB,1927,0.0,,,,,,
Cuba,CUB,1928,0.0,,,,,,
Cuba,CUB,1929,0.0,,,,,,
Cuba,CUB,1930,0.0,,,,,,
Cuba,CUB,1931,0.0,,,,,,
Cuba,CUB,1932,0.0,,,,,,
Cuba,CUB,1933,0.0,,,,,,
Cuba,CUB,1934,0.0,,,,,,
Cuba,CUB,1935,0.0,,,,,,
Cuba,CUB,1996,0.0,0.675,102.0671322160149,0.0319,74.69,0.0319,47.1676152
Cuba,CUB,1998,0.0,0.683,102.74405959031657,0.22699999999999998,75.412,0.22699999999999998,43.915743899999995
Cuba,CUB,2000,0.0,0.697,103.43676908752327,0.541182548811058,75.922,0.541182548811058,43.8408279
Cuba,CUB,2002,0.0,0.711,105.06079518751763,3.77058503769014,76.766,3.77058503769014,45.400917899999996
Cuba,CUB,2003,0.0,0.721,105.35134398496241,5.2412690536929,77.405,5.2412690536929,45.382826
Cuba,CUB,2004,0.0,0.734,105.61747956019171,8.40798475900703,77.326,8.40798475900703,43.6396514
Cuba,CUB,2005,0.0,0.747,105.81129274708756,9.73806220781346,77.54,9.73806220781346,44.9359314
Cuba,CUB,2006,0.0,0.766,105.9715305834821,11.1596013147617,77.406,11.1596013147617,57.0371324
Cuba,CUB,2007,0.0,0.78,106.0435174746336,11.69,77.55,11.69,57.0117799
Cuba,CUB,2008,0.01,0.788,106.08570086433672,12.94,77.589,12.94,58.587192699999996
Cuba,CUB,2009,0.0,0.788,106.11348177376927,14.33,77.584,14.33,58.5869559
Cuba,CUB,2010,0.01,0.783,106.13875422773394,15.9,77.876,15.9,57.7512295
Cuba,CUB,2011,0.02,0.781,105.7575681012137,16.0172907996413,78.051,16.0172907996413,57.740361799999995
Cuba,CUB,2012,0.02,0.777,105.98481936070662,21.20000076,78.162,21.20000076,57.111208299999994
Cuba,CUB,2013,0.02,0.771,108.4068988677797,27.93,78.028,27.93,54.2521766
Cuba,CUB,2014,0.02,0.77,108.4962026533359,29.0701843656523,77.825,29.0701843656523,53.7777798
Cuba,CUB,2015,0.02,0.769,108.3099423631124,37.3050974155373,77.745,37.3050974155373,53.7322748
Cuba,CUB,2016,0.02,0.767,108.28154555940023,42.9786751910106,77.571,42.9786751910106,47.962225
Cuba,CUB,2017,0.02,0.767,108.36058766859345,57.1484043170788,77.3,57.1484043170788,48.6704662
Cuba,CUB,2018,0.02,0.769,108.16105973025049,62.6789236230601,77.426,62.6789236230601,47.629292199999995
Cuba,CUB,2019,0.02,0.769,107.92722543352602,67.9708086565152,77.413,67.9708086565152,44.953088099999995
Cuba,CUB,2020,0.02,0.762,107.67200385356455,71.11907507,77.407,71.11907507,44.9587983
Cuba,CUB,2021,0.02,0.745,107.14998073217727,67.64354869,73.201,67.64354869,43.379005199999995
Cuba,CUB,2022,0.059999999,0.764,106.54932562620424,67.88410187,77.629,67.88410187,43.3232499
Cuba,CUB,2023,0.059999999,0.762,106.16503853564548,69.55580139,78.085,69.55580139,44.55853
Cyprus,CYP,1996,0.0,0.782,95.26948051948052,0.673,76.88,0.673,79.0597317
Cyprus,CYP,1998,0.0,0.798,98.97705627705628,8.89,77.164,8.89,71.8080583
Cyprus,CYP,2000,0.0,0.808,102.56136363636364,15.2553943710137,77.9,15.2553943710137,71.7331423
Cyprus,CYP,2002,0.0,0.827,106.21645021645021,28.32,78.758,28.32,71.68010749999999
Cyprus,CYP,2003,0.0,0.835,108.18073593073593,30.09,78.908,30.09,70.3462895
Cyprus,CYP,2004,0.0,0.84,110.15963203463204,33.83,79.007,33.83,66.3512037
Cyprus,CYP,2005,0.0,0.844,112.13755411255411,32.81,79.198,32.81,67.1975832
Cyprus,CYP,2006,0.0,0.85,114.11450216450217,35.83,79.456,35.83,70.9152123
Cyprus,CYP,2007,0.0,0.855,116.09458874458875,40.77,79.798,40.77,69.8313793
Cyprus,CYP,2008,0.0,0.862,118.07640692640693,42.31,79.906,42.31,71.7890798
Cyprus,CYP,2009,0.0,0.867,120.06179653679654,49.81,80.375,49.81,69.6872717
Cyprus,CYP,2010,0.029999999,0.869,122.05800865800866,52.99,80.632,52.99,70.2446204
Cyprus,CYP,2011,0.109999999,0.872,124.07932900432901,56.8598923503507,80.855,56.8598923503507,68.3480533
Cyprus,CYP,2012,0.189999998,0.872,126.12521645021646,60.6898684001903,81.128,60.6898684001903,68.2021078
Cyprus,CYP,2013,0.230000004,0.873,128.1271645021645,65.4548,81.317,65.4548,67.80504379999999
Cyprus,CYP,2014,0.180000007,0.875,130.0650432900433,69.3286967086473,81.337,69.3286967086473,63.0983081
Cyprus,CYP,2015,0.219999999,0.882,131.98073593073593,71.7157409175171,81.464,71.7157409175171,61.6680656
Cyprus,CYP,2016,0.230000004,0.888,133.8865800865801,75.9002054030125,81.534,75.9002054030125,62.5254282
Cyprus,CYP,2017,0.209999993,0.897,135.74404761904762,80.743188971932,81.543,80.743188971932,64.4120525
Cyprus,CYP,2018,0.219999999,0.902,137.52564935064936,84.4335825186889,81.556,84.4335825186889,61.231637899999996
Cyprus,CYP,2019,0.239999995,0.907,139.25010822510822,86.0636299618935,81.454,86.0636299618935,61.6339343
Cyprus,CYP,2020,0.239999995,0.905,140.9358225108225,90.80194644,81.23,90.80194644,57.2945096
Cyprus,CYP,2021,0.25,0.907,142.5659090909091,90.75951564,80.573,90.75951564,57.784348699999995
Cyprus,CYP,2022,0.219999999,0.908,144.08766233766235,89.60099194,80.434,89.60099194,59.2971423
Cyprus,CYP,2023,0.209999993,0.913,145.56017316017315,91.22110357,81.648,91.22110357,57.6250559
Czechia,CZE,1996,0.0,0.793,133.49606574349684,1.94,73.71463414634147,1.94,64.215906
Czechia,CZE,1998,0.0,0.802,133.22599974116733,3.9,74.51463414634146,3.9,63.568340899999995
Czechia,CZE,2000,0.0,0.817,132.71726413873432,9.78052788834393,74.96829268292684,9.78052788834393,53.1070037
Czechia,CZE,2002,0.0,0.835,131.96474699107029,23.93,75.22195121951219,23.93,56.119771899999996
Czechia,CZE,2003,0.0,0.842,131.92698330529313,34.3,75.17073170731709,34.3,58.2001705
Czechia,CZE,2004,0.01,0.848,131.98422210717058,35.5,75.7219512195122,35.5,56.9843202
Czechia,CZE,2005,0.02,0.856,132.16691690396064,35.27,75.92439024390245,35.27,59.277924999999996
Czechia,CZE,2006,0.050000001,0.864,132.54245954692556,47.93,76.52439024390245,47.93,58.7547521
Czechia,CZE,2007,0.129999995,0.87,133.31816181229775,51.93,76.72439024390246,51.93,56.515443299999994
Czechia,CZE,2008,0.239999995,0.873,134.44592180217504,62.97,76.97560975609757,62.97,56.287301
Czechia,CZE,2009,0.289999992,0.875,135.21408596582083,64.43,77.0780487804878,64.43,55.8520371
Czechia,CZE,2010,0.340000004,0.88,135.62618153567266,68.82,77.42439024390245,68.82,55.8240512
Czechia,CZE,2011,0.400000006,0.883,135.9068755664897,70.49,77.87317073170732,70.49,57.459640099999994
Czechia,CZE,2012,0.419999987,0.885,136.09717726272174,73.4300078241036,78.07560975609758,73.4300078241036,56.162718399999996
Czechia,CZE,2013,0.479999989,0.892,136.15995855995857,74.1104,78.17560975609756,74.1104,55.602833499999996
Czechia,CZE,2014,0.479999989,0.898,136.30337995337996,74.2317116367383,78.82439024390244,74.2317116367383,58.1604627
Czechia,CZE,2015,0.569999993,0.9,136.58928895220825,75.668838699279,78.5780487804878,75.668838699279,59.856551499999995
Czechia,CZE,2016,0.5,0.902,136.85185856754308,76.4811986951838,79.02682926829269,76.4811986951838,60.501118899999994
Czechia,CZE,2017,0.589999974,0.904,137.21587877217976,78.7191728513432,78.97804878048781,78.7191728513432,62.983056899999994
Czechia,CZE,2018,0.610000014,0.901,137.67553425722056,80.6881675434288,79.02926829268293,80.6881675434288,60.284309799999996
Czechia,CZE,2019,0.699999988,0.903,138.22681026610798,80.8669444139622,79.22926829268295,80.8669444139622,60.0687334
Czechia,CZE,2020,0.699999988,0.898,138.57592884216837,81.33889705,78.22682926829269,81.33889705,60.6913367
Czechia,CZE,2021,0.600000024,0.901,136.10834905384766,82.67062427,77.2219512195122,82.67062427,62.6313238
Czechia,CZE,2022,0.639999986,0.911,138.29051130511135,84.54009378,78.92926829268293,84.54009378,64.11232799999999
Czechia,CZE,2023,0.699999988,0.915,140.7855476626048,85.99404818,79.8268292682927,85.99404818,65.0585388
Democratic Republic of Congo,COD,1996,0.0,0.386,19.9802051123707,0.00010800000000000001,49.376,0.00010800000000000001,10.852608
Democratic Republic of Congo,COD,1998,0.0,0.385,20.863059923689377,0.000413,49.664,0.000413,15.5462454
Democratic Republic of Congo,COD,2000,0.0,0.391,22.278927240246134,0.0059021136806903,51.887,0.0059021136806903,15.4243145
Democratic Republic of Congo,COD,2002,0.0,0.392,23.709456783044043,0.0927907024606925,52.371,0.0927907024606925,15.3379965
Democratic Republic of Congo,COD,2003,0.0,0.398,24.412283363842878,0.134914837437335,52.952,0.134914837437335,15.330968599999999
Democratic Republic of Congo,COD,2004,0.0,0.403,25.14181028208465,0.196208375178039,53.534,0.196208375178039,16.8973841
Democratic Republic of Congo,COD,2005,0.0,0.408,25.926081912617718,0.238000005,54.001,0.238000005,16.8265104
Democratic Republic of Congo,COD,2006,0.0,0.413,26.73779052072076,0.296099991,54.498,0.296099991,17.2973244
Democratic Republic of Congo,COD,2007,0.0,0.417,27.559053395381664,0.370000005,54.954,0.370000005,19.550024999999998
Democratic Republic of Congo,COD,2008,0.0,0.426,28.402842460466246,0.439999998,55.388,0.439999998,21.1366516
Democratic Republic of Congo,COD,2009,0.0,0.431,29.29447696345471,0.560000002,55.798,0.560000002,19.645109599999998
Democratic Republic of Congo,COD,2010,0.0,0.44,30.243284444542468,0.72,56.411,0.72,19.130241899999998
Democratic Republic of Congo,COD,2011,0.0,0.447,31.251763745837103,1.200000048,56.911,1.200000048,19.6106181
Democratic Republic of Congo,COD,2012,0.0,0.451,32.312749167420215,1.679999948,57.35,1.679999948,20.061182499999997
Democratic Republic of Congo,COD,2013,0.0,0.456,33.43084404843299,2.200000048,57.795,2.200000048,20.1118065
Democratic Republic of Congo,COD,2014,0.0,0.467,34.583816854502544,3.0,58.236,3.0,18.7643175
Democratic Republic of Congo,COD,2015,0.0,0.477,35.744924461304336,3.799999952,58.658,3.799999952,19.652597
Democratic Republic of Congo,COD,2016,0.0,0.487,37.033331862993755,10.1,59.081,10.1,19.1326851
Democratic Republic of Congo,COD,2017,0.0,0.491,38.41264991949891,,59.495,,18.8312663
Democratic Republic of Congo,COD,2018,0.0,0.497,39.720184380582694,11.69999981,59.926,11.69999981,16.8537109
Democratic Republic of Congo,COD,2019,0.0,0.501,40.99929070818906,13.02970028,60.242,13.02970028,16.3382056
Democratic Republic of Congo,COD,2020,0.0,0.506,42.34136785690655,14.51049995,60.428,14.51049995,18.3567866
Democratic Republic of Congo,COD,2021,0.0,0.508,43.73477955933923,16.1595993,60.044,16.1595993,17.4080699
Democratic Republic of Congo,COD,2022,0.0,0.514,45.16749432081339,17.99620056,60.979,17.99620056,17.2848698
Democratic Republic of Congo,COD,2023,0.0,0.522,46.664048432985595,18.96789932,61.895,18.96789932,17.713210999999998
Denmark,DNK,1996,1.230000019,0.87,131.57685,5.71,75.59146341463416,5.71,95.54101059999999
Denmark,DNK,1998,2.819999933,0.883,132.605475,22.7,76.13902439024392,22.7,96.1171272
Denmark,DNK,2000,4.239999771,0.896,133.4904,39.1724308555053,76.59268292682927,39.1724308555053,94.65651419999999
Denmark,DNK,2002,4.8800001139999996,0.902,134.398275,64.25,76.89512195121951,64.25,94.11742749999999
Denmark,DNK,2003,5.559999943,0.907,134.76435,76.26,77.1439024390244,76.26,94.4796963
Denmark,DNK,2004,6.590000153,0.912,135.113075,80.93,77.49268292682927,80.93,92.9910529
Denmark,DNK,2005,6.610000134,0.917,135.4858,82.74,77.84390243902439,82.74,93.463464
Denmark,DNK,2006,6.099999905,0.917,135.9318,86.65,78.09512195121954,86.65,95.3273632
Denmark,DNK,2007,7.170000076,0.918,136.53595,85.03,78.19512195121952,85.03,94.79473349999999
Denmark,DNK,2008,6.929999828,0.922,137.340525,85.02,78.44634146341464,85.02,94.4452817
Denmark,DNK,2009,6.730000019,0.915,138.077375,86.84,78.59756097560977,86.84,94.6126488
Denmark,DNK,2010,7.809999943,0.92,138.692075,88.72,79.1,88.72,93.665683
Denmark,DNK,2011,9.770000458,0.934,139.2643,89.8100133895232,79.8,89.8100133895232,95.06344399999999
Denmark,DNK,2012,10.27000046,0.938,139.7893,92.2600117153012,80.05121951219512,92.2600117153012,93.56569789999999
Denmark,DNK,2013,11.11999989,0.941,140.3733,94.6297,80.3,94.6297,93.2344675
Denmark,DNK,2014,13.07999992,0.939,141.086875,95.9935053764454,80.7,95.9935053764454,91.4072034
Denmark,DNK,2015,14.13000011,0.943,142.087075,96.3305016195436,80.70243902439024,96.3305016195436,91.5550152
Denmark,DNK,2016,12.77999973,0.951,143.20025,96.9677852516645,80.85365853658537,96.9677852516645,91.7333634
Denmark,DNK,2017,14.77999973,0.951,144.1245,97.0993621555621,81.10243902439025,97.0993621555621,92.1388762
Denmark,DNK,2018,13.89999962,0.95,144.8409,97.3192043651002,80.95365853658537,97.3192043651002,91.5379901
Denmark,DNK,2019,16.14999962,0.953,145.36055,98.0464347521549,81.45121951219514,98.0464347521549,91.50028209999999
Denmark,DNK,2020,16.32999992,0.954,145.7851,96.54914573,81.60243902439025,96.54914573,93.693418
Denmark,DNK,2021,16.04999924,0.958,146.418325,98.8658506,81.40487804878049,98.8658506,94.3057345
Denmark,DNK,2022,19.02000046,0.959,147.575925,97.86011812,81.3048780487805,97.86011812,94.4556494
Denmark,DNK,2023,19.38999939,0.962,148.6738,98.77559197,81.75365853658539,98.77559197,94.7577543
Djibouti,DJI,1996,0.0,0.32,27.97014667817084,0.0312,56.33,0.0312,35.3038312
Djibouti,DJI,1998,0.0,0.327,30.17049180327869,0.0947,56.426,0.0947,35.1268514
Djibouti,DJI,2000,0.0,0.337,32.2397756686799,0.194500528399956,56.734,0.194500528399956,35.324989699999996
Djibouti,DJI,2002,0.0,0.349,34.32157031924073,0.48697170451894,57.824,0.48697170451894,35.2087061
Djibouti,DJI,2003,0.0,0.36,35.095729076790334,0.625940229399888,58.041,0.625940229399888,35.169038799999996
Djibouti,DJI,2004,0.0,0.368,35.63951682484901,0.781317175068661,58.103,0.781317175068661,39.3120498
Djibouti,DJI,2005,0.0,0.375,36.202200172562556,0.953599989,58.548,0.953599989,34.508023099999996
Djibouti,DJI,2006,0.0,0.385,36.91820534943917,1.269999981,58.962,1.269999981,34.5678652
Djibouti,DJI,2007,0.0,0.392,37.72769628990509,1.62,59.362,1.62,37.9474222
Djibouti,DJI,2008,0.0,0.4,38.51311475409836,2.26,59.815,2.26,42.1083773
Djibouti,DJI,2009,0.0,0.411,39.323856773080244,4.0,60.351,4.0,37.9633786
Djibouti,DJI,2010,0.0,0.421,40.1316220880069,6.5,60.743,6.5,37.1977446
Djibouti,DJI,2011,0.0,0.432,40.9213977566868,7.0,61.337,7.0,37.206438299999995
Djibouti,DJI,2012,0.0,0.442,41.706082830025885,9.399999619,61.719,9.399999619,36.7648976
Djibouti,DJI,2013,0.0,0.45,42.48593615185505,12.69999981,62.116,12.69999981,35.287842399999995
Djibouti,DJI,2014,0.0,0.459,43.25785159620362,17.0,62.427,17.0,32.9850096
Djibouti,DJI,2015,0.0,0.469,44.01695427092321,22.89999962,62.833,22.89999962,33.0839401
Djibouti,DJI,2016,0.0,0.477,44.76501294219155,30.799999240000002,63.335,30.799999240000002,33.4572041
Djibouti,DJI,2017,0.0,0.484,45.5065142364107,55.6814092453962,63.71,55.6814092453962,32.384087
Djibouti,DJI,2018,0.0,0.492,46.24167385677308,57.06169891,64.105,57.06169891,31.2252814
Djibouti,DJI,2019,0.0,0.497,46.96760138050043,58.4762001,64.381,58.4762001,29.0582086
Djibouti,DJI,2020,0.0,0.499,47.678515962036236,59.92570114,64.2,59.92570114,31.3766334
Djibouti,DJI,2021,0.07,0.501,48.371354616048315,61.41120148,63.83,61.41120148,29.463020999999998
Djibouti,DJI,2022,0.07,0.51,49.05504745470233,63.77600098,65.54,63.77600098,29.459505099999998
Djibouti,DJI,2023,0.07,0.513,49.738740293356344,64.75869751,65.987,64.75869751,29.535172
Dominica,DMA,1996,0.0,,92.54666666666667,1.17,71.039,1.17,65.962627
Dominica,DMA,1998,0.0,,92.16533333333334,2.93,71.352,2.93,65.87218779999999
Dominica,DMA,2000,0.0,0.721,91.348,8.81484419762881,71.715,8.81484419762881,65.60776249999999
Dominica,DMA,2002,0.0,0.724,91.156,18.4248927671241,71.927,18.4248927671241,65.4205688
Dominica,DMA,2003,0.0,0.728,91.37466666666667,23.6204198529629,71.942,23.6204198529629,65.3567128
Dominica,DMA,2004,0.0,0.73,91.532,30.3196130921568,71.987,30.3196130921568,59.201974699999994
Dominica,DMA,2005,0.0,0.732,91.64533333333334,38.54359818,72.016,38.54359818,62.0435015
Dominica,DMA,2006,0.0,0.737,91.74133333333333,39.39820099,72.007,39.39820099,62.1399018
Dominica,DMA,2007,0.0,0.74,91.796,40.2745018,71.901,40.2745018,62.0708499
Dominica,DMA,2008,0.0,0.745,91.80533333333334,41.15999985,71.945,41.15999985,62.0892049
Dominica,DMA,2009,0.0,0.746,91.81866666666667,42.02000046,71.835,42.02000046,62.0885592
Dominica,DMA,2010,0.0,0.747,91.812,47.45,71.68,47.45,64.6916306
Dominica,DMA,2011,0.0,0.745,92.07066666666667,48.59999847,71.517,48.59999847,64.6582038
Dominica,DMA,2012,0.0,0.745,92.15733333333333,49.79999924,71.391,49.79999924,64.58874089999999
Dominica,DMA,2013,0.0,0.745,92.95333333333333,51.0,71.228,51.0,64.59401989999999
Dominica,DMA,2014,0.0,0.748,93.83066666666667,57.5,71.189,57.5,60.1053159
Dominica,DMA,2015,0.0,0.741,93.88,65.0,69.968,65.0,60.392772
Dominica,DMA,2016,0.0,0.751,92.808,67.02999878,71.189,67.02999878,60.415181399999994
Dominica,DMA,2017,0.0,0.735,91.328,69.61969757,68.62,69.61969757,60.4300832
Dominica,DMA,2018,0.0,0.755,90.89866666666667,,71.378,,58.173735099999995
Dominica,DMA,2019,0.0,0.758,90.50666666666666,73.38200378,71.305,73.38200378,57.937813899999995
Dominica,DMA,2020,0.0,0.753,90.09733333333334,75.65670013,71.269,75.65670013,55.9900702
Dominica,DMA,2021,0.0,0.749,89.60266666666666,78.07949829,69.832,78.07949829,55.940051399999994
Dominica,DMA,2022,0.0,0.759,89.10133333333333,80.57980347,71.081,80.57980347,55.9319365
Dominica,DMA,2023,0.0,0.761,88.68,81.33650208,71.132,81.33650208,56.2354078
Dominican Republic,DOM,1996,0.0,0.631,166.27807907265577,0.075,69.595,0.075,44.417875599999995
Dominican Republic,DOM,1998,0.0,0.645,172.02156903332644,0.234,69.875,0.234,36.8747241
Dominican Republic,DOM,2000,0.0,0.658,177.68971227489132,3.70469235587688,70.365,3.70469235587688,36.7998081
Dominican Republic,DOM,2002,0.0,0.668,183.23814945145932,6.8237257325842,70.719,6.8237257325842,35.950275
Dominican Republic,DOM,2003,0.0,0.67,185.89567377354584,7.89839293716387,70.856,7.89839293716387,30.5054317
Dominican Republic,DOM,2004,0.0,0.673,188.46806044297247,8.8655534607044,70.73,8.8655534607044,33.3098417
Dominican Republic,DOM,2005,0.0,0.683,190.95495756572137,11.4831977789344,71.043,11.4831977789344,30.6147401
Dominican Republic,DOM,2006,0.0,0.691,193.3592009935831,14.8449283654589,71.054,14.8449283654589,34.588794899999996
Dominican Republic,DOM,2007,0.0,0.698,195.72879321051542,17.66,71.097,17.66,32.6530768
Dominican Republic,DOM,2008,0.0,0.704,198.16042227282136,20.82,71.331,20.82,32.7897739
Dominican Republic,DOM,2009,0.0,0.707,200.68857379424549,27.72,71.587,27.72,33.276787299999995
Dominican Republic,DOM,2010,0.0,0.715,203.27416683916374,31.39999962,72.039,31.39999962,32.4510258
Dominican Republic,DOM,2011,0.01,0.721,205.87085489546678,38.0,72.496,38.0,33.542595
Dominican Republic,DOM,2012,0.100000001,0.727,208.4539639826123,42.32,72.817,42.32,32.032281
Dominican Republic,DOM,2013,0.239999995,0.731,211.00875595114883,45.9,73.038,45.9,32.2508937
Dominican Republic,DOM,2014,0.239999995,0.737,213.52779962740632,49.58000183,73.145,49.58000183,32.5615749
Dominican Republic,DOM,2015,0.289999992,0.747,215.99728834609812,54.2157663369785,72.982,54.2157663369785,31.8561068
Dominican Republic,DOM,2016,0.319999993,0.766,218.41088801490375,63.8708647408206,72.889,63.8708647408206,31.7819762
Dominican Republic,DOM,2017,0.389999986,0.77,220.79989650175946,67.5712453277737,73.37,67.5712453277737,31.6402349
Dominican Republic,DOM,2018,0.5,0.773,223.1847029600497,74.8220483597284,73.555,74.8220483597284,30.7634121
Dominican Republic,DOM,2019,0.790000021,0.771,226.02677454385056,79.71549988,73.112,79.71549988,31.6185157
Dominican Republic,DOM,2020,1.070000052,0.767,228.3973491027225,81.61730194,72.636,81.61730194,33.553066
Dominican Republic,DOM,2021,1.220000029,0.762,230.78699083489323,85.24298638,71.757,85.24298638,36.817968799999996
Dominican Republic,DOM,2022,1.169999957,0.778,233.01235195968633,81.51269675,74.211,81.51269675,39.3094062
Dominican Republic,DOM,2023,1.200000048,0.776,235.09814303575126,86.12689972,73.72,86.12689972,39.1539431
East Timor,TLS,2003,0.0,0.534,61.6595830531271,,60.13,,44.6346281
East Timor,TLS,2004,0.0,0.547,62.47975790181574,,60.743,,44.544363
East Timor,TLS,2005,0.0,0.564,63.77343644922663,0.0990317678179026,61.272,0.0990317678179026,41.3193805
East Timor,TLS,2006,0.0,0.588,65.67565568258237,0.5,61.881,0.5,39.405952299999996
East Timor,TLS,2007,0.0,0.609,67.5782784129119,1.0,62.396,1.0,37.7870546
East Timor,TLS,2008,0.0,0.634,69.43032952252858,1.5,62.858,1.5,37.9677447
East Timor,TLS,2009,0.0,0.631,71.2025554808339,2.0,63.265,2.0,32.879650399999996
East Timor,TLS,2010,0.0,0.645,72.94411566913249,3.0,63.66,3.0,33.214328
East Timor,TLS,2011,0.0,0.655,74.66086079354405,4.0,64.022,4.0,31.2619834
East Timor,TLS,2012,0.0,0.65,76.32044384667115,7.0,64.384,7.0,31.5065578
East Timor,TLS,2013,0.0,0.646,77.92165433759247,11.0,64.719,11.0,32.9677436
East Timor,TLS,2014,0.0,0.637,79.48238063214527,17.5,65.027,17.5,34.699925
East Timor,TLS,2015,0.0,0.628,81.04445191661063,18.60000038,65.326,18.60000038,34.7649165
East Timor,TLS,2016,0.0,0.618,82.60336247478143,21.20000076,65.61,21.20000076,34.895662699999995
East Timor,TLS,2017,0.0,0.621,84.1763954270343,24.20000076,65.898,24.20000076,34.0752794
East Timor,TLS,2018,0.0,0.624,85.80759919300606,27.60000038,66.204,27.60000038,35.924481199999995
East Timor,TLS,2019,0.0,0.642,87.48789509078682,28.00460052,66.496,28.00460052,38.9769552
East Timor,TLS,2020,0.0,0.65,89.1763954270343,32.01269913,66.919,32.01269913,39.2667755
East Timor,TLS,2021,0.0,0.644,90.79616677874915,35.04199982,66.199,35.04199982,41.7437726
East Timor,TLS,2022,0.0,0.633,92.08439811701412,,67.368,,38.7327897
East Timor,TLS,2023,0.0,0.634,93.09253530598521,,67.689,,39.2209244
Ecuador,ECU,1996,0.0,0.677,42.66345181332177,0.0862,71.82,0.0862,37.0746477
Ecuador,ECU,1998,0.0,0.684,49.328329843775165,0.125,71.949,0.125,33.3682466
Ecuador,ECU,2000,0.0,0.683,51.091987437590596,1.46218853556457,72.09,1.46218853556457,32.5451125
Ecuador,ECU,2002,0.0,0.698,52.9009180222258,4.26079691519764,73.164,4.26079691519764,31.5807774
Ecuador,ECU,2003,0.0,0.703,53.84243034305041,4.46022834472698,73.632,4.46022834472698,34.2842024
Ecuador,ECU,2004,0.0,0.709,54.7942543082622,4.83444263759525,73.868,4.83444263759525,32.1469271
Ecuador,ECU,2005,0.0,0.714,55.75037445643421,5.994299889,73.909,5.994299889,30.857405699999997
Ecuador,ECU,2006,0.0,0.718,56.71658479626349,7.199999809,74.01,7.199999809,31.3556855
Ecuador,ECU,2007,0.0,0.722,57.69356176517958,10.80000019,74.226,10.80000019,31.8920072
Ecuador,ECU,2008,0.0,0.729,58.68578676115317,18.8,74.709,18.8,33.357383
Ecuador,ECU,2009,0.0,0.731,59.695417941697535,24.6,74.901,24.6,33.6101552
Ecuador,ECU,2010,0.0,0.737,60.70500483169592,29.03,75.188,29.03,33.448344399999996
Ecuador,ECU,2011,0.0,0.743,61.70972378804961,31.3668083587433,75.179,31.3668083587433,34.3004927
Ecuador,ECU,2012,0.0,0.75,62.70008858109196,35.1351464545516,75.486,35.1351464545516,35.4331928
Ecuador,ECU,2013,0.059999999,0.755,63.64602995651474,40.279121941,75.832,40.279121941,36.031524499999996
Ecuador,ECU,2014,0.079999998,0.76,64.56403607666292,45.5903906666095,76.141,45.5903906666095,32.5679854
Ecuador,ECU,2015,0.100000001,0.764,65.49454421001772,48.9404337892669,76.222,48.9404337892669,33.2232686
Ecuador,ECU,2016,0.079999998,0.761,66.4565107102593,54.0629247288864,76.094,54.0629247288864,32.3476786
Ecuador,ECU,2017,0.07,0.764,67.48074971815107,55.79999924,76.22,55.79999924,32.153007599999995
Ecuador,ECU,2018,0.079999998,0.767,68.64852230632953,57.5,77.248,57.5,35.3369706
Ecuador,ECU,2019,0.090000004,0.765,69.81809067482686,59.2,77.286,59.2,37.180197199999995
Ecuador,ECU,2020,0.079999998,0.74,70.64770897084877,70.7,72.004,70.7,37.3619014
Ecuador,ECU,2021,0.059999999,0.753,71.19686745047511,69.1147995,72.746,69.1147995,35.0480794
Ecuador,ECU,2022,0.059999999,0.773,71.7663754227734,69.71811356,76.577,69.71811356,34.589477099999996
Ecuador,ECU,2023,0.209999993,0.777,72.39524480592688,72.6943146,77.392,72.6943146,33.2810036
Egypt,EGY,1996,0.0,0.617,67.33441960922195,0.0615,65.733,0.0615,41.9772971
Egypt,EGY,1998,0.0,0.629,70.26299060726305,0.148,66.635,0.148,36.7654178
Egypt,EGY,2000,0.079999998,0.639,73.41733286453363,0.641265037504813,67.332,0.641265037504813,36.6784824
Egypt,EGY,2002,0.209999993,0.643,76.58761062835903,2.71999971465421,67.846,2.71999971465421,35.4943526
Egypt,EGY,2003,0.289999992,0.643,78.20940077351952,4.03788510706701,68.045,4.03788510706701,35.093066199999996
Egypt,EGY,2004,0.5,0.645,79.84071826811994,11.92,68.211,11.92,35.108536799999996
Egypt,EGY,2005,0.50999999,0.648,81.47170023607414,12.75,68.355,12.75,35.3239715
Egypt,EGY,2006,0.610000014,0.651,83.07840976442814,13.66,68.493,13.66,36.266308099999996
Egypt,EGY,2007,0.660000026,0.658,84.6614345270983,16.03,68.627,16.03,36.9885908
Egypt,EGY,2008,0.930000007,0.665,86.25725953086544,18.01,68.761,18.01,36.2860233
Egypt,EGY,2009,1.039999962,0.671,87.90158822643026,20.0,68.915,20.0,37.8294828
Egypt,EGY,2010,1.409999967,0.677,89.60376914963082,21.6,69.078,21.6,35.5425902
Egypt,EGY,2011,1.49000001,0.68,91.50942689236024,25.6,69.232,25.6,36.4969502
Egypt,EGY,2012,1.340000033,0.689,93.58682103571249,26.4,69.464,26.4,37.379554
Egypt,EGY,2013,1.580000043,0.695,95.7693033301522,29.4,69.632,29.4,36.400796899999996
Egypt,EGY,2014,1.029999971,0.699,97.9744376914963,33.8946039115275,69.911,33.8946039115275,36.1904813
Egypt,EGY,2015,1.889999986,0.706,100.05258124466322,37.8193834276939,70.135,37.8193834276939,36.439136399999995
Egypt,EGY,2016,2.400000095,0.713,102.10918579536893,41.2480670885772,70.437,41.2480670885772,38.8014874
Egypt,EGY,2017,2.109999895,0.72,104.17003063940932,44.9502042452857,70.709,44.9502042452857,39.6374668
Egypt,EGY,2018,2.99000001,0.728,106.16514541162289,46.92433676792,70.974,46.92433676792,38.240590399999995
Egypt,EGY,2019,4.980000019,0.736,108.04476166557838,57.2828663990195,71.213,57.2828663990195,34.6551366
Egypt,EGY,2020,5.230000019,0.736,109.81478125470892,71.91420096,69.79,71.91420096,31.834450399999998
Egypt,EGY,2021,5.489999771,0.738,111.46416997337887,72.05599976,68.976,72.05599976,31.9182645
Egypt,EGY,2022,5.900000095,0.751,113.1330051735396,72.19806556,71.01,72.19806556,32.1137471
Egypt,EGY,2023,5.989999771,0.754,115.05929177758803,74.01190186,71.633,74.01190186,31.3194268
El Salvador,SLV,1996,0.0,0.576,280.1778957528958,0.08639999999999999,65.48,0.08639999999999999,30.018956799999998
El Salvador,SLV,1998,0.0,0.594,283.8214768339768,0.425,66.655,0.425,32.832856
El Salvador,SLV,2000,0.0,0.607,286.84198841698844,1.17739726914477,67.711,1.17739726914477,33.280372
El Salvador,SLV,2002,0.0,0.621,288.93006756756756,1.9,68.526,1.9,33.1580423
El Salvador,SLV,2003,0.0,0.628,289.50767374517375,2.5,68.792,2.5,36.7660513
El Salvador,SLV,2004,0.0,0.636,289.80072393822394,3.2,69.295,3.2,40.0908064
El Salvador,SLV,2005,0.0,0.642,289.84449806949806,4.199999809,69.336,4.199999809,39.266862499999995
El Salvador,SLV,2006,0.0,0.647,289.68721042471043,5.5,69.612,5.5,40.2352499
El Salvador,SLV,2007,0.0,0.653,290.04942084942087,6.11,69.82,6.11,39.4762309
El Salvador,SLV,2008,0.0,0.653,290.98923745173744,10.08,70.138,10.08,39.5536527
El Salvador,SLV,2009,0.0,0.653,291.90535714285716,12.11,70.359,12.11,42.7294968
El Salvador,SLV,2010,0.0,0.66,292.86916023166026,15.9,70.909,15.9,42.673006799999996
El Salvador,SLV,2011,0.0,0.662,293.9250482625483,18.89999962,71.192,18.89999962,44.45176
El Salvador,SLV,2012,0.0,0.666,295.0760135135135,20.3213877242007,71.42,20.3213877242007,39.4985633
El Salvador,SLV,2013,0.0,0.668,296.27601351351353,23.1093,71.225,23.1093,40.8632091
El Salvador,SLV,2014,0.0,0.668,297.43991312741315,24.7617121459061,71.144,24.7617121459061,38.0404523
El Salvador,SLV,2015,0.0,0.667,298.4399613899614,26.8026049600572,70.952,26.8026049600572,37.2559025
El Salvador,SLV,2016,0.0,0.666,299.26640926640925,28.99710083,70.908,28.99710083,36.4629222
El Salvador,SLV,2017,0.0,0.665,299.8809362934363,33.8207289048526,71.007,33.8207289048526,37.1622409
El Salvador,SLV,2018,0.0,0.67,300.1837355212355,43.79999924,71.384,43.79999924,36.12166
El Salvador,SLV,2019,0.0,0.67,300.3049227799228,50.4911940673888,71.725,50.4911940673888,37.312380499999996
El Salvador,SLV,2020,0.01,0.66,300.9012065637066,54.60136976,70.244,54.60136976,37.5165892
El Salvador,SLV,2021,0.129999995,0.663,301.9199806949807,57.26380157,69.941,57.26380157,36.485837599999996
El Salvador,SLV,2022,0.140000001,0.674,303.10419884169886,60.05609894,71.969,60.05609894,34.0875275
El Salvador,SLV,2023,0.170000002,0.678,304.51853281853283,62.61989975,72.099,62.61989975,35.5083699
Equatorial Guinea,GNQ,1996,0.0,,21.15836007130125,,52.123,,19.2066314
Equatorial Guinea,GNQ,1998,0.0,,22.868948306595364,0.0944,52.646,0.0944,19.1761882
Equatorial Guinea,GNQ,2000,0.0,0.508,25.07233511586453,0.132354665123789,53.395,0.132354665123789,19.087177999999998
Equatorial Guinea,GNQ,2002,0.0,0.536,28.447664884135474,0.321197997152044,54.324,0.321197997152044,19.0241661
Equatorial Guinea,GNQ,2003,0.0,0.541,30.22680926916221,0.520524272046806,54.791,0.520524272046806,19.0026717
Equatorial Guinea,GNQ,2004,0.0,0.552,32.082602495543675,0.843930284607049,55.307,0.843930284607049,19.418841699999998
Equatorial Guinea,GNQ,2005,0.0,0.566,33.77422459893048,1.149799943,55.766,1.149799943,17.3750823
Equatorial Guinea,GNQ,2006,0.0,0.591,35.30634581105169,1.279199958,56.354,1.279199958,20.3297836
Equatorial Guinea,GNQ,2007,0.0,0.603,36.935614973262034,1.557100058,56.857,1.557100058,20.2934116
Equatorial Guinea,GNQ,2008,0.0,0.613,38.66417112299465,1.820000052,57.384,1.820000052,20.303080899999998
Equatorial Guinea,GNQ,2009,0.0,0.615,40.487450980392154,2.130000114,57.881,2.130000114,22.1797789
Equatorial Guinea,GNQ,2010,0.0,0.612,42.39162210338681,6.0,58.344,6.0,22.3303577
Equatorial Guinea,GNQ,2011,0.0,0.624,44.272192513368985,11.5,58.827,11.5,22.3157392
Equatorial Guinea,GNQ,2012,0.0,0.635,46.11347593582888,13.94320011,59.301,13.94320011,22.2853607
Equatorial Guinea,GNQ,2013,0.0,0.644,47.99351158645276,16.39999962,59.784,16.39999962,21.339170199999998
Equatorial Guinea,GNQ,2014,0.0,0.652,49.90474153297683,18.86000061,60.228,18.86000061,15.671433299999999
Equatorial Guinea,GNQ,2015,0.0,0.656,51.833262032085564,21.31999969,60.635,21.31999969,15.6948709
Equatorial Guinea,GNQ,2016,0.0,0.659,53.76777183600713,23.78000069,61.081,23.78000069,14.802342699999999
Equatorial Guinea,GNQ,2017,0.0,0.661,55.70039215686275,26.23999977,61.481,26.23999977,14.7875441
Equatorial Guinea,GNQ,2018,0.0,0.663,57.62645276292335,29.39999962,61.915,29.39999962,17.1047849
Equatorial Guinea,GNQ,2019,0.0,0.667,59.54285204991087,49.13370132,62.297,49.13370132,17.1318762
Equatorial Guinea,GNQ,2020,0.0,0.668,61.193155080213906,55.00130081,62.141,55.00130081,17.138683399999998
Equatorial Guinea,GNQ,2021,0.0,0.671,62.70181818181818,58.71730042,62.447,58.71730042,17.1254272
Equatorial Guinea,GNQ,2022,0.0,0.677,64.29750445632799,63.65950012,63.355,63.65950012,17.1208769
Equatorial Guinea,GNQ,2023,0.0,0.674,65.86627450980392,63.51950073,63.707,63.51950073,16.9937945
Eritrea,ERI,1996,0.0,,21.07390099009901,0.0,55.498,0.0,57.976013699999996
Eritrea,ERI,1998,0.0,,21.58830693069307,0.00877,49.997,0.00877,57.919833399999995
Eritrea,ERI,2000,0.0,,22.247831683168318,0.136711941104496,56.285,0.136711941104496,57.755573299999995
Eritrea,ERI,2002,0.0,,23.692851485148516,0.227090137626716,58.941,0.227090137626716,49.575948999999994
Eritrea,ERI,2003,0.0,,24.69210891089109,,59.455,,47.482696999999995
Eritrea,ERI,2004,0.0,,21.476505407284723,,60.063,,43.5463035
Eritrea,ERI,2005,0.0,0.474,21.988909990624606,,60.628,,39.4539976
Eritrea,ERI,2006,0.0,0.473,22.3422474247986,,61.457,,38.243066
Eritrea,ERI,2007,0.0,0.472,22.66514859640385,0.409999996,61.998,0.409999996,36.8768697
Eritrea,ERI,2008,0.0,0.457,23.264375520610066,0.469999999,62.422,0.469999999,34.975258499999995
Eritrea,ERI,2009,0.0,0.462,23.853099298459686,0.540000021,63.203,0.540000021,33.9558604
Eritrea,ERI,2010,0.0,0.465,24.327291077429635,0.610000014,63.665,0.610000014,33.280084599999995
Eritrea,ERI,2011,0.0,0.48,24.76265616521086,0.699999988,64.231,0.699999988,32.6383794
Eritrea,ERI,2012,0.0,0.483,25.082051751323814,0.800000012,64.697,0.800000012,30.1874959
Eritrea,ERI,2013,0.0,0.479,25.397590558119642,0.899999976,65.005,0.899999976,27.7992843
Eritrea,ERI,2014,0.0,0.497,25.572294764578047,0.99000001,65.517,0.99000001,25.0878984
Eritrea,ERI,2015,0.0,0.48,25.646852897801633,1.083699942,65.909,1.083699942,20.489740299999998
Eritrea,ERI,2016,0.0,0.485,25.807429605869082,1.177099943,66.242,1.177099943,20.4717456
Eritrea,ERI,2017,0.0,0.48,26.020607223848128,2.496099949,66.612,2.496099949,21.122581699999998
Eritrea,ERI,2018,0.0,0.49,26.36951008176451,5.293000221,66.979,5.293000221,18.8322541
Eritrea,ERI,2019,0.0,0.495,26.7606490641362,11.22379971,67.306,11.22379971,19.0348456
Eritrea,ERI,2020,0.0,0.495,27.19141158558985,14.34939957,66.98,14.34939957,20.3018665
Eritrea,ERI,2021,0.0,0.496,27.646746692061775,,66.94,,20.154016199999997
Eritrea,ERI,2022,0.0,0.499,28.13581155686419,,67.789,,20.2365571
Eritrea,ERI,2023,0.0,0.503,28.63873204916396,,68.624,,19.250677
Estonia,EST,1996,0.0,0.746,33.39452701108752,3.53,69.61219512195122,3.53,57.690782199999994
Estonia,EST,1998,0.0,0.767,32.70007077140835,10.8,69.35853658536585,10.8,66.8806554
Estonia,EST,2000,0.0,0.793,32.9555319650861,28.5769538105646,70.41707317073173,28.5769538105646,64.9101866
Estonia,EST,2002,0.0,0.813,32.53951403632932,41.52,70.9048780487805,41.52,63.3121802
Estonia,EST,2003,0.01,0.824,32.33592828497287,45.32,71.3170731707317,45.32,65.25939559999999
Estonia,EST,2004,0.01,0.834,32.14319414956358,53.2,71.90975609756097,53.2,66.5223398
Estonia,EST,2005,0.050000001,0.847,31.959778249587167,61.45,72.56829268292682,61.45,67.387969
Estonia,EST,2006,0.079999998,0.855,31.771880160415193,63.51,72.69146341463414,63.51,69.14685109999999
Estonia,EST,2007,0.090000004,0.859,31.627270582684595,66.19,72.81463414634148,66.19,67.96852659999999
Estonia,EST,2008,0.129999995,0.864,31.542580797357868,70.58,73.77073170731708,70.58,68.2147264
Estonia,EST,2009,0.200000003,0.863,31.481835338523236,72.5,74.82439024390244,72.5,67.9433947
Estonia,EST,2010,0.280000001,0.868,31.4101203113942,74.1,75.42926829268293,74.1,67.9189976
Estonia,EST,2011,0.370000005,0.877,31.314909176692616,76.5,76.22926829268293,76.5,71.3818788
Estonia,EST,2012,0.430000007,0.88,31.203019580089645,78.3899259259259,76.3268292682927,78.3899259259259,70.40214809999999
Estonia,EST,2013,0.529999971,0.887,30.319691741430873,80.0043,77.14146341463415,80.0043,71.6091386
Estonia,EST,2014,0.600000024,0.885,30.24028065332413,84.2415280294352,77.03414634146343,84.2415280294352,73.55429749999999
Estonia,EST,2015,0.709999979,0.888,30.260110420979988,88.4097035040431,77.59024390243903,88.4097035040431,74.1687961
Estonia,EST,2016,0.589999974,0.89,30.26892109500805,87.2402327514547,77.64146341463416,87.2402327514547,73.6894057
Estonia,EST,2017,0.720000029,0.894,30.816,88.1024568740199,78.09268292682927,88.1024568740199,73.7789907
Estonia,EST,2018,0.639999986,0.897,30.923438596491227,89.3570077747426,78.2439024390244,89.3570077747426,78.1694888
Estonia,EST,2019,0.689999998,0.901,31.03854970760234,90.2289281997919,78.64634146341466,90.2289281997919,78.6944247
Estonia,EST,2020,0.839999974,0.901,31.099929824561404,89.05828666,78.59512195121953,89.05828666,80.0377096
Estonia,EST,2021,0.730000019,0.899,31.132912280701753,90.97970174,76.9439024390244,90.97970174,78.96222829999999
Estonia,EST,2022,0.670000017,0.902,31.566580856541073,91.52016546,77.84390243902439,91.52016546,80.1544972
Estonia,EST,2023,0.680000007,0.905,32.06847648022467,93.18342241,78.79268292682927,93.18342241,81.7145729
Eswatini,SWZ,1996,0.0,0.532,57.548895348837206,0.0504,53.296,0.0504,48.2858102
Eswatini,SWZ,1998,0.0,0.511,59.2821511627907,0.0961,50.066,0.0961,48.2296298
Eswatini,SWZ,2000,0.0,0.493,60.54732558139535,0.926191777269401,47.627,0.926191777269401,47.219777699999995
Eswatini,SWZ,2002,0.0,0.473,61.59540697674419,1.81620380712642,45.38,1.81620380712642,47.1034921
Eswatini,SWZ,2003,0.0,0.469,62.01744186046512,2.43707385055863,44.632,2.43707385055863,47.0638268
Eswatini,SWZ,2004,0.0,0.467,62.39296511627907,3.22868507316111,43.906,3.22868507316111,41.7151713
Eswatini,SWZ,2005,0.0,0.472,62.73383720930232,3.697000027,43.958,3.697000027,41.694866999999995
Eswatini,SWZ,2006,0.0,0.485,63.04860465116279,3.69653878906882,44.563,3.69653878906882,49.530715199999996
Eswatini,SWZ,2007,0.0,0.497,63.41308139534884,4.1,45.16,4.1,49.494822899999996
Eswatini,SWZ,2008,0.0,0.507,63.8425,6.85,45.853,6.85,51.664946199999996
Eswatini,SWZ,2009,0.0,0.519,64.25308139534884,8.94,46.913,8.94,50.645292999999995
Eswatini,SWZ,2010,0.0,0.534,64.63081395348837,11.04,48.331,11.04,45.9925334
Eswatini,SWZ,2011,0.0,0.545,64.99029069767442,18.13,49.057,18.13,45.1828052
Eswatini,SWZ,2012,0.0,0.562,65.34087209302325,20.78179932,50.714,20.78179932,45.598785
Eswatini,SWZ,2013,0.0,0.578,65.69709302325582,24.70000076,52.11,24.70000076,45.1331103
Eswatini,SWZ,2014,0.0,0.592,66.0638953488372,25.0,53.491,25.0,42.100094399999996
Eswatini,SWZ,2015,0.0,0.607,66.44261627906977,25.64299965,54.941,25.64299965,42.2130139
Eswatini,SWZ,2016,0.0,0.619,66.83180232558139,28.56999969,56.228,28.56999969,42.3114505
Eswatini,SWZ,2017,0.0,0.631,67.33691860465116,35.33160019,57.574,35.33160019,46.0711455
Eswatini,SWZ,2018,0.0,0.643,67.96098837209303,39.38100052,58.707,39.38100052,42.339988999999996
Eswatini,SWZ,2019,0.0,0.653,68.59732558139535,43.93389893,59.85,43.93389893,41.843528899999995
Eswatini,SWZ,2020,0.0,0.657,69.34470930232558,49.01300049,59.862,49.01300049,41.7535169
Eswatini,SWZ,2021,0.0,0.658,70.1507558139535,53.99530029,58.228,53.99530029,36.101062299999995
Eswatini,SWZ,2022,0.0,0.695,70.86726744186046,57.34370041,63.028,57.34370041,35.536226299999996
Eswatini,SWZ,2023,0.0,0.695,71.54104651162791,61.33330154,64.123,61.33330154,35.1177346
Ethiopia,ETH,1996,0.0,,59.467635,0.0017,48.697,0.0017,27.972169299999997
Ethiopia,ETH,1998,0.0,,63.363524,0.00966,49.785,0.00966,27.9465455
Ethiopia,ETH,2000,0.0,0.293,67.411494,0.0152637672082567,50.88,0.0152637672082567,27.8716296
Ethiopia,ETH,2002,0.0,0.314,71.635517,0.0724022618698295,52.085,0.0724022618698295,33.1867489
Ethiopia,ETH,2003,0.0,0.317,73.832663,0.105811658802603,52.877,0.105811658802603,30.8646097
Ethiopia,ETH,2004,0.0,0.331,67.40863725263209,0.155334520794722,53.735,0.155334520794722,32.6063269
Ethiopia,ETH,2005,0.0,0.35,69.43778476657536,0.219659818999505,54.364,0.219659818999505,31.1513937
Ethiopia,ETH,2006,0.0,0.366,71.50677486316836,0.310592656856176,55.402,0.310592656856176,37.0995286
Ethiopia,ETH,2007,0.0,0.383,73.63186220618392,0.37,56.566,0.37,37.0494146
Ethiopia,ETH,2008,0.0,0.398,75.7983969601131,0.449999988,57.733,0.449999988,35.0633658
Ethiopia,ETH,2009,0.0,0.405,77.98026313574317,0.540000021,58.715,0.540000021,33.2412128
Ethiopia,ETH,2010,0.0,0.415,80.22403021165704,0.75,59.709,0.75,33.6907469
Ethiopia,ETH,2011,0.029999999,0.425,82.53767959261195,1.100000024,60.595,1.100000024,35.597418499999996
Ethiopia,ETH,2012,0.189999998,0.433,84.88418077869567,2.900000095,61.443,2.900000095,35.4939599
Ethiopia,ETH,2013,0.360000014,0.441,87.22415785398204,4.599999905,62.161,4.599999905,36.3727482
Ethiopia,ETH,2014,0.5,0.449,89.59874024656496,7.699999809,62.927,7.699999809,36.8643462
Ethiopia,ETH,2015,0.75999999,0.456,92.0367822337439,13.8551755555556,63.592,13.8551755555556,37.3367897
Ethiopia,ETH,2016,0.779999971,0.463,94.56147997644783,15.3669238595896,64.162,15.3669238595896,39.0317349
Ethiopia,ETH,2017,0.529999971,0.47,97.17443525903262,15.62440014,64.766,15.62440014,36.419411
Ethiopia,ETH,2018,0.529999971,0.476,99.82988253895624,15.88619995,65.257,15.88619995,38.6140022
Ethiopia,ETH,2019,0.850000024,0.482,102.55215954974562,15.98460007,65.741,15.98460007,39.21469
Ethiopia,ETH,2020,0.610000014,0.486,105.37009089544534,16.06959915,65.969,16.06959915,40.3946318
Ethiopia,ETH,2021,0.819999993,0.487,108.2303782985215,16.6981031,65.33,16.6981031,39.7519469
Ethiopia,ETH,2022,0.560000002,0.494,111.10715137667846,17.9836998,66.897,17.9836998,39.6253199
Ethiopia,ETH,2023,0.560000002,0.497,114.03795201200036,20.33749962,67.315,20.33749962,38.4840333
Fiji,FJI,1996,0.0,0.657,43.99501915708812,0.0644,66.202,0.0644,58.972605699999995
Fiji,FJI,1998,0.0,0.66,45.00591133004926,0.633,66.536,0.633,58.9164253
Fiji,FJI,2000,0.0,0.668,46.026765188834155,1.4968547339902,66.194,1.4968547339902,60.201754699999995
Fiji,FJI,2002,0.0,0.67,46.964915161466884,6.15264970011985,65.492,6.15264970011985,58.4244832
Fiji,FJI,2003,0.0,0.673,47.41576354679803,6.72543473821551,65.653,6.72543473821551,52.499786
Fiji,FJI,2004,0.0,0.679,47.85801860974275,7.4129434854202,65.841,7.4129434854202,53.183267699999995
Fiji,FJI,2005,0.0,0.681,48.29660645867543,8.45363663371359,65.983,8.45363663371359,46.544750799999996
Fiji,FJI,2006,0.0,0.684,48.73371647509578,9.6000384001536,66.126,9.6000384001536,46.2567988
Fiji,FJI,2007,0.01,0.686,49.1424192665572,10.89780045,66.161,10.89780045,48.639737499999995
Fiji,FJI,2008,0.02,0.69,49.44712643678161,13.0,66.32,13.0,48.8364063
Fiji,FJI,2009,0.02,0.693,49.657307060755336,17.0,66.347,17.0,47.1062449
Fiji,FJI,2010,0.01,0.697,49.83136288998358,20.0,66.778,20.0,44.3717553
Fiji,FJI,2011,0.0,0.701,49.972030651340994,28.0,66.88,28.0,49.678863
Fiji,FJI,2012,0.01,0.698,50.0776135741653,33.74240112,65.812,33.74240112,49.591057199999995
Fiji,FJI,2013,0.0,0.708,50.156102900930485,35.20000076,66.545,35.20000076,49.670317
Fiji,FJI,2014,0.0,0.712,50.22359058565955,37.40000153,66.581,37.40000153,54.8875746
Fiji,FJI,2015,0.01,0.715,50.277941981390256,42.5,66.48,42.5,54.2248283
Fiji,FJI,2016,0.0,0.719,50.310125889436236,49.41999817,66.657,49.41999817,54.2324877
Fiji,FJI,2017,0.0,0.725,50.28784893267652,53.6473999,67.06,53.6473999,54.8343717
Fiji,FJI,2018,0.0,0.728,50.201423097974825,58.2364006,66.965,58.2364006,54.7471307
Fiji,FJI,2019,0.0,0.727,50.07657361795293,63.21789932,67.009,63.21789932,61.667764
Fiji,FJI,2020,0.0,0.718,50.080076628352494,68.62560272,66.924,68.62560272,58.8219156
Fiji,FJI,2021,0.0,0.705,50.17575259989053,70.56800079,64.904,70.56800079,57.651126999999995
Fiji,FJI,2022,0.0,0.726,50.324137931034485,72.56549835,67.148,72.56549835,57.130966099999995
Fiji,FJI,2023,0.0,0.731,50.58264915161467,74.1160965,67.316,74.1160965,58.6299691
Finland,FIN,1996,0.01,0.863,16.82449522308677,16.8,76.69341463414635,16.8,95.7261316
Finland,FIN,1998,0.02,0.88,16.91945894481106,25.5,77.09073170731708,25.5,96.037167
Finland,FIN,2000,0.079999998,0.898,16.99402147148626,37.2484617371121,77.4658536585366,37.2484617371121,95.4262735
Finland,FIN,2002,0.059999999,0.912,17.074093043107126,62.43,78.11951219512196,62.43,95.65626789999999
Finland,FIN,2003,0.090000004,0.915,17.114856035982797,69.22,78.36829268292684,69.22,95.5085472
Finland,FIN,2004,0.119999997,0.911,17.16462129419876,72.39,78.71463414634148,72.39,94.1242934
Finland,FIN,2005,0.170000002,0.914,17.223467612200007,74.48,78.8170731707317,74.48,94.75193689999999
Finland,FIN,2006,0.159999996,0.917,17.316983986057675,79.66,79.21463414634147,79.66,96.37301049999999
Finland,FIN,2007,0.189999998,0.92,17.39195632871847,80.78,79.26341463414636,80.78,95.0458743
Finland,FIN,2008,0.25999999,0.921,17.484037512339587,83.67,79.56829268292684,83.67,94.3802254
Finland,FIN,2009,0.280000001,0.916,17.567854557420205,82.49,79.71951219512196,82.49,91.9025664
Finland,FIN,2010,0.289999992,0.92,17.648410661401776,86.89,79.87073170731709,86.89,89.8671971
Finland,FIN,2011,0.479999989,0.924,17.730994767843626,88.70999491353,80.47073170731709,88.70999491353,91.0852902
Finland,FIN,2012,0.49000001,0.924,17.815561551877323,89.879997974222,80.6268292682927,89.879997974222,90.140642
Finland,FIN,2013,0.769999981,0.934,17.897831452170195,91.5144,80.97560975609757,91.5144,89.0635839
Finland,FIN,2014,1.110000014,0.936,17.972003027411233,86.5303927529377,81.18048780487807,86.5303927529377,89.2493789
Finland,FIN,2015,2.329999924,0.938,18.03011088809187,86.4221333325445,81.48048780487807,86.4221333325445,91.88059419999999
Finland,FIN,2016,3.069999933,0.94,18.082007831265834,87.7036499599455,81.42926829268293,87.7036499599455,92.1856119
Finland,FIN,2017,4.789999962,0.942,18.123894445906817,87.4689290730615,81.6317073170732,87.4689290730615,91.9731709
Finland,FIN,2018,5.840000153,0.945,18.147950118452226,88.8899599985585,81.73414634146343,88.8899599985585,92.05161489999999
Finland,FIN,2019,6.019999981,0.947,18.167360905471654,89.6073851129779,81.9829268292683,89.6073851129779,92.07423279999999
Finland,FIN,2020,8.260000229,0.947,18.192876883595446,92.17027106,81.93170731707318,92.17027106,93.1034035
Finland,FIN,2021,8.510000229,0.949,18.230165913412076,92.80806082,81.88536585365854,92.80806082,92.92196249999999
Finland,FIN,2022,12.02000046,0.946,18.279809322459094,92.98879471,81.1878048780488,92.98879471,92.17305809999999
Finland,FIN,2023,15.03999996,0.948,18.37054546650875,93.51385075,81.58536585365854,93.51385075,92.2638636
France,FRA,1996,0.01,0.842,110.87207347620372,2.58,77.95365853658538,2.58,76.3571549
France,FRA,1998,0.02,0.851,111.68138788384822,6.32,78.60487804878049,6.32,76.1368744
France,FRA,2000,0.050000001,0.852,113.03211986269598,14.3079239430677,79.05609756097562,14.3079239430677,73.9386174
France,FRA,2002,0.270000011,0.858,114.68993784210038,30.18,79.26097560975612,30.18,73.1147101
France,FRA,2003,0.389999986,0.862,115.50209666944986,36.14,79.11463414634147,36.14,74.9900214
France,FRA,2004,0.589999974,0.869,116.3514017997959,39.15,80.16341463414635,39.15,74.2420684
France,FRA,2005,0.959999979,0.877,117.22952778550886,42.87,80.16341463414635,42.87,76.75487269999999
France,FRA,2006,2.180000067,0.881,118.04869097318861,46.87,80.81219512195123,46.87,77.72901879999999
France,FRA,2007,4.070000172,0.884,118.78075888301326,66.09,81.11219512195123,66.09,77.8842694
France,FRA,2008,5.690000057,0.884,119.44543278597273,70.68,81.21463414634148,70.68,77.19791339999999
France,FRA,2009,7.909999847,0.883,120.06018369050932,71.58,81.41463414634147,71.58,76.8681241
France,FRA,2010,9.93999958,0.888,120.65351331292328,77.28,81.66341463414635,77.28,75.8244665
France,FRA,2011,12.36999989,0.892,121.23727618517488,77.8199989926706,82.11463414634147,77.8199989926706,78.286659
France,FRA,2012,15.18000031,0.893,121.82513962334168,81.44,81.96829268292684,81.44,77.5821038
France,FRA,2013,16.13999939,0.896,122.4565024584841,81.9198,82.21951219512196,81.9198,74.76833409999999
France,FRA,2014,17.31999969,0.9,123.03936728824566,83.7510996681821,82.71951219512195,83.7510996681821,74.4007094
France,FRA,2015,21.42000008,0.901,123.47763614435476,78.0060377071902,82.3219512195122,78.0060377071902,74.095044
France,FRA,2016,21.37999916,0.905,123.80388533259115,79.2698113207547,82.57317073170732,79.2698113207547,75.026776
France,FRA,2017,24.61000061,0.908,124.163688653864,80.5024597243607,82.57560975609756,80.5024597243607,75.31231319999999
France,FRA,2018,28.60000038,0.911,124.60960757027554,82.0431867788484,82.67560975609757,82.0431867788484,76.4426936
France,FRA,2019,34.72000122,0.914,125.02469802393543,83.3397440866883,82.8268292682927,83.3397440866883,75.4248136
France,FRA,2020,40.04999924,0.909,125.43113461360052,84.70639801,82.17560975609757,84.70639801,74.0468813
France,FRA,2021,37.11999893,0.915,125.87960107616662,86.09548575,82.32439024390244,86.09548575,76.6545435
France,FRA,2022,38.20000076,0.916,126.5135114574636,85.33331734,82.12926829268294,85.33331734,75.9023965
France,FRA,2023,50.47999954,0.92,126.86202059560256,86.83635789,82.83170731707318,86.83635789,73.5063433
Gabon,GAB,1996,0.0,0.644,4.470893002677844,0.0,61.265,0.0,25.8855585
Gabon,GAB,1998,0.0,0.654,4.7026662009547096,0.17,61.506,0.17,29.8597389
Gabon,GAB,2000,0.0,0.652,4.9504094384289985,1.21614061828589,61.81,1.21614061828589,33.7846271
Gabon,GAB,2002,0.0,0.661,5.2203787790584855,1.93953010616212,62.175,1.93953010616212,33.731592299999996
Gabon,GAB,2003,0.0,0.664,5.364807699771025,2.65958659385985,62.463,2.65958659385985,33.7135004
Gabon,GAB,2004,0.0,0.665,5.517169247487096,2.97906980035019,62.694,2.97906980035019,29.7156293
Gabon,GAB,2005,0.0,0.671,5.679726006131874,4.89326474972412,62.978,4.89326474972412,31.2012891
Gabon,GAB,2006,0.0,0.67,5.853754802654558,5.48920080280135,63.259,5.48920080280135,30.8156596
Gabon,GAB,2007,0.0,0.674,6.039651492218729,5.767000198,63.619,5.767000198,28.3273293
Gabon,GAB,2008,0.0,0.675,6.237338456164862,7.5,64.011,7.5,28.8319224
Gabon,GAB,2009,0.0,0.681,6.448387472348353,9.5,64.361,9.5,28.831634899999997
Gabon,GAB,2010,0.0,0.684,6.674735126324368,13.0,64.715,13.0,31.8614364
Gabon,GAB,2011,0.0,0.69,6.91576434974968,18.0,65.102,18.0,33.0739225
Gabon,GAB,2012,0.0,0.699,7.167652423642644,24.0,65.438,24.0,33.993786899999996
Gabon,GAB,2013,0.0,0.707,7.424453758683588,30.53800011,65.751,30.53800011,34.0510199
Gabon,GAB,2014,0.0,0.716,7.678033919354212,38.07120132,66.07,38.07120132,31.038150499999997
Gabon,GAB,2015,0.0,0.72,7.920941514340047,45.78450012,66.336,45.78450012,32.8545367
Gabon,GAB,2016,0.0,0.724,8.151146815694492,48.0522995,66.583,48.0522995,33.9008743
Gabon,GAB,2017,0.0,0.726,8.370784336554507,51.60490036,66.816,51.60490036,30.2424355
Gabon,GAB,2018,0.0,0.727,8.585857880234409,55.42020035,67.043,55.42020035,31.2543604
Gabon,GAB,2019,0.0,0.73,8.80081499592502,59.51760101,67.337,59.51760101,31.267903999999998
Gabon,GAB,2020,0.0,0.732,9.013618193813793,63.91790009,67.073,63.91790009,31.5726423
Gabon,GAB,2021,0.0,0.72,9.223898785267979,65.76809692,67.072,65.76809692,30.3392427
Gabon,GAB,2022,0.0,0.73,9.433566189311911,67.67169952,67.713,67.67169952,27.5416399
Gabon,GAB,2023,0.0,0.733,9.64329956921644,68.19789886,68.337,68.19789886,28.1225153
Gambia,GMB,1996,0.0,0.377,128.59782608695653,0.035500000000000004,54.849,0.035500000000000004,42.2695505
Gambia,GMB,1998,0.0,0.389,136.0659090909091,0.20600000000000002,56.007,0.20600000000000002,42.9900459
Gambia,GMB,2000,0.0,0.403,143.78300395256917,0.921794919066406,56.899,0.921794919066406,42.9802044
Gambia,GMB,2002,0.0,0.415,151.74812252964426,1.79677988296495,57.736,1.79677988296495,42.8938844
Gambia,GMB,2003,0.0,0.422,155.89041501976286,2.436781193062,58.223,2.436781193062,44.6688605
Gambia,GMB,2004,0.0,0.432,160.2086956521739,3.30800347812937,58.749,3.30800347812937,39.8348623
Gambia,GMB,2005,0.0,0.436,164.726976284585,3.799000025,59.11,3.799000025,35.035189599999995
Gambia,GMB,2006,0.0,0.441,169.4935770750988,5.23769115841218,59.667,5.23769115841218,35.38686
Gambia,GMB,2007,0.0,0.447,174.48359683794467,6.20503741852418,60.001,6.20503741852418,34.9288284
Gambia,GMB,2008,0.0,0.455,179.6296442687747,6.880000114,60.473,6.880000114,33.8523917
Gambia,GMB,2009,0.0,0.459,184.92312252964427,7.630000114,60.735,7.630000114,33.535775699999995
Gambia,GMB,2010,0.0,0.463,190.37845849802372,9.2,61.167,9.2,33.7518824
Gambia,GMB,2011,0.0,0.463,196.02608695652174,10.87030029,61.561,10.87030029,34.5840807
Gambia,GMB,2012,0.0,0.469,201.88675889328064,12.44919968,61.9,12.44919968,32.265924999999996
Gambia,GMB,2013,0.0,0.474,207.88735177865613,14.0,62.252,14.0,30.2148604
Gambia,GMB,2014,0.0,0.477,213.88616600790513,15.56000042,62.576,15.56000042,29.806525899999997
Gambia,GMB,2015,0.0,0.482,219.8151185770751,17.59950066,62.971,17.59950066,29.169022899999998
Gambia,GMB,2016,0.0,0.487,225.66887351778655,19.90640068,63.386,19.90640068,29.3594208
Gambia,GMB,2017,0.0,0.493,231.44160079051383,22.5156002,63.708,22.5156002,37.6693662
Gambia,GMB,2018,0.0,0.5,237.11778656126484,28.30900002,64.034,28.30900002,39.39504
Gambia,GMB,2019,0.0,0.508,242.7711462450593,31.11829948,64.427,31.11829948,40.9389611
Gambia,GMB,2020,0.0,0.512,248.59021739130435,36.01100159,64.418,36.01100159,43.3446735
Gambia,GMB,2021,0.0,0.513,254.54644268774703,41.67309952,63.847,41.67309952,41.5001981
Gambia,GMB,2022,0.0,0.519,260.5207509881423,48.22539902,64.859,48.22539902,41.7782135
Gambia,GMB,2023,0.0,0.524,266.5854743083004,48.72829819,65.86,48.72829819,41.8599489
Georgia,GEO,1996,0.0,,78.5839077644424,0.0401,70.637,0.0401,17.524013399999998
Georgia,GEO,1998,0.0,,74.2434479862836,0.10300000000000001,69.787,0.10300000000000001,19.3229474
Georgia,GEO,2000,0.0,0.705,71.3308898141992,0.484746298540492,70.091,0.484746298540492,16.1931224
Georgia,GEO,2002,0.0,0.719,69.6055670247384,1.58787562980332,70.438,1.58787562980332,16.841102499999998
Georgia,GEO,2003,0.0,0.733,69.13705867945,2.55881648068489,71.377,2.55881648068489,27.6857637
Georgia,GEO,2004,0.0,0.737,68.7102417859267,3.88622135350273,71.011,3.88622135350273,46.8677207
Georgia,GEO,2005,0.0,0.744,68.2751145946324,6.079500198,70.689,6.079500198,50.4745415
Georgia,GEO,2006,0.0,0.75,67.8880821582281,7.52687684487832,70.983,7.52687684487832,53.4056352
Georgia,GEO,2007,0.0,0.76,67.5348682599111,8.26,70.985,8.26,49.1170815
Georgia,GEO,2008,0.0,0.757,67.3300150460128,10.01000023,70.949,10.01000023,50.263292799999995
Georgia,GEO,2009,0.0,0.76,66.7346478183281,20.06999969,71.058,20.06999969,50.664540699999996
Georgia,GEO,2010,0.0,0.77,66.2496063543161,26.9,71.732,26.9,52.948969899999994
Georgia,GEO,2011,0.0,0.78,65.7203016200707,31.52000046,72.485,31.52000046,54.283599599999995
Georgia,GEO,2012,0.0,0.789,65.238006928164,36.93999863,72.672,36.93999863,58.383435299999995
Georgia,GEO,2013,0.0,0.796,65.0419538822212,43.3,73.025,43.3,58.752651099999994
Georgia,GEO,2014,0.0,0.802,65.0725007872914,49.1024547144647,73.105,49.1024547144647,64.21030309999999
Georgia,GEO,2015,0.0,0.807,65.1750586094685,47.5697596438736,73.241,47.5697596438736,63.5501781
Georgia,GEO,2016,0.01,0.809,65.2140557752196,58.4592896118725,73.136,58.4592896118725,64.0355256
Georgia,GEO,2017,0.090000004,0.816,65.2227859617201,59.7055045962571,73.435,59.7055045962571,65.2966987
Georgia,GEO,2018,0.079999998,0.824,65.197330207495,62.7179081974285,73.985,62.7179081974285,64.8914753
Georgia,GEO,2019,0.090000004,0.83,65.0855698239966,68.8467135616978,74.165,68.8467135616978,64.93109609999999
Georgia,GEO,2020,0.090000004,0.822,65.1302704783232,72.53157487,73.509,72.53157487,64.45943799999999
Georgia,GEO,2021,0.079999998,0.819,64.8834808775675,76.4427093,71.635,76.4427093,62.482969499999996
Georgia,GEO,2022,0.090000004,0.838,64.9515728331992,78.71127536,74.141,78.71127536,61.037772499999996
Georgia,GEO,2023,0.090000004,0.844,65.0037265124742,81.88425624,74.496,81.88425624,61.182127099999995
Cuba,CUB,1990,0.0,0.687,98.99254189944133,0.0,73.823,0.0,
Cuba,CUB,1991,0.0,0.681,99.79180633147114,,73.757,,
Cuba,CUB,1992,0.0,0.674,100.42645251396648,,73.846,,
Cuba,CUB,1993,0.0,0.665,100.94069832402235,,73.874,,
Cuba,CUB,1994,0.0,0.662,101.35959962756053,,74.092,,
Cuba,CUB,1995,0.0,0.664,101.72590316573557,9.169999999999999e-05,74.346,9.169999999999999e-05,
Cuba,CUB,1997,0.0,0.679,102.40162011173184,0.0682,75.064,0.0682,
Cuba,CUB,1999,0.0,0.69,103.09338919925513,0.315,75.719,0.315,
Cuba,CUB,2001,0.0,0.705,103.7628677839851,1.07975172188907,76.429,1.07975172188907,
Cyprus,CYP,1990,0.0,0.749,85.3193722943723,0.0,76.044,0.0,
Cyprus,CYP,1991,0.0,0.754,86.46580086580087,,76.246,,
Cyprus,CYP,1992,0.0,0.761,87.69924242424243,0.050100000000000006,76.291,0.050100000000000006,
Cyprus,CYP,1993,0.0,0.764,89.39761904761905,0.056400000000000006,76.294,0.056400000000000006,
Cyprus,CYP,1994,0.0,0.771,91.41417748917749,0.11100000000000002,76.383,0.11100000000000002,
Cyprus,CYP,1995,0.0,0.777,93.36525974025975,0.41,76.583,0.41,
Cyprus,CYP,1997,0.0,0.788,97.13939393939394,4.38,77.119,4.38,
Cyprus,CYP,1999,0.0,0.802,100.78290043290043,11.3,77.572,11.3,
Cyprus,CYP,2001,0.0,0.815,104.34274891774892,18.8187590408455,78.185,18.8187590408455,
Czechia,CZE,1990,0.0,0.753,,0.0,71.38390243902441,0.0,
Czechia,CZE,1991,0.0,0.751,,,71.89829268292684,,
Czechia,CZE,1992,0.0,0.752,,,72.27170731707318,,
Czechia,CZE,1993,0.0,0.76,133.68519477158017,0.581,72.76780487804879,0.581,
Czechia,CZE,1994,0.0,0.771,133.7334929468099,1.26,72.97268292682926,1.26,
Czechia,CZE,1995,0.0,0.781,133.651520641905,1.45,73.0748780487805,1.45,
Czechia,CZE,1997,0.0,0.797,133.35228419826583,2.92,73.8248780487805,2.92,
Czechia,CZE,1999,0.0,0.806,133.0899443509771,6.83,74.66829268292683,6.83,
Czechia,CZE,2001,0.0,0.828,132.21955480781673,14.6971721171129,75.17317073170733,14.6971721171129,
Democratic Republic of Congo,COD,1990,0.0,0.388,16.181408879380694,0.0,48.538,0.0,
Democratic Republic of Congo,COD,1991,0.0,0.389,16.729148893937055,,48.944,,
Democratic Republic of Congo,COD,1992,0.0,0.387,17.30394565624931,,49.323,,
Democratic Republic of Congo,COD,1993,0.0,0.385,17.933585937672305,,49.621,,
Democratic Republic of Congo,COD,1994,0.0,0.382,18.802794821464015,,49.88,,
Democratic Republic of Congo,COD,1995,0.0,0.385,19.5997900355087,,50.381,,
Democratic Republic of Congo,COD,1997,0.0,0.388,20.30387596215346,0.000211,50.461,0.000211,
Democratic Republic of Congo,COD,1999,0.0,0.383,21.575603096535144,0.00101,50.089,0.00101,
Democratic Republic of Congo,COD,2001,0.0,0.389,22.995807767803974,0.0114757819210493,52.205,0.0114757819210493,
Denmark,DNK,1990,0.610000014,0.844,128.523475,0.0973,74.80536585365854,0.0973,
Denmark,DNK,1991,0.74000001,0.848,128.85745,0.194,75.1578048780488,0.194,
Denmark,DNK,1992,0.920000017,0.85,129.28425,0.387,75.19414634146342,0.387,
Denmark,DNK,1993,1.029999971,0.853,129.7157,0.5780000000000001,75.1168292682927,0.5780000000000001,
Denmark,DNK,1994,1.139999986,0.859,130.1545,1.34,75.37512195121953,1.34,
Denmark,DNK,1995,1.179999948,0.862,130.834325,3.83,75.21268292682927,3.83,
Denmark,DNK,1997,1.929999948,0.876,132.124775,11.4,75.94512195121952,11.4,
Denmark,DNK,1999,3.029999971,0.894,133.044975,30.6,76.34146341463415,30.6,
Denmark,DNK,2001,4.309999943,0.902,133.969575,42.9575247201878,76.79268292682929,42.9575247201878,
Djibouti,DJI,1990,0.0,,25.001639344262294,0.0,55.469,0.0,
Djibouti,DJI,1991,0.0,,27.225711820534944,,55.194,,
Djibouti,DJI,1992,0.0,,27.006471095772216,,54.375,,
Djibouti,DJI,1993,0.0,,26.498921484037965,,55.734,,
Djibouti,DJI,1994,0.0,,27.036669542709234,,55.592,,
Djibouti,DJI,1995,0.0,0.318,27.311216566005175,0.016,56.234,0.016,
Djibouti,DJI,1997,0.0,0.324,28.982614322691976,0.0829,56.207,0.0829,
Djibouti,DJI,1999,0.0,0.333,31.243226919758413,0.106,56.564,0.106,
Djibouti,DJI,2001,0.0,0.342,33.274935289042276,0.343526262964202,57.506,0.343526262964202,
Dominica,DMA,1990,0.0,,92.836,0.0,70.471,0.0,
Dominica,DMA,1991,0.0,,92.39466666666667,,70.398,,
Dominica,DMA,1992,0.0,,92.43333333333334,,70.473,,
Dominica,DMA,1993,0.0,,92.57733333333333,,70.612,,
Dominica,DMA,1994,0.0,,92.636,,70.777,,
Dominica,DMA,1995,0.0,,92.62533333333333,0.549,70.832,0.549,
Dominica,DMA,1997,0.0,,92.39866666666667,,71.195,,
Dominica,DMA,1999,0.0,,91.82666666666667,2.93,71.527,2.93,
Dominica,DMA,2001,0.0,0.725,91.05066666666667,13.2452280386761,71.862,13.2452280386761,
Dominican Republic,DOM,1990,0.0,0.589,148.02661974746428,0.0,67.746,0.0,
Dominican Republic,DOM,1991,0.0,0.594,151.10438832539847,,68.154,,
Dominican Republic,DOM,1992,0.0,0.604,154.16009107845167,,68.525,,
Dominican Republic,DOM,1993,0.0,0.611,157.20496791554544,,68.86,,
Dominican Republic,DOM,1994,0.0,0.617,160.25034154419376,,69.16,,
Dominican Republic,DOM,1995,0.0,0.624,163.28120471951976,0.0172,69.394,0.0172,
Dominican Republic,DOM,1997,0.0,0.639,169.20053819085075,0.14300000000000002,69.809,0.14300000000000002,
Dominican Republic,DOM,1999,0.0,0.652,174.8335334299317,1.1,70.178,1.1,
Dominican Republic,DOM,2001,0.0,0.663,180.50678948457877,4.42939069666645,70.553,4.42939069666645,
Ecuador,ECU,1990,0.0,0.646,37.83294682849299,0.0,68.445,0.0,
Ecuador,ECU,1991,0.0,0.649,38.65908105765063,,69.04,,
Ecuador,ECU,1992,0.0,0.654,39.48175119202428,0.0051199999999999996,69.468,0.0051199999999999996,
Ecuador,ECU,1993,0.0,0.66,40.29141020083803,0.0164,70.07,0.0164,
Ecuador,ECU,1994,0.0,0.667,41.07859052160092,0.0348,70.876,0.0348,
Ecuador,ECU,1995,0.0,0.672,41.86719404710302,0.043800000000000006,71.349,0.043800000000000006,
Ecuador,ECU,1997,0.0,0.682,43.458774021095216,0.11,72.007,0.11,
Ecuador,ECU,1999,0.0,0.682,50.212574488645515,0.823,71.92,0.823,
Ecuador,ECU,2001,0.0,0.691,51.98397487518119,2.67044367376705,72.571,2.67044367376705,
Egypt,EGY,1990,0.0,0.572,58.66353709377668,0.0,62.513,0.0,
Egypt,EGY,1991,0.0,0.578,60.30337736701994,,63.059,,
Egypt,EGY,1992,0.0,0.586,61.761675624089605,,63.585,,
Egypt,EGY,1993,0.0,0.593,63.20325581395349,0.000976,64.147,0.000976,
Egypt,EGY,1994,0.0,0.601,64.57942538550404,0.00638,64.663,0.00638,
Egypt,EGY,1995,0.0,0.609,65.95270681601286,0.0313,65.214,0.0313,
Egypt,EGY,1997,0.0,0.623,68.74452760058266,0.0905,66.207,0.0905,
Egypt,EGY,1999,0.012,0.634,71.84786177105832,0.29,67.01,0.29,
Egypt,EGY,2001,0.180000007,0.642,74.99324827967251,0.838945611477604,67.612,0.838945611477604,
El Salvador,SLV,1990,0.0,0.523,260.6045366795367,0.0,61.981,0.0,
El Salvador,SLV,1991,0.0,0.529,265.2064189189189,,62.542,,
El Salvador,SLV,1992,0.0,0.538,269.5757239382239,,62.944,,
El Salvador,SLV,1993,0.0,0.548,273.1639478764479,,63.998,,
El Salvador,SLV,1994,0.0,0.558,275.7784266409266,,64.47,,
El Salvador,SLV,1995,0.0,0.567,278.09512548262546,,64.903,,
El Salvador,SLV,1997,0.0,0.586,282.0742277992278,0.257,66.248,0.257,
El Salvador,SLV,1999,0.0,0.598,285.41988416988414,0.845,67.285,0.845,
El Salvador,SLV,2001,0.0,0.612,288.0337837837838,1.5,67.965,1.5,
Equatorial Guinea,GNQ,1990,0.0,,16.908163992869873,0.0,51.397,0.0,
Equatorial Guinea,GNQ,1991,0.0,,17.5478431372549,,51.497,,
Equatorial Guinea,GNQ,1992,0.0,,18.20926916221034,,51.579,,
Equatorial Guinea,GNQ,1993,0.0,,18.895650623885917,,51.671,,
Equatorial Guinea,GNQ,1994,0.0,,19.61276292335116,,51.785,,
Equatorial Guinea,GNQ,1995,0.0,,20.365918003565064,,51.926,,
Equatorial Guinea,GNQ,1997,0.0,,21.992620320855615,0.0415,52.365,0.0415,
Equatorial Guinea,GNQ,1999,0.0,,23.786595365418894,0.0974,53.001,0.0974,
Equatorial Guinea,GNQ,2001,0.0,0.521,26.73212121212121,0.16526042288306,53.827,0.16526042288306,
Eritrea,ERI,1994,0.0,,18.949653465346536,0.0,54.027,0.0,
Eritrea,ERI,1995,0.0,,20.052148514851485,0.0,54.822,0.0,
Eritrea,ERI,1997,0.0,,21.308267326732672,0.00902,56.155,0.00902,
Eritrea,ERI,1999,0.0,,21.90871287128713,0.025500000000000002,44.506,0.025500000000000002,
Eritrea,ERI,2001,0.0,,22.891871287128712,0.157815289303043,58.359,0.157815289303043,
Estonia,EST,1990,0.0,0.738,,0.0,69.47560975609757,0.0,
Estonia,EST,1991,0.0,0.734,,,69.37317073170732,,
Estonia,EST,1992,0.0,0.722,36.16633640009436,0.0655,68.86341463414635,0.0655,
Estonia,EST,1993,0.0,0.713,35.247180938900684,0.301,67.90975609756099,0.301,
Estonia,EST,1994,0.0,0.711,34.50139183769757,1.16,66.5,1.16,
Estonia,EST,1995,0.0,0.725,33.89087048832272,2.78,67.54390243902438,2.78,
Estonia,EST,1997,0.0,0.759,33.015687662184476,5.71,69.80975609756099,5.71,
Estonia,EST,1999,0.0,0.776,32.79650861052135,14.5,70.06341463414634,14.5,
Estonia,EST,2001,0.0,0.802,32.746284501061574,31.5274897673756,70.25853658536586,31.5274897673756,
Eswatini,SWZ,1990,0.0,0.57,50.72255813953488,0.0,61.167,0.0,
Eswatini,SWZ,1991,0.0,0.565,52.80168604651163,,60.392,,
Eswatini,SWZ,1992,0.0,0.558,54.849767441860465,,59.284,,
Eswatini,SWZ,1993,0.0,0.55,56.471976744186044,,58.092,,
Eswatini,SWZ,1994,0.0,0.543,56.46581395348837,,56.643,,
Eswatini,SWZ,1995,0.0,0.54,56.420523255813954,0.0010299999999999999,55.08,0.0010299999999999999,
Eswatini,SWZ,1997,0.0,0.523,58.52529069767442,0.08850000000000001,51.699,0.08850000000000001,
Eswatini,SWZ,1999,0.0,0.504,59.929186046511624,0.471,48.808,0.471,
Eswatini,SWZ,2001,0.0,0.484,61.108372093023256,1.28159005046719,46.344,1.28159005046719,
Ethiopia,ETH,1990,0.0,,,0.0,45.117,0.0,
Ethiopia,ETH,1991,0.0,,,,46.657,,
Ethiopia,ETH,1992,0.0,,,,47.279,,
Ethiopia,ETH,1993,0.0,,53.708891,,47.676,,
Ethiopia,ETH,1994,0.0,,55.611508,,47.926,,
Ethiopia,ETH,1995,0.0,,57.537335,1.75e-05,48.156,1.75e-05,
Ethiopia,ETH,1997,0.0,,61.404539,0.0049700000000000005,49.21,0.0049700000000000005,
Ethiopia,ETH,1999,0.0,,65.374561,0.0125,49.486,0.0125,
Ethiopia,ETH,2001,0.0,0.307,69.487762,0.0371623810686744,51.428,0.0371623810686744,
Fiji,FJI,1990,0.0,0.629,42.327093596059115,0.0,65.056,0.0,
Fiji,FJI,1991,0.0,0.633,42.67411056376574,,65.457,,
Fiji,FJI,1992,0.0,0.637,42.98555008210181,,65.407,,
Fiji,FJI,1993,0.0,0.642,43.26048166392994,0.00668,65.51,0.00668,
Fiji,FJI,1994,0.0,0.648,43.50142309797482,0.00791,65.796,0.00791,
Fiji,FJI,1995,0.0,0.653,43.71899288451013,0.00912,66.007,0.00912,
Fiji,FJI,1997,0.0,0.658,44.45205254515599,0.22300000000000003,66.293,0.22300000000000003,
Fiji,FJI,1999,0.0,0.667,45.529720853858784,0.942,66.728,0.942,
Fiji,FJI,2001,0.0,0.67,46.50224411603722,1.8579785936093,66.205,1.8579785936093,
Finland,FIN,1990,0.0,0.823,16.370960963918712,0.40099999999999997,74.81317073170732,0.40099999999999997,
Finland,FIN,1991,0.0,0.827,16.46061919301356,1.4,75.22756097560976,1.4,
Finland,FIN,1992,0.0,0.833,16.553373387176205,1.89,75.45536585365855,1.89,
Finland,FIN,1993,0.0,0.838,16.6336616435208,2.57,75.70512195121952,2.57,
Finland,FIN,1994,0.01,0.85,16.705515611149416,4.92,76.39560975609756,4.92,
Finland,FIN,1995,0.01,0.856,16.7693949243245,13.9,76.40951219512196,13.9,
Finland,FIN,1997,0.02,0.871,16.8746019238977,19.5,76.87853658536586,19.5,
Finland,FIN,1999,0.050000001,0.889,16.95877737286188,32.3,77.29121951219513,32.3,
Finland,FIN,2001,0.07,0.908,17.03275879050527,43.1053633522263,77.96585365853659,43.1053633522263,
France,FRA,1990,0.0,0.798,108.10095927265981,0.05280000000000001,76.6,0.05280000000000001,
France,FRA,1991,0.0,0.807,108.64503571759903,0.14,76.84878048780489,0.14,
France,FRA,1992,0.0,0.814,109.18746451433343,0.27899999999999997,77.1,0.27899999999999997,
France,FRA,1993,0.0,0.818,109.66340847945078,0.5910000000000001,77.3,0.5910000000000001,
France,FRA,1994,0.0,0.832,110.07489191947305,0.9,77.64878048780488,0.9,
France,FRA,1995,0.0,0.837,110.47647091566935,1.64,77.75121951219512,1.64,
France,FRA,1997,0.01,0.847,111.26832915854904,4.26,78.3048780487805,4.26,
France,FRA,1999,0.039999999,0.856,112.25899619630763,9.13,78.7560975609756,9.13,
France,FRA,2001,0.129999995,0.855,113.85912793394563,26.3259035521688,79.15853658536587,26.3259035521688,
Gabon,GAB,1990,0.0,0.621,3.817805720495207,0.0,60.736,0.0,
Gabon,GAB,1991,0.0,0.627,3.922916909224978,,60.891,,
Gabon,GAB,1992,0.0,0.628,4.029883183917414,,61.013,,
Gabon,GAB,1993,0.0,0.631,4.138646330577871,,61.125,,
Gabon,GAB,1994,0.0,0.636,4.248534947801452,,61.183,,
Gabon,GAB,1995,0.0,0.64,4.359114371094811,,61.27,,
Gabon,GAB,1997,0.0,0.648,4.585085574572127,0.048,61.395,0.048,
Gabon,GAB,1999,0.0,0.653,4.824061784452982,0.249,61.658,0.249,
Gabon,GAB,2001,0.0,0.657,5.08242713548337,1.34762022159633,61.982,1.34762022159633,
Gambia,GMB,1990,0.0,0.331,104.21897233201581,0.0,51.278,0.0,
Gambia,GMB,1991,0.0,0.339,108.69160079051383,,51.857,,
Gambia,GMB,1992,0.0,0.347,113.19980237154151,,52.477,,
Gambia,GMB,1993,0.0,0.355,117.42737154150197,,53.15,,
Gambia,GMB,1994,0.0,0.362,121.26739130434783,,53.768,,
Gambia,GMB,1995,0.0,0.37,124.93211462450593,0.00922,54.292,0.00922,
Gambia,GMB,1997,0.0,0.381,132.30128458498024,0.0513,55.225,0.0513,
Gambia,GMB,1999,0.0,0.396,139.89911067193677,0.716,56.466,0.716,
Gambia,GMB,2001,0.0,0.41,147.72835968379448,1.33679116648397,57.283,1.33679116648397,
Georgia,GEO,1992,0.0,,85.2636551313902,,67.78,,
Georgia,GEO,1993,0.0,,85.921480807586,,67.405,,
Georgia,GEO,1994,0.0,,84.6089086392106,,68.669,,
Georgia,GEO,1995,0.0,,81.4885405367578,0.0118,69.398,0.0118,
Georgia,GEO,1997,0.0,,76.1033101228174,0.060899999999999996,69.683,0.060899999999999996,
Georgia,GEO,1999,0.0,,72.7315861296756,0.416,70.012,0.416,
Georgia,GEO,2001,0.0,0.712,70.232915777319,0.992344436138154,70.371,0.992344436138154,
Cuba,CUB,1960,0.0,,,,63.316,,
Cuba,CUB,1961,0.0,,68.78135009310986,,63.743,,
Cuba,CUB,1962,0.0,,70.21506517690875,,64.374,,
Cuba,CUB,1963,0.0,,71.71005586592179,,64.347,,
Cuba,CUB,1964,0.0,,73.24040968342645,,65.264,,
Cuba,CUB,1965,0.0,,74.77464618249535,,65.636,,
Cuba,CUB,1966,0.0,,76.2891061452514,,66.074,,
Cuba,CUB,1967,0.0,,77.7711824953445,,66.514,,
Cuba,CUB,1968,0.0,,79.23204841713222,,66.944,,
Cuba,CUB,1969,0.0,,80.6949720670391,,67.358,,
Cuba,CUB,1970,0.0,,82.16370577281192,,67.935,,
Cuba,CUB,1971,0.0,,83.60414338919925,,68.432,,
Cuba,CUB,1972,0.0,,84.95243016759777,,68.949,,
Cuba,CUB,1973,0.0,,86.1762383612663,,69.347,,
Cuba,CUB,1974,0.0,,87.282895716946,,69.867,,
Cuba,CUB,1975,0.0,,88.2656052141527,,70.375,,
Cuba,CUB,1976,0.0,,89.1177094972067,,70.878,,
Cuba,CUB,1977,0.0,,89.8364990689013,,71.411,,
Cuba,CUB,1978,0.0,,90.42811918063315,,71.89,,
Cuba,CUB,1979,0.0,,90.90647113594041,,72.272,,
Cuba,CUB,1980,0.0,,91.29232774674115,,72.603,,
Cuba,CUB,1981,0.0,,91.70689013035381,,72.996,,
Cuba,CUB,1982,0.0,,92.29684357541899,,73.439,,
Cuba,CUB,1983,0.0,,93.02631284916201,,73.564,,
Cuba,CUB,1984,0.0,,93.79235567970206,,73.552,,
Cuba,CUB,1985,0.0,,94.5738175046555,,73.464,,
Cuba,CUB,1986,0.0,,95.38405027932961,,73.558,,
Cuba,CUB,1987,0.0,,96.23223463687151,,73.596,,
Cuba,CUB,1988,0.0,,97.13766294227189,,73.724,,
Cuba,CUB,1989,0.0,,98.07488826815643,,73.69,,
Curacao,CUW,1965,,,,,66.862,,
Curacao,CUW,1966,,,,,67.136,,
Curacao,CUW,1967,,,,,67.405,,
Curacao,CUW,1968,,,,,67.67,,
Curacao,CUW,1969,,,,,67.929,,
Curacao,CUW,1970,,,,,68.23,,
Curacao,CUW,1971,,,,,68.505,,
Curacao,CUW,1972,,,,,68.811,,
Curacao,CUW,1973,,,,,69.092,,
Curacao,CUW,1974,,,,,69.394,,
Curacao,CUW,1975,,,,,69.672,,
Curacao,CUW,1976,,,,,69.951,,
Curacao,CUW,1977,,,,,70.202,,
Curacao,CUW,1978,,,,,70.445,,
Curacao,CUW,1979,,,,,70.716,,
Curacao,CUW,1980,,,,,70.951,,
Curacao,CUW,1981,,,,,71.175,,
Curacao,CUW,1982,,,,,71.377,,
Curacao,CUW,1983,,,,,71.534,,
Curacao,CUW,1984,,,,,71.715,,
Curacao,CUW,1985,,,,,71.867,,
Curacao,CUW,1986,,,,,71.996,,
Curacao,CUW,1987,,,,,72.139,,
Curacao,CUW,1988,,,,,72.23,,
Curacao,CUW,1989,,,,,72.151,,
Curacao,CUW,1990,,,,,72.439,,
Curacao,CUW,1991,,,,,72.536,,
Curacao,CUW,1992,,,,,72.65,,
Curacao,CUW,1993,,,,,72.703,,
Curacao,CUW,1994,,,,,72.791,,
Curacao,CUW,1995,,,,,72.831,,
Curacao,CUW,1996,,,,,72.945,,
Curacao,CUW,1997,,,,,73.035,,
Curacao,CUW,1998,,,,,73.084,,
Curacao,CUW,1999,,,,,73.174,,
Curacao,CUW,2000,,,,,73.283,,
Curacao,CUW,2001,,,,,73.36,,
Curacao,CUW,2002,,,,,73.472,,
Curacao,CUW,2003,,,,,73.603,,
Curacao,CUW,2004,,,,,73.735,,
Curacao,CUW,2005,,,,,73.873,,
Curacao,CUW,2006,,,,,73.978,,
Curacao,CUW,2007,,,,,74.137,,
Curacao,CUW,2008,,,,,74.314,,
Curacao,CUW,2009,,,,,74.485,,
Curacao,CUW,2010,,,,,75.117,,
Curacao,CUW,2011,,,339.7094594594595,,75.576,,
Curacao,CUW,2012,,,342.5405405405405,,75.96,,
Curacao,CUW,2013,,,346.44594594594594,,76.239,,
Curacao,CUW,2014,,,351.14639639639637,,76.384,,
Curacao,CUW,2015,,,355.81081081081084,,76.482,,
Curacao,CUW,2016,,,359.60360360360363,61.855510740634,76.322,61.855510740634,
Curacao,CUW,2017,,,360.7545045045045,68.1272162511339,76.423,68.1272162511339,
Curacao,CUW,2018,,,358.86486486486484,,76.493,,
Curacao,CUW,2019,,,354.59684684684686,,76.492,,
Curacao,CUW,2020,,,350.18468468468467,,76.501,,
Curacao,CUW,2021,,,346.72972972972974,,75.686,,
Curacao,CUW,2022,,,345.31756756756755,,76.729,,
Curacao,CUW,2023,,,348.3198198198198,,76.8,,
Curacao,CUW,2024,,,,,76.989,,
Cyprus,CYP,1965,0.0,,66.85454545454546,,66.124,,
Cyprus,CYP,1966,0.0,,67.46645021645021,,66.489,,
Cyprus,CYP,1967,0.0,,68.10075757575757,,66.906,,
Cyprus,CYP,1968,0.0,,68.73993506493507,,67.251,,
Cyprus,CYP,1969,0.0,,69.39274891774892,,67.599,,
Cyprus,CYP,1970,0.0,,70.06991341991342,,68.05,,
Cyprus,CYP,1971,0.0,,70.78463203463204,,68.351,,
Cyprus,CYP,1972,0.0,,71.54361471861472,,68.629,,
Cyprus,CYP,1973,0.0,,72.07110389610389,,69.005,,
Cyprus,CYP,1974,0.0,,71.78073593073593,,54.551,,
Cyprus,CYP,1975,0.0,,71.3641774891775,,70.336,,
Cyprus,CYP,1976,0.0,,71.64848484848486,,70.805,,
Cyprus,CYP,1977,0.0,,72.19707792207792,,71.258,,
Cyprus,CYP,1978,0.0,,72.75422077922077,,71.741,,
Cyprus,CYP,1979,0.0,,73.32781385281385,,72.179,,
Cyprus,CYP,1980,0.0,,73.92597402597403,,72.844,,
Cyprus,CYP,1981,0.0,,74.55551948051948,,73.053,,
Cyprus,CYP,1982,0.0,,75.3784632034632,,73.518,,
Cyprus,CYP,1983,0.0,,76.53950216450217,,73.708,,
Cyprus,CYP,1984,0.0,,77.85,,74.0,,
Cyprus,CYP,1985,0.0,,79.14253246753246,,74.64,,
Cyprus,CYP,1986,0.0,,80.42261904761905,,74.93,,
Cyprus,CYP,1987,0.0,,81.68668831168831,,75.264,,
Cyprus,CYP,1988,0.0,,82.92586580086581,,75.39,,
Cyprus,CYP,1989,0.0,,84.13636363636364,,75.841,,
Cyprus,CYP,2025,0.209999993,,,,,,
Czechia,CZE,1965,0.0,,,,70.16317073170732,,
Czechia,CZE,1966,0.0,,,,70.38487804878051,,
Czechia,CZE,1967,0.0,,,,70.26414634146342,,
Czechia,CZE,1968,0.0,,,,69.84073170731708,,
Czechia,CZE,1969,0.0,,,,69.3670731707317,,
Czechia,CZE,1970,0.0,,,,69.44024390243904,,
Czechia,CZE,1971,0.0,,,,69.67707317073173,,
Czechia,CZE,1972,0.0,,,,70.17658536585368,,
Czechia,CZE,1973,0.0,,,,70.02268292682928,,
Czechia,CZE,1974,0.0,,,,70.08658536585367,,
Czechia,CZE,1975,0.0,,,,70.41463414634148,,
Czechia,CZE,1976,0.0,,,,70.53268292682928,,
Czechia,CZE,1977,0.0,,,,70.57341463414635,,
Czechia,CZE,1978,0.0,,,,70.64390243902439,,
Czechia,CZE,1979,0.0,,,,70.74951219512195,,
Czechia,CZE,1980,0.0,,,,70.27804878048781,,
Czechia,CZE,1981,0.0,,,,70.72219512195123,,
Czechia,CZE,1982,0.0,,,,70.80780487804878,,
Czechia,CZE,1983,0.0,,,,70.59146341463415,,
Czechia,CZE,1984,0.0,,,,70.83756097560976,,
Czechia,CZE,1985,0.0,,,,71.04634146341463,,
Czechia,CZE,1986,0.0,,,,70.99731707317073,,
Czechia,CZE,1987,0.0,,,,71.44560975609757,,
Czechia,CZE,1988,0.0,,,,71.64146341463416,,
Czechia,CZE,1989,0.0,,,,71.67560975609757,,
Czechia,CZE,2025,0.569999993,,,,,,
Democratic Republic of Congo,COD,1960,0.0,,,,40.752,,
Democratic Republic of Congo,COD,1961,0.0,,6.908702498842108,,40.161,,
Democratic Republic of Congo,COD,1962,0.0,,7.091031957830661,,40.382,,
Democratic Republic of Congo,COD,1963,0.0,,7.281532829006859,,40.604,,
Democratic Republic of Congo,COD,1964,0.0,,7.479026488167443,,40.099,,
Democratic Republic of Congo,COD,1965,0.0,,7.687436095366225,,40.767,,
Democratic Republic of Congo,COD,1966,0.0,,7.909807459032663,,42.169,,
Democratic Republic of Congo,COD,1967,0.0,,8.143967711342935,,42.339,,
Democratic Republic of Congo,COD,1968,0.0,,8.386312167795152,,42.667,,
Democratic Republic of Congo,COD,1969,0.0,,8.632559934716923,,42.959,,
Democratic Republic of Congo,COD,1970,0.0,,8.882660726494784,,43.3,,
Democratic Republic of Congo,COD,1971,0.0,,9.12885423788624,,43.578,,
Democratic Republic of Congo,COD,1972,0.0,,9.373926468317858,,43.869,,
Democratic Republic of Congo,COD,1973,0.0,,9.62822390331047,,44.09,,
Democratic Republic of Congo,COD,1974,0.0,,9.88900906464348,,44.311,,
Democratic Republic of Congo,COD,1975,0.0,,10.154650757592465,,44.53,,
Democratic Republic of Congo,COD,1976,0.0,,10.420604309565293,,44.695,,
Democratic Republic of Congo,COD,1977,0.0,,10.687484175470324,,44.866,,
Democratic Republic of Congo,COD,1978,0.0,,11.024321916146533,,44.628,,
Democratic Republic of Congo,COD,1979,0.0,,11.418708012615513,,45.278,,
Democratic Republic of Congo,COD,1980,0.0,,11.782315784830507,,45.543,,
Democratic Republic of Congo,COD,1981,0.0,,12.130528660594164,,45.726,,
Democratic Republic of Congo,COD,1982,0.0,,12.500028671621711,,45.946,,
Democratic Republic of Congo,COD,1983,0.0,,12.902654551068569,,46.207,,
Democratic Republic of Congo,COD,1984,0.0,,13.341161862332106,,46.514,,
Democratic Republic of Congo,COD,1985,0.0,,13.790968880262897,,46.663,,
Democratic Republic of Congo,COD,1986,0.0,,14.232238371451887,,47.016,,
Democratic Republic of Congo,COD,1987,0.0,,14.688208905846805,,47.362,,
Democratic Republic of Congo,COD,1988,0.0,,15.166296288127743,,47.755,,
Democratic Republic of Congo,COD,1989,0.0,,15.653323040956309,,48.149,,
Denmark,DNK,1960,,,,,72.17658536585365,,
Denmark,DNK,1961,,,115.292175,,72.43829268292684,,
Denmark,DNK,1962,,,116.193175,,72.31975609756098,,
Denmark,DNK,1963,,,117.112075,,72.40048780487805,,
Denmark,DNK,1964,,,118.0518,,72.48512195121953,,
Denmark,DNK,1965,0.0,,118.9753,,72.37073170731709,,
Denmark,DNK,1966,0.0,,119.934525,,72.44414634146342,,
Denmark,DNK,1967,0.0,,120.88385,,72.92219512195122,,
Denmark,DNK,1968,0.0,,121.622075,,73.12146341463415,,
Denmark,DNK,1969,0.0,,122.2965,,73.22097560975611,,
Denmark,DNK,1970,0.0,,123.218925,,73.34341463414634,,
Denmark,DNK,1971,0.0,,124.07815,,73.41463414634147,,
Denmark,DNK,1972,0.0,,124.7899,,73.43902439024392,,
Denmark,DNK,1973,0.0,,125.546525,,73.68219512195122,,
Denmark,DNK,1974,0.0,,126.132425,,73.80829268292683,,
Denmark,DNK,1975,0.0,,126.49655,,74.07512195121953,,
Denmark,DNK,1976,0.0,,126.8149,,73.73975609756098,,
Denmark,DNK,1977,0.0,,127.210475,,74.63243902439027,,
Denmark,DNK,1978,0.003,,127.6062,,74.3929268292683,,
Denmark,DNK,1979,0.006,,127.920025,,74.21926829268293,,
Denmark,DNK,1980,0.0105,,128.075675,,74.10170731707318,,
Denmark,DNK,1981,0.0105,,128.0393,,74.23048780487807,,
Denmark,DNK,1982,0.0185,,127.94525,,74.55121951219512,,
Denmark,DNK,1983,0.027100001,,127.857425,,74.42048780487806,,
Denmark,DNK,1984,0.033199999,,127.790475,,74.56219512195123,,
Denmark,DNK,1985,0.051399998,,127.842275,,74.42756097560977,,
Denmark,DNK,1986,0.125599995,,128.01335,,74.57975609756097,,
Denmark,DNK,1987,0.173800007,,128.1756,,74.69121951219513,,
Denmark,DNK,1988,0.291700006,,128.2379,,74.77170731707318,,
Denmark,DNK,1989,0.42840001,,128.31485,,74.79975609756097,,
Denmark,DNK,2025,19.20999908,,,,,,
Djibouti,DJI,1980,0.0,,14.055867126833476,,52.046,,
Djibouti,DJI,1981,0.0,,14.799266609145816,,52.355,,
Djibouti,DJI,1982,0.0,,15.396031061259707,,52.893,,
Djibouti,DJI,1983,0.0,,15.942752372735116,,53.334,,
Djibouti,DJI,1984,0.0,,16.568291630716136,,53.745,,
Djibouti,DJI,1985,0.0,,17.372174288179465,,54.075,,
Djibouti,DJI,1986,0.0,,18.39262295081967,,54.494,,
Djibouti,DJI,1987,0.0,,19.603062985332183,,54.832,,
Djibouti,DJI,1988,0.0,,20.902631578947368,,55.133,,
Djibouti,DJI,1989,0.0,,22.577868852459016,,55.369,,
Dominica,DMA,1980,0.0,,97.444,,71.013,,
Dominica,DMA,1981,0.0,,97.31466666666667,,71.46,,
Dominica,DMA,1982,0.0,,96.91733333333333,,71.749,,
Dominica,DMA,1983,0.0,,96.48666666666666,,72.005,,
Dominica,DMA,1984,0.0,,96.07466666666667,,71.913,,
Dominica,DMA,1985,0.0,,95.65866666666666,,71.918,,
Dominica,DMA,1986,0.0,,95.208,,71.671,,
Dominica,DMA,1987,0.0,,94.69733333333333,,71.368,,
Dominica,DMA,1988,0.0,,94.144,,70.974,,
Dominica,DMA,1989,0.0,,93.53733333333334,,70.663,,
Dominican Republic,DOM,1980,0.0,,118.58904988615194,,63.391,,
Dominican Republic,DOM,1981,0.0,,121.47491202649555,,63.776,,
Dominican Republic,DOM,1982,0.0,,124.34514593251915,,64.198,,
Dominican Republic,DOM,1983,0.0,,127.24587042020286,,64.63,,
Dominican Republic,DOM,1984,0.0,,130.18091492444628,,65.134,,
Dominican Republic,DOM,1985,0.0,,133.10709997930036,,65.614,,
Dominican Republic,DOM,1986,0.0,,136.02169323121507,,66.059,,
Dominican Republic,DOM,1987,0.0,,138.9466984061271,,66.49,,
Dominican Republic,DOM,1988,0.0,,141.91128130821775,,66.914,,
Dominican Republic,DOM,1989,0.0,,144.9450424342786,,67.331,,
Dominican Republic,DOM,2025,1.419999957,,,,,,
Ecuador,ECU,1960,0.0,,,,53.396,,
Ecuador,ECU,1961,0.0,,17.057979338245918,,54.052,,
Ecuador,ECU,1962,0.0,,17.552626065597458,,54.681,,
Ecuador,ECU,1963,0.0,,18.0671723739344,,55.322,,
Ecuador,ECU,1964,0.0,,18.602506863170063,,55.95,,
Ecuador,ECU,1965,0.0,,19.158947406444156,,56.524,,
Ecuador,ECU,1966,0.0,,19.73612194769542,,57.019,,
Ecuador,ECU,1967,0.0,,20.333250252853635,,57.482,,
Ecuador,ECU,1968,0.0,,20.949573761017195,,57.946,,
Ecuador,ECU,1969,0.0,,21.583716225978904,,58.267,,
Ecuador,ECU,1970,0.0,,22.23445672590666,,58.85,,
Ecuador,ECU,1971,0.0,,22.90150267302413,,59.343,,
Ecuador,ECU,1972,0.0,,23.58414246496171,,59.816,,
Ecuador,ECU,1973,0.0,,24.281292443288542,,60.306,,
Ecuador,ECU,1974,0.0,,24.99123320329432,,60.7,,
Ecuador,ECU,1975,0.0,,25.712509030486924,,61.085,,
Ecuador,ECU,1976,0.0,,26.44456003467707,,61.425,,
Ecuador,ECU,1977,0.0,,27.18833622308915,,61.935,,
Ecuador,ECU,1978,0.0,,27.94454197370322,,62.397,,
Ecuador,ECU,1979,0.0,,28.71286302557434,,62.854,,
Ecuador,ECU,1980,0.0,,29.496738188123103,,63.326,,
Ecuador,ECU,1981,0.0,,30.295152434619276,,63.809,,
Ecuador,ECU,1982,0.0,,31.10568559456726,,64.271,,
Ecuador,ECU,1983,0.0,,31.93330804796995,,64.659,,
Ecuador,ECU,1984,0.0,,32.779880075133654,,65.202,,
Ecuador,ECU,1985,0.0,,33.633701777199825,,65.625,,
Ecuador,ECU,1986,0.0,,34.482004045658144,,66.123,,
Ecuador,ECU,1987,0.0,,35.324700187834125,,66.587,,
Ecuador,ECU,1988,0.0,,36.160988296488945,,67.038,,
Ecuador,ECU,1989,0.0,,36.995564224823,,67.817,,
Ecuador,ECU,2025,0.189999998,,,,,,
Egypt,EGY,1960,0.0,,,,44.436,,
Egypt,EGY,1961,0.0,,27.72705610527902,,45.146,,
Egypt,EGY,1962,0.0,,28.466535737606108,,45.844,,
Egypt,EGY,1963,0.0,,29.22484203124215,,46.493,,
Egypt,EGY,1964,0.0,,29.995401074890754,,47.075,,
Egypt,EGY,1965,0.0,,30.769173740519363,,47.577,,
Egypt,EGY,1966,0.0,,31.55009392736953,,47.988,,
Egypt,EGY,1967,0.0,,32.34352302978552,,48.13,,
Egypt,EGY,1968,0.0,,33.14914762167864,,48.602,,
Egypt,EGY,1969,0.0,,33.96616103269878,,48.7,,
Egypt,EGY,1970,0.0,,34.78224923401477,,49.0,,
Egypt,EGY,1971,0.0,,35.595326736651764,,49.48,,
Egypt,EGY,1972,0.0,,36.42405746144959,,49.908,,
Egypt,EGY,1973,0.0,,37.271628911547545,,50.098,,
Egypt,EGY,1974,0.0,,38.14321864483399,,51.044,,
Egypt,EGY,1975,0.0,,39.05301823295997,,51.734,,
Egypt,EGY,1976,0.0,,39.97745441760008,,52.484,,
Egypt,EGY,1977,0.0,,40.93512481792154,,53.272,,
Egypt,EGY,1978,0.0,,41.95231402883118,,54.075,,
Egypt,EGY,1979,0.0,,43.014343261841375,,54.876,,
Egypt,EGY,1980,0.0,,44.15130142146768,,55.673,,
Egypt,EGY,1981,0.0,,45.353582801747955,,56.454,,
Egypt,EGY,1982,0.0,,46.61973077502637,,57.219,,
Egypt,EGY,1983,0.0,,48.004823948967804,,57.967,,
Egypt,EGY,1984,0.0,,49.47243357275604,,58.697,,
Egypt,EGY,1985,0.0,,50.96686724596916,,59.405,,
Egypt,EGY,1986,0.0,,52.44491938319353,,60.085,,
Egypt,EGY,1987,0.0,,53.91976995328746,,60.736,,
Egypt,EGY,1988,0.0,,55.439932693756596,,61.358,,
Egypt,EGY,1989,0.0,,56.96985483951981,,61.949,,
Egypt,EGY,2025,9.300000191,,,,,,
El Salvador,SLV,1980,0.0,,219.1304054054054,,48.589,,
El Salvador,SLV,1981,0.0,,220.5887548262548,,50.889,,
El Salvador,SLV,1982,0.0,,223.0925193050193,,53.342,,
El Salvador,SLV,1983,0.0,,227.18952702702703,,54.373,,
El Salvador,SLV,1984,0.0,,231.56385135135136,,56.571,,
El Salvador,SLV,1985,0.0,,236.23098455598455,,58.031,,
El Salvador,SLV,1986,0.0,,240.9637548262548,,59.329,,
El Salvador,SLV,1987,0.0,,245.77417953667953,,59.402,,
El Salvador,SLV,1988,0.0,,250.76414092664092,,59.977,,
El Salvador,SLV,1989,0.0,,255.74222972972973,,61.254,,
El Salvador,SLV,2025,0.200000003,,,,,,
Equatorial Guinea,GNQ,1965,0.0,,10.632370766488414,,44.069,,
Equatorial Guinea,GNQ,1966,0.0,,10.868413547237077,,44.334,,
Equatorial Guinea,GNQ,1967,0.0,,11.116042780748662,,44.595,,
Equatorial Guinea,GNQ,1968,0.0,,11.36716577540107,,44.852,,
Equatorial Guinea,GNQ,1969,0.0,,11.497932263814617,,31.0,,
Equatorial Guinea,GNQ,1970,0.0,,11.436827094474154,,31.086,,
Equatorial Guinea,GNQ,1971,0.0,,11.263458110516934,,37.229,,
Equatorial Guinea,GNQ,1972,0.0,,11.032727272727273,,44.441,,
Equatorial Guinea,GNQ,1973,0.0,,10.77650623885918,,44.658,,
Equatorial Guinea,GNQ,1974,0.0,,10.515258467023173,,41.486,,
Equatorial Guinea,GNQ,1975,0.0,,10.263850267379679,,37.32,,
Equatorial Guinea,GNQ,1976,0.0,,10.018930481283423,,30.537,,
Equatorial Guinea,GNQ,1977,0.0,,9.867344028520499,,42.008,,
Equatorial Guinea,GNQ,1978,0.0,,9.858502673796792,,42.331,,
Equatorial Guinea,GNQ,1979,0.0,,9.97668449197861,,43.033,,
Equatorial Guinea,GNQ,1980,0.0,,10.290338680926917,,48.78,,
Equatorial Guinea,GNQ,1981,0.0,,10.811122994652406,,49.107,,
Equatorial Guinea,GNQ,1982,0.0,,11.487201426024955,,49.666,,
Equatorial Guinea,GNQ,1983,0.0,,12.243172905525848,,50.046,,
Equatorial Guinea,GNQ,1984,0.0,,13.008877005347594,,50.195,,
Equatorial Guinea,GNQ,1985,0.0,,13.744991087344028,,50.599,,
Equatorial Guinea,GNQ,1986,0.0,,14.428805704099823,,50.848,,
Equatorial Guinea,GNQ,1987,0.0,,15.063172905525846,,50.99,,
Equatorial Guinea,GNQ,1988,0.0,,15.673832442067736,,51.184,,
Equatorial Guinea,GNQ,1989,0.0,,16.28549019607843,,51.292,,
Estonia,EST,1985,0.0,,,,69.38048780487806,,
Estonia,EST,1986,0.0,,,,70.08536585365854,,
Estonia,EST,1987,0.0,,,,70.64390243902439,,
Estonia,EST,1988,0.0,,,,70.69756097560976,,
Estonia,EST,1989,0.0,,,,70.0390243902439,,
Estonia,EST,2025,1.149999976,,,,,,
Eswatini,SWZ,1960,0.0,,,,46.389,,
Eswatini,SWZ,1961,0.0,,20.538604651162792,,46.75,,
Eswatini,SWZ,1962,0.0,,21.009593023255814,,47.145,,
Eswatini,SWZ,1963,0.0,,21.497616279069767,,47.471,,
Eswatini,SWZ,1964,0.0,,22.014883720930232,,47.922,,
Eswatini,SWZ,1965,0.0,,22.57767441860465,,48.431,,
Eswatini,SWZ,1966,0.0,,23.184069767441862,,48.99,,
Eswatini,SWZ,1967,0.0,,23.780872093023255,,49.526,,
Eswatini,SWZ,1968,0.0,,24.36901162790698,,50.084,,
Eswatini,SWZ,1969,0.0,,24.992732558139537,,50.641,,
Eswatini,SWZ,1970,0.0,,25.652093023255812,,51.208,,
Eswatini,SWZ,1971,0.0,,26.347848837209302,,51.779,,
Eswatini,SWZ,1972,0.0,,27.080697674418605,,52.352,,
Eswatini,SWZ,1973,0.0,,27.851046511627906,,52.99,,
Eswatini,SWZ,1974,0.0,,28.662093023255814,,53.656,,
Eswatini,SWZ,1975,0.0,,29.515872093023255,,54.399,,
Eswatini,SWZ,1976,0.0,,30.426162790697674,,55.172,,
Eswatini,SWZ,1977,0.0,,31.415581395348838,,55.973,,
Eswatini,SWZ,1978,0.0,,32.46779069767442,,56.785,,
Eswatini,SWZ,1979,0.0,,33.558081395348836,,57.536,,
Eswatini,SWZ,1980,0.0,,34.68860465116279,,58.227,,
Eswatini,SWZ,1981,0.0,,35.86093023255814,,58.788,,
Eswatini,SWZ,1982,0.0,,37.07279069767442,,59.467,,
Eswatini,SWZ,1983,0.0,,38.311453488372095,,58.418,,
Eswatini,SWZ,1984,0.0,,39.580406976744186,,60.439,,
Eswatini,SWZ,1985,0.0,,41.057906976744185,,61.165,,
Eswatini,SWZ,1986,0.0,,42.71697674418605,,61.598,,
Eswatini,SWZ,1987,0.0,,44.40761627906977,,61.899,,
Eswatini,SWZ,1988,0.0,,46.499883720930235,,61.934,,
Eswatini,SWZ,1989,0.0,,48.7093023255814,,61.669,,
Ethiopia,ETH,1980,0.0,,,,42.815,,
Ethiopia,ETH,1981,0.0,,,,43.084,,
Ethiopia,ETH,1982,0.0,,,,43.434,,
Ethiopia,ETH,1983,0.0,,,,36.319,,
Ethiopia,ETH,1984,0.0,,,,36.737,,
Ethiopia,ETH,1985,0.0,,,,37.747,,
Ethiopia,ETH,1986,0.0,,,,38.371,,
Ethiopia,ETH,1987,0.0,,,,45.892,,
Ethiopia,ETH,1988,0.0,,,,45.682,,
Ethiopia,ETH,1989,0.0,,,,45.644,,
Ethiopia,ETH,2025,1.100000024,,,,,,
Faroe Islands,FRO,1980,0.0,,30.853868194842406,,75.84843902439026,,
Faroe Islands,FRO,1981,0.0,,31.250716332378225,,75.93685365853659,,
Faroe Islands,FRO,1982,0.0,,31.64111747851003,,76.00231707317074,,
Faroe Islands,FRO,1983,0.0,,31.998567335243553,,76.05780487804878,,
Faroe Islands,FRO,1984,0.0,,32.33595988538682,,76.12034146341463,,
Faroe Islands,FRO,1985,0.0,,32.74283667621776,,76.19817073170734,,
Faroe Islands,FRO,1986,0.0,,33.04584527220631,,75.1639024390244,,
Faroe Islands,FRO,1987,0.0,,33.45415472779369,,75.40276829268294,,
Faroe Islands,FRO,1988,0.0,,33.92263610315186,,75.6422292682927,,
Faroe Islands,FRO,1989,0.0,,34.35458452722063,,75.8810756097561,,
Faroe Islands,FRO,1990,0.0,,34.198424068767906,0.0,76.11880243902439,0.0,
Faroe Islands,FRO,1991,0.0,,33.9878223495702,,76.35557317073172,,
Faroe Islands,FRO,1992,0.0,,33.87320916905444,,76.59182195121953,,
Faroe Islands,FRO,1993,0.0,,33.29083094555874,,76.82869756097561,,
Faroe Islands,FRO,1994,0.0,,32.01647564469914,,77.0694536585366,,
Faroe Islands,FRO,1995,0.0,,31.23997134670487,0.0,77.32282439024392,0.0,
Faroe Islands,FRO,1996,0.0,,31.218481375358166,2.32,77.56196341463415,2.32,
Faroe Islands,FRO,1997,0.0,,31.61318051575931,4.6,77.78544146341463,4.6,
Faroe Islands,FRO,1998,0.0,,32.00143266475645,11.3,77.99799512195123,11.3,
Faroe Islands,FRO,1999,0.0,,32.33954154727794,22.3,78.20877317073172,22.3,
Faroe Islands,FRO,2000,0.0,,32.77507163323782,32.916392363397,78.41190731707319,32.916392363397,
Faroe Islands,FRO,2001,0.0,,33.406160458452725,43.2469835228993,78.60172926829269,43.2469835228993,
Faroe Islands,FRO,2002,0.0,,33.90759312320917,53.2992218313613,78.78765853658537,53.2992218313613,
Faroe Islands,FRO,2003,0.0,,34.40687679083094,58.9126409695337,78.98480731707318,58.9126409695337,
Faroe Islands,FRO,2004,0.01,,34.65902578796562,66.5335994677312,79.20498048780487,66.5335994677312,
Faroe Islands,FRO,2005,0.01,,34.641117478510026,67.9026317413939,79.44534634146342,67.9026317413939,
Faroe Islands,FRO,2006,0.01,,34.623925501432666,69.359445124439,79.68986097560976,69.359445124439,
Faroe Islands,FRO,2007,0.02,,34.654727793696274,75.98,79.92382439024391,75.98,
Faroe Islands,FRO,2008,0.01,,34.77578796561605,75.57,80.14608048780488,75.57,
Faroe Islands,FRO,2009,0.01,,34.949856733524356,75.18,80.36953170731708,75.18,
Faroe Islands,FRO,2010,0.01,,34.853868194842406,75.2,80.60495609756099,75.2,
Faroe Islands,FRO,2011,0.01,,34.77220630372493,80.7321728,80.85180975609758,80.7321728,
Faroe Islands,FRO,2012,0.01,,34.59169054441261,85.3351892392109,81.10609512195123,85.3351892392109,
Faroe Islands,FRO,2013,0.02,,34.55945558739255,90.0,81.35664390243903,90.0,
Faroe Islands,FRO,2014,0.039999999,,34.689828080229226,93.3,81.59120487804879,93.3,
Faroe Islands,FRO,2015,0.059999999,,35.02722063037249,94.2,81.7995975609756,94.2,
Faroe Islands,FRO,2016,0.050000001,,35.43194842406877,95.1086816720257,81.96211219512196,95.1086816720257,
Faroe Islands,FRO,2017,0.059999999,,35.94484240687679,97.5819589384468,82.10629268292683,97.5819589384468,
Faroe Islands,FRO,2018,0.059999999,,36.53080229226361,,82.2486024390244,,
Faroe Islands,FRO,2019,0.050000001,,37.098853868194844,,82.39128292682928,,
Faroe Islands,FRO,2020,0.050000001,,38.47803806734993,,82.53419268292684,,
Faroe Islands,FRO,2021,0.050000001,,38.8985401459854,,82.67632195121953,,
Faroe Islands,FRO,2022,0.090000004,,39.34525547445256,,82.8162292682927,,
Faroe Islands,FRO,2023,0.090000004,,39.706569343065695,,82.95211951219514,,
Fiji,FJI,1980,0.0,,35.138204707170225,,62.406,,
Fiji,FJI,1981,0.0,,35.986371100164206,,62.255,,
Fiji,FJI,1982,0.0,,36.859003831417624,,62.195,,
Fiji,FJI,1983,0.0,,37.75779967159278,,62.916,,
Fiji,FJI,1984,0.0,,38.68177339901478,,63.238,,
Fiji,FJI,1985,0.0,,39.61472359058566,,63.998,,
Fiji,FJI,1986,0.0,,40.4655719759168,,63.961,,
Fiji,FJI,1987,0.0,,41.08045977011494,,64.278,,
Fiji,FJI,1988,0.0,,41.52692939244663,,64.951,,
Fiji,FJI,1989,0.0,,41.94422550629447,,65.386,,
Finland,FIN,1965,0.0,,14.983197084605536,,68.97780487804877,,
Finland,FIN,1966,0.0,,15.039459601431432,,69.47707317073171,,
Finland,FIN,1967,0.0,,15.12112676056338,,69.66658536585368,,
Finland,FIN,1968,0.0,,15.189169046915525,,69.61634146341464,,
Finland,FIN,1969,0.0,,15.180357201483963,,69.50341463414635,,
Finland,FIN,1970,0.0,,15.122975146918808,,70.17951219512196,,
Finland,FIN,1971,0.0,,15.142072950523655,,70.01756097560977,,
Finland,FIN,1972,0.0,,15.232466594438426,,70.70731707317073,,
Finland,FIN,1973,0.0,,15.319219278374208,,71.22365853658538,,
Finland,FIN,1974,0.0,,15.39963229259004,,71.1348780487805,,
Finland,FIN,1975,0.0,,15.468137496306511,,71.67365853658538,,
Finland,FIN,1976,0.0,,15.514836337371548,,71.81292682926829,,
Finland,FIN,1977,0.0,,15.55829803998818,,72.35024390243902,,
Finland,FIN,1978,0.0,,15.603033586132177,,72.89707317073173,,
Finland,FIN,1979,0.0,,15.642962671131686,,73.15536585365855,,
Finland,FIN,1980,0.0,,15.691700318460882,,73.44,,
Finland,FIN,1981,0.0,,15.75877080665813,,73.74658536585366,,
Finland,FIN,1982,0.0,,15.847312781115598,,74.29804878048782,,
Finland,FIN,1983,0.0,,15.942043402606783,,74.2009756097561,,
Finland,FIN,1984,0.0,,16.02745658097771,,74.51902439024391,,
Finland,FIN,1985,0.0,,16.094441708526215,,74.2229268292683,,
Finland,FIN,1986,0.0,,16.146800617223153,,74.56,,
Finland,FIN,1987,0.0,,16.192662267310155,,74.5919512195122,,
Finland,FIN,1988,0.0,,16.239801044026397,,74.57707317073171,,
Finland,FIN,1989,0.0,,16.298535736563906,,74.79219512195124,,
Finland,FIN,2025,22.57999992,,,,,,
France,FRA,1960,,,,,69.86829268292684,,
France,FRA,1961,,,88.88761851748771,,70.11707317073171,,
France,FRA,1962,,,89.78479636329901,,70.31463414634148,,
France,FRA,1963,,,90.69035532053066,,70.51463414634148,,
France,FRA,1964,,,91.66247703868633,,70.66341463414635,,
France,FRA,1965,0.0,,92.54610817329994,,70.81219512195123,,
France,FRA,1966,0.0,,93.35121439836719,,70.96097560975612,,
France,FRA,1967,0.0,,94.11409407180629,,71.16097560975611,,
France,FRA,1968,0.0,,94.83807403284163,,71.30975609756098,,
France,FRA,1969,0.0,,95.62299656739957,,71.45853658536586,,
France,FRA,1970,0.0,,96.49720567770665,,71.65853658536587,,
France,FRA,1971,0.0,,97.41080434177567,,71.90731707317073,,
France,FRA,1972,0.0,,98.26951665275072,,72.10731707317073,,
France,FRA,1973,0.0,,99.06700250487059,,72.35609756097561,,
France,FRA,1974,0.0,,99.72459597365247,,72.60487804878048,,
France,FRA,1975,0.0,,100.20011689396048,,72.85365853658539,,
France,FRA,1976,0.0,,100.6260005566379,,73.10243902439025,,
France,FRA,1977,0.0,,101.09744317654699,,73.35121951219513,,
France,FRA,1978,0.0,,101.55678634381668,,73.60243902439025,,
France,FRA,1979,0.0,,102.01289730030615,,73.85121951219513,,
France,FRA,1980,0.0,,102.55902031728361,,74.05121951219513,,
France,FRA,1981,0.0,,103.16978012802672,,74.3,,
France,FRA,1982,0.0,,103.54724742554968,,74.5,,
France,FRA,1983,0.0,,104.10674459597365,,74.8,,
France,FRA,1984,0.0,,104.61654142313758,,75.0,,
France,FRA,1985,0.0,,105.1407718712311,,75.3,,
France,FRA,1986,0.0,,105.67956582243251,,75.6,,
France,FRA,1987,0.0,,106.25506447722424,,75.8,,
France,FRA,1988,0.0,,106.87111234808424,,76.1,,
France,FRA,1989,0.0,,107.51101586418035,,76.34878048780487,,
France,FRA,2025,46.49000168,,,,,,
French Polynesia,PYF,1980,0.0,,42.751639344262294,,67.405,,
French Polynesia,PYF,1981,0.0,,44.12732240437158,,68.157,,
French Polynesia,PYF,1982,0.0,,45.53169398907104,,68.922,,
French Polynesia,PYF,1983,0.0,,46.92622950819672,,69.702,,
French Polynesia,PYF,1984,0.0,,48.2155737704918,,70.559,,
French Polynesia,PYF,1985,0.0,,49.45027322404371,,71.203,,
French Polynesia,PYF,1986,0.0,,50.729234972677595,,71.967,,
French Polynesia,PYF,1987,0.0,,52.03524590163934,,72.448,,
French Polynesia,PYF,1988,0.0,,53.331420765027325,,73.088,,
French Polynesia,PYF,1989,0.0,,54.54726775956284,,73.494,,
French Polynesia,PYF,1990,0.0,,55.676502732240436,0.0,73.908,0.0,
French Polynesia,PYF,1991,0.0,,56.760655737704916,,74.295,,
French Polynesia,PYF,1992,0.0,,57.803005464480876,,74.746,,
French Polynesia,PYF,1993,0.0,,58.803005464480876,,75.191,,
French Polynesia,PYF,1994,0.0,,59.76448087431694,,75.65,,
French Polynesia,PYF,1995,0.0,,60.6879781420765,,76.243,,
French Polynesia,PYF,1996,0.0,,61.60901639344262,0.091,76.813,0.091,
French Polynesia,PYF,1997,0.0,,62.60136612021858,0.214,77.38,0.214,
French Polynesia,PYF,1998,0.0,,63.63142076502732,1.32,77.842,1.32,
French Polynesia,PYF,1999,0.0,,64.64344262295081,3.45,78.574,3.45,
French Polynesia,PYF,2000,0.0,,69.24142898300202,6.3570635452072,79.0,6.3570635452072,
French Polynesia,PYF,2001,0.0,,70.32469029098243,6.25158894552365,79.316,6.25158894552365,
French Polynesia,PYF,2002,0.0,,71.38432728320369,8.20021648571522,79.544,8.20021648571522,
French Polynesia,PYF,2003,0.0,,72.49697493517718,14.1242937853107,79.71,14.1242937853107,
French Polynesia,PYF,2004,0.0,,73.6542783059637,17.8845374263753,79.829,17.8845374263753,
French Polynesia,PYF,2005,0.0,,74.76433304523192,21.5421854743002,79.951,21.5421854743002,
French Polynesia,PYF,2006,0.0,,75.83491789109766,25.1079642462589,80.1,25.1079642462589,
French Polynesia,PYF,2007,0.0,,76.76116392970326,28.59,80.328,28.59,
French Polynesia,PYF,2008,0.0,,77.32036876980698,33.87,80.587,33.87,
French Polynesia,PYF,2009,0.0,,77.63785652549697,44.6,80.867,44.6,
French Polynesia,PYF,2010,0.0,,77.95447997695189,49.0,81.141,49.0,
French Polynesia,PYF,2011,0.0,,78.28493229616825,49.0,81.434,49.0,
French Polynesia,PYF,2012,0.0,,78.67588591184096,52.8766305867993,81.695,52.8766305867993,
French Polynesia,PYF,2013,0.0,,79.1495246326707,56.8,81.935,56.8,
French Polynesia,PYF,2014,0.0,,79.62748487467589,60.68,82.151,60.68,
French Polynesia,PYF,2015,0.0,,80.05358686257563,64.560209747212,82.339,64.560209747212,
French Polynesia,PYF,2016,0.0,,80.43157591472198,68.440419493378,82.555,68.440419493378,
French Polynesia,PYF,2017,0.0,,80.69346009795449,72.7038953132942,82.774,72.7038953132942,
French Polynesia,PYF,2018,0.0,,80.61509651397292,,82.985,,
French Polynesia,PYF,2019,0.0,,80.39008931143762,,83.195,,
French Polynesia,PYF,2020,0.0,,80.44050705848458,,82.459,,
Gabon,GAB,1960,0.0,,,,46.443,,
Gabon,GAB,1961,0.0,,2.0113556098886174,,47.115,,
Gabon,GAB,1962,0.0,,2.0361276050762602,,47.777,,
Gabon,GAB,1963,0.0,,2.062529592113944,,48.425,,
Gabon,GAB,1964,0.0,,2.0904917142080954,,48.994,,
Gabon,GAB,1965,0.0,,2.120184732409671,,49.71,,
Gabon,GAB,1966,0.0,,2.1518337408312957,,50.322,,
Gabon,GAB,1967,0.0,,2.1853844064113015,,50.928,,
Gabon,GAB,1968,0.0,,2.2208910622113556,,51.545,,
Gabon,GAB,1969,0.0,,2.2636550626770675,,52.127,,
Gabon,GAB,1970,0.0,,2.3124383901890013,,52.697,,
Gabon,GAB,1971,0.0,,2.3609578142585477,,53.259,,
Gabon,GAB,1972,0.0,,2.4099041409554856,,53.811,,
Gabon,GAB,1973,0.0,,2.460492102301393,,54.352,,
Gabon,GAB,1974,0.0,,2.513645360344627,,54.911,,
Gabon,GAB,1975,0.0,,2.5699421740986534,,55.455,,
Gabon,GAB,1976,0.0,,2.6298288508557457,,55.97,,
Gabon,GAB,1977,0.0,,2.693305390615904,,56.467,,
Gabon,GAB,1978,0.0,,2.760294174719603,,56.954,,
Gabon,GAB,1979,0.0,,2.830655489579695,,57.438,,
Gabon,GAB,1980,0.0,,2.9044475491908255,,57.893,,
Gabon,GAB,1981,0.0,,2.9820506849846704,,58.332,,
Gabon,GAB,1982,0.0,,3.063166065122055,,58.644,,
Gabon,GAB,1983,0.0,,3.1474560484340435,,58.994,,
Gabon,GAB,1984,0.0,,3.2347615166686072,,59.34,,
Gabon,GAB,1985,0.0,,3.3248961850428844,,59.665,,
Gabon,GAB,1986,0.0,,3.417957076881282,,59.956,,
Gabon,GAB,1987,0.0,,3.5141033104358286,,60.2,,
Gabon,GAB,1988,0.0,,3.6132262195831877,,60.398,,
Gabon,GAB,1989,0.0,,3.7145884270578646,,60.584,,
Gambia,GMB,1980,0.0,,70.5447628458498,,44.977,,
Gambia,GMB,1981,0.0,,73.03606719367589,,44.489,,
Gambia,GMB,1982,0.0,,75.66729249011858,,46.25,,
Gambia,GMB,1983,0.0,,78.51037549407114,,46.892,,
Gambia,GMB,1984,0.0,,81.5840909090909,,47.513,,
Gambia,GMB,1985,0.0,,84.86897233201582,,48.151,,
Gambia,GMB,1986,0.0,,88.34179841897233,,48.798,,
Gambia,GMB,1987,0.0,,92.0050395256917,,49.392,,
Gambia,GMB,1988,0.0,,95.86561264822134,,50.146,,
Gambia,GMB,1989,0.0,,99.93646245059288,,50.725,,
Georgia,GEO,2025,0.079999998,,,,,,
Cuba,CUB,1936,0.0,,,,,,
Cuba,CUB,1937,0.0,,,,,,
Cuba,CUB,1938,0.0,,,,,,
Cuba,CUB,1939,0.0,,,,,,
Cuba,CUB,1940,0.0,,,,,,
Cuba,CUB,1941,0.0,,,,,,
Cuba,CUB,1942,0.0,,,,,,
Cuba,CUB,1943,0.0,,,,,,
Cuba,CUB,1944,0.0,,,,,,
Cuba,CUB,1945,0.0,,,,,,
Cuba,CUB,1946,0.0,,,,,,
Cuba,CUB,1947,0.0,,,,,,
Cuba,CUB,1948,0.0,,,,,,
Cuba,CUB,1949,0.0,,,,,,
Cuba,CUB,1950,0.0,,,,,,
Cuba,CUB,1951,0.0,,,,,,
Cuba,CUB,1952,0.0,,,,,,
Cuba,CUB,1953,0.0,,,,,,
Cuba,CUB,1954,0.0,,,,,,
Cuba,CUB,1955,0.0,,,,,,
Cuba,CUB,1956,0.0,,,,,,
Cuba,CUB,1957,0.0,,,,,,
Cuba,CUB,1958,0.0,,,,,,
Cuba,CUB,1959,0.0,,,,,,
Czechoslovakia,OWID_CZE,1900,,,,,,,
Czechoslovakia,OWID_CZE,1901,,,,,,,
Czechoslovakia,OWID_CZE,1902,,,,,,,
Czechoslovakia,OWID_CZE,1903,,,,,,,
Czechoslovakia,OWID_CZE,1904,,,,,,,
Czechoslovakia,OWID_CZE,1905,,,,,,,
Czechoslovakia,OWID_CZE,1906,,,,,,,
Czechoslovakia,OWID_CZE,1907,,,,,,,
Czechoslovakia,OWID_CZE,1908,,,,,,,
Czechoslovakia,OWID_CZE,1909,,,,,,,
Czechoslovakia,OWID_CZE,1910,,,,,,,
Czechoslovakia,OWID_CZE,1911,,,,,,,
Czechoslovakia,OWID_CZE,1912,,,,,,,
Czechoslovakia,OWID_CZE,1913,,,,,,,
Czechoslovakia,OWID_CZE,1914,,,,,,,
Czechoslovakia,OWID_CZE,1915,,,,,,,
Czechoslovakia,OWID_CZE,1916,,,,,,,
Czechoslovakia,OWID_CZE,1917,,,,,,,
Czechoslovakia,OWID_CZE,1918,,,,,,,
Czechoslovakia,OWID_CZE,1919,,,,,,,
Czechoslovakia,OWID_CZE,1920,,,,,,,
Czechoslovakia,OWID_CZE,1921,,,,,,,
Czechoslovakia,OWID_CZE,1922,,,,,,,
Czechoslovakia,OWID_CZE,1923,,,,,,,
Czechoslovakia,OWID_CZE,1924,,,,,,,
Czechoslovakia,OWID_CZE,1925,,,,,,,
Czechoslovakia,OWID_CZE,1926,,,,,,,
Czechoslovakia,OWID_CZE,1927,,,,,,,
Czechoslovakia,OWID_CZE,1928,,,,,,,
Czechoslovakia,OWID_CZE,1929,,,,,,,
Czechoslovakia,OWID_CZE,1930,,,,,,,
Czechoslovakia,OWID_CZE,1931,,,,,,,
Czechoslovakia,OWID_CZE,1932,,,,,,,
Czechoslovakia,OWID_CZE,1933,,,,,,,
Czechoslovakia,OWID_CZE,1934,,,,,,,
Czechoslovakia,OWID_CZE,1935,,,,,,,
Czechoslovakia,OWID_CZE,1936,,,,,,,
Czechoslovakia,OWID_CZE,1937,,,,,,,
Czechoslovakia,OWID_CZE,1938,,,,,,,
Czechoslovakia,OWID_CZE,1939,,,,,,,
Czechoslovakia,OWID_CZE,1940,,,,,,,
Czechoslovakia,OWID_CZE,1941,,,,,,,
Czechoslovakia,OWID_CZE,1942,,,,,,,
Czechoslovakia,OWID_CZE,1943,,,,,,,
Czechoslovakia,OWID_CZE,1944,,,,,,,
Czechoslovakia,OWID_CZE,1945,,,,,,,
Czechoslovakia,OWID_CZE,1946,,,,,,,
Czechoslovakia,OWID_CZE,1947,,,,,,,
Czechoslovakia,OWID_CZE,1948,,,,,,,
Czechoslovakia,OWID_CZE,1949,,,,,,,
Czechoslovakia,OWID_CZE,1950,,,,,,,
Czechoslovakia,OWID_CZE,1951,,,,,,,
Czechoslovakia,OWID_CZE,1952,,,,,,,
Czechoslovakia,OWID_CZE,1953,,,,,,,
Czechoslovakia,OWID_CZE,1954,,,,,,,
Czechoslovakia,OWID_CZE,1955,,,,,,,
Czechoslovakia,OWID_CZE,1956,,,,,,,
Czechoslovakia,OWID_CZE,1957,,,,,,,
Czechoslovakia,OWID_CZE,1958,,,,,,,
Czechoslovakia,OWID_CZE,1959,,,,,,,
Czechoslovakia,OWID_CZE,1960,,,,,,,
Czechoslovakia,OWID_CZE,1961,,,,,,,
Czechoslovakia,OWID_CZE,1962,,,,,,,
Czechoslovakia,OWID_CZE,1963,,,,,,,
Czechoslovakia,OWID_CZE,1964,,,,,,,
Czechoslovakia,OWID_CZE,1965,,,,,,,
Czechoslovakia,OWID_CZE,1966,,,,,,,
Czechoslovakia,OWID_CZE,1967,,,,,,,
Czechoslovakia,OWID_CZE,1968,,,,,,,
Czechoslovakia,OWID_CZE,1969,,,,,,,
Czechoslovakia,OWID_CZE,1970,,,,,,,
Czechoslovakia,OWID_CZE,1971,,,,,,,
Czechoslovakia,OWID_CZE,1972,,,,,,,
Czechoslovakia,OWID_CZE,1973,,,,,,,
Czechoslovakia,OWID_CZE,1974,,,,,,,
Czechoslovakia,OWID_CZE,1975,,,,,,,
Czechoslovakia,OWID_CZE,1976,,,,,,,
Czechoslovakia,OWID_CZE,1977,,,,,,,
Czechoslovakia,OWID_CZE,1978,,,,,,,
Czechoslovakia,OWID_CZE,1979,,,,,,,
Czechoslovakia,OWID_CZE,1980,,,,,,,
Czechoslovakia,OWID_CZE,1981,,,,,,,
Czechoslovakia,OWID_CZE,1982,,,,,,,
Czechoslovakia,OWID_CZE,1983,,,,,,,
Czechoslovakia,OWID_CZE,1984,,,,,,,
Czechoslovakia,OWID_CZE,1985,,,,,,,
Czechoslovakia,OWID_CZE,1986,,,,,,,
Czechoslovakia,OWID_CZE,1987,,,,,,,
Czechoslovakia,OWID_CZE,1988,,,,,,,
Czechoslovakia,OWID_CZE,1989,,,,,,,
Czechoslovakia,OWID_CZE,1990,,,,,,,
Czechoslovakia,OWID_CZE,1991,,,,,,,
Czechoslovakia,OWID_CZE,1992,,,,,,,
Democratic Republic of Congo,COD,1900,0.0,,,,,,
Democratic Republic of Congo,COD,1901,0.0,,,,,,
Democratic Republic of Congo,COD,1902,0.0,,,,,,
Democratic Republic of Congo,COD,1903,0.0,,,,,,
Democratic Republic of Congo,COD,1904,0.0,,,,,,
Democratic Republic of Congo,COD,1905,0.0,,,,,,
Democratic Republic of Congo,COD,1906,0.0,,,,,,
Democratic Republic of Congo,COD,1907,0.0,,,,,,
Democratic Republic of Congo,COD,1908,0.0,,,,,,
Democratic Republic of Congo,COD,1909,0.0,,,,,,
Democratic Republic of Congo,COD,1910,0.0,,,,,,
Democratic Republic of Congo,COD,1911,0.0,,,,,,
Democratic Republic of Congo,COD,1912,0.0,,,,,,
Democratic Republic of Congo,COD,1913,0.0,,,,,,
Democratic Republic of Congo,COD,1914,0.0,,,,,,
Democratic Republic of Congo,COD,1915,0.0,,,,,,
Democratic Republic of Congo,COD,1916,0.0,,,,,,
Democratic Republic of Congo,COD,1917,0.0,,,,,,
Democratic Republic of Congo,COD,1918,0.0,,,,,,
Democratic Republic of Congo,COD,1919,0.0,,,,,,
Democratic Republic of Congo,COD,1920,0.0,,,,,,
Democratic Republic of Congo,COD,1921,0.0,,,,,,
Democratic Republic of Congo,COD,1922,0.0,,,,,,
Democratic Republic of Congo,COD,1923,0.0,,,,,,
Democratic Republic of Congo,COD,1924,0.0,,,,,,
Democratic Republic of Congo,COD,1925,0.0,,,,,,
Democratic Republic of Congo,COD,1926,0.0,,,,,,
Democratic Republic of Congo,COD,1927,0.0,,,,,,
Democratic Republic of Congo,COD,1928,0.0,,,,,,
Democratic Republic of Congo,COD,1929,0.0,,,,,,
Democratic Republic of Congo,COD,1930,0.0,,,,,,
Democratic Republic of Congo,COD,1931,0.0,,,,,,
Democratic Republic of Congo,COD,1932,0.0,,,,,,
Democratic Republic of Congo,COD,1933,0.0,,,,,,
Democratic Republic of Congo,COD,1934,0.0,,,,,,
Democratic Republic of Congo,COD,1935,0.0,,,,,,
Democratic Republic of Congo,COD,1936,0.0,,,,,,
Democratic Republic of Congo,COD,1937,0.0,,,,,,
Democratic Republic of Congo,COD,1938,0.0,,,,,,
Democratic Republic of Congo,COD,1939,0.0,,,,,,
Democratic Republic of Congo,COD,1940,0.0,,,,,,
Democratic Republic of Congo,COD,1941,0.0,,,,,,
Democratic Republic of Congo,COD,1942,0.0,,,,,,
Democratic Republic of Congo,COD,1943,0.0,,,,,,
Democratic Republic of Congo,COD,1944,0.0,,,,,,
Democratic Republic of Congo,COD,1945,0.0,,,,,,
Democratic Republic of Congo,COD,1946,0.0,,,,,,
Democratic Republic of Congo,COD,1947,0.0,,,,,,
Democratic Republic of Congo,COD,1948,0.0,,,,,,
Democratic Republic of Congo,COD,1949,0.0,,,,,,
Democratic Republic of Congo,COD,1950,0.0,,,,,,
Democratic Republic of Congo,COD,1951,0.0,,,,,,
Democratic Republic of Congo,COD,1952,0.0,,,,,,
Democratic Republic of Congo,COD,1953,0.0,,,,,,
Democratic Republic of Congo,COD,1954,0.0,,,,,,
Democratic Republic of Congo,COD,1955,0.0,,,,,,
Democratic Republic of Congo,COD,1956,0.0,,,,,,
Democratic Republic of Congo,COD,1957,0.0,,,,,,
Democratic Republic of Congo,COD,1958,0.0,,,,,,
Democratic Republic of Congo,COD,1959,0.0,,,,,,
Denmark,DNK,1900,,,,,,,
Denmark,DNK,1901,,,,,,,
Denmark,DNK,1902,,,,,,,
Denmark,DNK,1903,,,,,,,
Denmark,DNK,1904,,,,,,,
Denmark,DNK,1905,,,,,,,
Denmark,DNK,1906,,,,,,,
Denmark,DNK,1907,,,,,,,
Denmark,DNK,1908,,,,,,,
Denmark,DNK,1909,,,,,,,
Denmark,DNK,1910,,,,,,,
Denmark,DNK,1911,,,,,,,
Denmark,DNK,1912,,,,,,,
Denmark,DNK,1913,,,,,,,
Denmark,DNK,1914,,,,,,,
Denmark,DNK,1915,,,,,,,
Denmark,DNK,1916,,,,,,,
Denmark,DNK,1917,,,,,,,
Denmark,DNK,1918,,,,,,,
Denmark,DNK,1919,,,,,,,
Denmark,DNK,1920,,,,,,,
Denmark,DNK,1921,,,,,,,
Denmark,DNK,1922,,,,,,,
Denmark,DNK,1923,,,,,,,
Denmark,DNK,1924,,,,,,,
Denmark,DNK,1925,,,,,,,
Denmark,DNK,1926,,,,,,,
Denmark,DNK,1927,,,,,,,
Denmark,DNK,1928,,,,,,,
Denmark,DNK,1929,,,,,,,
Denmark,DNK,1930,,,,,,,
Denmark,DNK,1931,,,,,,,
Denmark,DNK,1932,,,,,,,
Denmark,DNK,1933,,,,,,,
Denmark,DNK,1934,,,,,,,
Denmark,DNK,1935,,,,,,,
Denmark,DNK,1936,,,,,,,
Denmark,DNK,1937,,,,,,,
Denmark,DNK,1938,,,,,,,
Denmark,DNK,1939,,,,,,,
Denmark,DNK,1940,,,,,,,
Denmark,DNK,1941,,,,,,,
Denmark,DNK,1942,,,,,,,
Denmark,DNK,1943,,,,,,,
Denmark,DNK,1944,,,,,,,
Denmark,DNK,1945,,,,,,,
Denmark,DNK,1946,,,,,,,
Denmark,DNK,1947,,,,,,,
Denmark,DNK,1948,,,,,,,
Denmark,DNK,1949,,,,,,,
Denmark,DNK,1950,,,,,,,
Denmark,DNK,1951,,,,,,,
Denmark,DNK,1952,,,,,,,
Denmark,DNK,1953,,,,,,,
Denmark,DNK,1954,,,,,,,
Denmark,DNK,1955,,,,,,,
Denmark,DNK,1956,,,,,,,
Denmark,DNK,1957,,,,,,,
Denmark,DNK,1958,,,,,,,
Denmark,DNK,1959,,,,,,,
East Germany,OWID_GDR,1980,,,,,,,
East Germany,OWID_GDR,1981,,,,,,,
East Germany,OWID_GDR,1982,,,,,,,
East Germany,OWID_GDR,1983,,,,,,,
East Germany,OWID_GDR,1984,,,,,,,
East Germany,OWID_GDR,1985,,,,,,,
East Germany,OWID_GDR,1986,,,,,,,
East Germany,OWID_GDR,1987,,,,,,,
East Germany,OWID_GDR,1988,,,,,,,
East Germany,OWID_GDR,1989,,,,,,,
East Germany,OWID_GDR,1990,,,,,,,
Ecuador,ECU,1900,0.0,,,,,,
Ecuador,ECU,1901,0.0,,,,,,
Ecuador,ECU,1902,0.0,,,,,,
Ecuador,ECU,1903,0.0,,,,,,
Ecuador,ECU,1904,0.0,,,,,,
Ecuador,ECU,1905,0.0,,,,,,
Ecuador,ECU,1906,0.0,,,,,,
Ecuador,ECU,1907,0.0,,,,,,
Ecuador,ECU,1908,0.0,,,,,,
Ecuador,ECU,1909,0.0,,,,,,
Ecuador,ECU,1910,0.0,,,,,,
Ecuador,ECU,1911,0.0,,,,,,
Ecuador,ECU,1912,0.0,,,,,,
Ecuador,ECU,1913,0.0,,,,,,
Ecuador,ECU,1914,0.0,,,,,,
Ecuador,ECU,1915,0.0,,,,,,
Ecuador,ECU,1916,0.0,,,,,,
Ecuador,ECU,1917,0.0,,,,,,
Ecuador,ECU,1918,0.0,,,,,,
Ecuador,ECU,1919,0.0,,,,,,
Ecuador,ECU,1920,0.0,,,,,,
Ecuador,ECU,1921,0.0,,,,,,
Ecuador,ECU,1922,0.0,,,,,,
Ecuador,ECU,1923,0.0,,,,,,
Ecuador,ECU,1924,0.0,,,,,,
Ecuador,ECU,1925,0.0,,,,,,
Ecuador,ECU,1926,0.0,,,,,,
Ecuador,ECU,1927,0.0,,,,,,
Ecuador,ECU,1928,0.0,,,,,,
Ecuador,ECU,1929,0.0,,,,,,
Ecuador,ECU,1930,0.0,,,,,,
Ecuador,ECU,1931,0.0,,,,,,
Ecuador,ECU,1932,0.0,,,,,,
Ecuador,ECU,1933,0.0,,,,,,
Ecuador,ECU,1934,0.0,,,,,,
Ecuador,ECU,1935,0.0,,,,,,
Ecuador,ECU,1936,0.0,,,,,,
Ecuador,ECU,1937,0.0,,,,,,
Ecuador,ECU,1938,0.0,,,,,,
Ecuador,ECU,1939,0.0,,,,,,
Ecuador,ECU,1940,0.0,,,,,,
Ecuador,ECU,1941,0.0,,,,,,
Ecuador,ECU,1942,0.0,,,,,,
Ecuador,ECU,1943,0.0,,,,,,
Ecuador,ECU,1944,0.0,,,,,,
Ecuador,ECU,1945,0.0,,,,,,
Ecuador,ECU,1946,0.0,,,,,,
Ecuador,ECU,1947,0.0,,,,,,
Ecuador,ECU,1948,0.0,,,,,,
Ecuador,ECU,1949,0.0,,,,,,
Ecuador,ECU,1950,0.0,,,,,,
Ecuador,ECU,1951,0.0,,,,,,
Ecuador,ECU,1952,0.0,,,,,,
Ecuador,ECU,1953,0.0,,,,,,
Ecuador,ECU,1954,0.0,,,,,,
Ecuador,ECU,1955,0.0,,,,,,
Ecuador,ECU,1956,0.0,,,,,,
Ecuador,ECU,1957,0.0,,,,,,
Ecuador,ECU,1958,0.0,,,,,,
Ecuador,ECU,1959,0.0,,,,,,
Egypt,EGY,1900,0.0,,,,,,
Egypt,EGY,1901,0.0,,,,,,
Egypt,EGY,1902,0.0,,,,,,
Egypt,EGY,1903,0.0,,,,,,
Egypt,EGY,1904,0.0,,,,,,
Egypt,EGY,1905,0.0,,,,,,
Egypt,EGY,1906,0.0,,,,,,
Egypt,EGY,1907,0.0,,,,,,
Egypt,EGY,1908,0.0,,,,,,
Egypt,EGY,1909,0.0,,,,,,
Egypt,EGY,1910,0.0,,,,,,
Egypt,EGY,1911,0.0,,,,,,
Egypt,EGY,1912,0.0,,,,,,
Egypt,EGY,1913,0.0,,,,,,
Egypt,EGY,1914,0.0,,,,,,
Egypt,EGY,1915,0.0,,,,,,
Egypt,EGY,1916,0.0,,,,,,
Egypt,EGY,1917,0.0,,,,,,
Egypt,EGY,1918,0.0,,,,,,
Egypt,EGY,1919,0.0,,,,,,
Egypt,EGY,1920,0.0,,,,,,
Egypt,EGY,1921,0.0,,,,,,
Egypt,EGY,1922,0.0,,,,,,
Egypt,EGY,1923,0.0,,,,,,
Egypt,EGY,1924,0.0,,,,,,
Egypt,EGY,1925,0.0,,,,,,
Egypt,EGY,1926,0.0,,,,,,
Egypt,EGY,1927,0.0,,,,,,
Egypt,EGY,1928,0.0,,,,,,
Egypt,EGY,1929,0.0,,,,,,
Egypt,EGY,1930,0.0,,,,,,
Egypt,EGY,1931,0.0,,,,,,
Egypt,EGY,1932,0.0,,,,,,
Egypt,EGY,1933,0.0,,,,,,
Egypt,EGY,1934,0.0,,,,,,
Egypt,EGY,1935,0.0,,,,,,
Egypt,EGY,1936,0.0,,,,,,
Egypt,EGY,1937,0.0,,,,,,
Egypt,EGY,1938,0.0,,,,,,
Egypt,EGY,1939,0.0,,,,,,
Egypt,EGY,1940,0.0,,,,,,
Egypt,EGY,1941,0.0,,,,,,
Egypt,EGY,1942,0.0,,,,,,
Egypt,EGY,1943,0.0,,,,,,
Egypt,EGY,1944,0.0,,,,,,
Egypt,EGY,1945,0.0,,,,,,
Egypt,EGY,1946,0.0,,,,,,
Egypt,EGY,1947,0.0,,,,,,
Egypt,EGY,1948,0.0,,,,,,
Egypt,EGY,1949,0.0,,,,,,
Egypt,EGY,1950,0.0,,,,,,
Egypt,EGY,1951,0.0,,,,,,
Egypt,EGY,1952,0.0,,,,,,
Egypt,EGY,1953,0.0,,,,,,
Egypt,EGY,1954,0.0,,,,,,
Egypt,EGY,1955,0.0,,,,,,
Egypt,EGY,1956,0.0,,,,,,
Egypt,EGY,1957,0.0,,,,,,
Egypt,EGY,1958,0.0,,,,,,
Egypt,EGY,1959,0.0,,,,,,
Eswatini,SWZ,1900,0.0,,,,,,
Eswatini,SWZ,1901,0.0,,,,,,
Eswatini,SWZ,1902,0.0,,,,,,
Eswatini,SWZ,1903,0.0,,,,,,
Eswatini,SWZ,1904,0.0,,,,,,
Eswatini,SWZ,1905,0.0,,,,,,
Eswatini,SWZ,1906,0.0,,,,,,
Eswatini,SWZ,1907,0.0,,,,,,
Eswatini,SWZ,1908,0.0,,,,,,
Eswatini,SWZ,1909,0.0,,,,,,
Eswatini,SWZ,1910,0.0,,,,,,
Eswatini,SWZ,1911,0.0,,,,,,
Eswatini,SWZ,1912,0.0,,,,,,
Eswatini,SWZ,1913,0.0,,,,,,
Eswatini,SWZ,1914,0.0,,,,,,
Eswatini,SWZ,1915,0.0,,,,,,
Eswatini,SWZ,1916,0.0,,,,,,
Eswatini,SWZ,1917,0.0,,,,,,
Eswatini,SWZ,1918,0.0,,,,,,
Eswatini,SWZ,1919,0.0,,,,,,
Eswatini,SWZ,1920,0.0,,,,,,
Eswatini,SWZ,1921,0.0,,,,,,
Eswatini,SWZ,1922,0.0,,,,,,
Eswatini,SWZ,1923,0.0,,,,,,
Eswatini,SWZ,1924,0.0,,,,,,
Eswatini,SWZ,1925,0.0,,,,,,
Eswatini,SWZ,1926,0.0,,,,,,
Eswatini,SWZ,1927,0.0,,,,,,
Eswatini,SWZ,1928,0.0,,,,,,
Eswatini,SWZ,1929,0.0,,,,,,
Eswatini,SWZ,1930,0.0,,,,,,
Eswatini,SWZ,1931,0.0,,,,,,
Eswatini,SWZ,1932,0.0,,,,,,
Eswatini,SWZ,1933,0.0,,,,,,
Eswatini,SWZ,1934,0.0,,,,,,
Eswatini,SWZ,1935,0.0,,,,,,
Eswatini,SWZ,1936,0.0,,,,,,
Eswatini,SWZ,1937,0.0,,,,,,
Eswatini,SWZ,1938,0.0,,,,,,
Eswatini,SWZ,1939,0.0,,,,,,
Eswatini,SWZ,1940,0.0,,,,,,
Eswatini,SWZ,1941,0.0,,,,,,
Eswatini,SWZ,1942,0.0,,,,,,
Eswatini,SWZ,1943,0.0,,,,,,
Eswatini,SWZ,1944,0.0,,,,,,
Eswatini,SWZ,1945,0.0,,,,,,
Eswatini,SWZ,1946,0.0,,,,,,
Eswatini,SWZ,1947,0.0,,,,,,
Eswatini,SWZ,1948,0.0,,,,,,
Eswatini,SWZ,1949,0.0,,,,,,
Eswatini,SWZ,1950,0.0,,,,,,
Eswatini,SWZ,1951,0.0,,,,,,
Eswatini,SWZ,1952,0.0,,,,,,
Eswatini,SWZ,1953,0.0,,,,,,
Eswatini,SWZ,1954,0.0,,,,,,
Eswatini,SWZ,1955,0.0,,,,,,
Eswatini,SWZ,1956,0.0,,,,,,
Eswatini,SWZ,1957,0.0,,,,,,
Eswatini,SWZ,1958,0.0,,,,,,
Eswatini,SWZ,1959,0.0,,,,,,
Falkland Islands,FLK,1980,0.0,,,,,,
Falkland Islands,FLK,1981,0.0,,,,,,
Falkland Islands,FLK,1982,0.0,,,,,,
Falkland Islands,FLK,1983,0.0,,,,,,
Falkland Islands,FLK,1984,0.0,,,,,,
Falkland Islands,FLK,1985,0.0,,,,,,
Falkland Islands,FLK,1986,0.0,,,,,,
Falkland Islands,FLK,1987,0.0,,,,,,
Falkland Islands,FLK,1988,0.0,,,,,,
Falkland Islands,FLK,1989,0.0,,,,,,
Falkland Islands,FLK,1990,0.0,,,,,,
Falkland Islands,FLK,1991,0.0,,,,,,
Falkland Islands,FLK,1992,0.0,,,,,,
Falkland Islands,FLK,1993,0.0,,,,,,
Falkland Islands,FLK,1994,0.0,,,,,,
Falkland Islands,FLK,1995,0.0,,,,,,
Falkland Islands,FLK,1996,0.0,,,,,,
Falkland Islands,FLK,1997,0.0,,,,,,
Falkland Islands,FLK,1998,0.0,,,,,,
Falkland Islands,FLK,1999,0.0,,,,,,
Falkland Islands,FLK,2000,0.0,,,,,,
Falkland Islands,FLK,2001,0.0,,,,,,
Falkland Islands,FLK,2002,0.0,,,,,,
Falkland Islands,FLK,2003,0.0,,,,,,
Falkland Islands,FLK,2004,0.0,,,,,,
Falkland Islands,FLK,2005,0.0,,,,,,
Falkland Islands,FLK,2006,0.0,,,,,,
Falkland Islands,FLK,2007,0.0,,,,,,
Falkland Islands,FLK,2008,0.0,,,,,,
Falkland Islands,FLK,2009,0.0,,,,,,
Falkland Islands,FLK,2010,0.0,,,,,,
Falkland Islands,FLK,2011,0.01,,,,,,
Falkland Islands,FLK,2012,0.01,,,,,,
Falkland Islands,FLK,2013,0.01,,,,,,
Falkland Islands,FLK,2014,0.01,,,,,,
Falkland Islands,FLK,2015,0.01,,,,,,
Falkland Islands,FLK,2016,0.01,,,,,,
Falkland Islands,FLK,2017,0.0,,,,,,
Falkland Islands,FLK,2018,0.0,,,,,,
Falkland Islands,FLK,2019,0.0,,,,,,
Falkland Islands,FLK,2020,0.0,,,,,,
Falkland Islands,FLK,2021,0.0,,,,,,
Falkland Islands,FLK,2022,0.0,,,,,,
Falkland Islands,FLK,2023,0.0,,,,,,
France,FRA,1900,,,,,,,
France,FRA,1901,,,,,,,
France,FRA,1902,,,,,,,
France,FRA,1903,,,,,,,
France,FRA,1904,,,,,,,
France,FRA,1905,,,,,,,
France,FRA,1906,,,,,,,
France,FRA,1907,,,,,,,
France,FRA,1908,,,,,,,
France,FRA,1909,,,,,,,
France,FRA,1910,,,,,,,
France,FRA,1911,,,,,,,
France,FRA,1912,,,,,,,
France,FRA,1913,,,,,,,
France,FRA,1914,,,,,,,
France,FRA,1915,,,,,,,
France,FRA,1916,,,,,,,
France,FRA,1917,,,,,,,
France,FRA,1918,,,,,,,
France,FRA,1919,,,,,,,
France,FRA,1920,,,,,,,
France,FRA,1921,,,,,,,
France,FRA,1922,,,,,,,
France,FRA,1923,,,,,,,
France,FRA,1924,,,,,,,
France,FRA,1925,,,,,,,
France,FRA,1926,,,,,,,
France,FRA,1927,,,,,,,
France,FRA,1928,,,,,,,
France,FRA,1929,,,,,,,
France,FRA,1930,,,,,,,
France,FRA,1931,,,,,,,
France,FRA,1932,,,,,,,
France,FRA,1933,,,,,,,
France,FRA,1934,,,,,,,
France,FRA,1935,,,,,,,
France,FRA,1936,,,,,,,
France,FRA,1937,,,,,,,
France,FRA,1938,,,,,,,
France,FRA,1939,,,,,,,
France,FRA,1940,,,,,,,
France,FRA,1941,,,,,,,
France,FRA,1942,,,,,,,
France,FRA,1943,,,,,,,
France,FRA,1944,,,,,,,
France,FRA,1945,,,,,,,
France,FRA,1946,,,,,,,
France,FRA,1947,,,,,,,
France,FRA,1948,,,,,,,
France,FRA,1949,,,,,,,
France,FRA,1950,,,,,,,
France,FRA,1951,,,,,,,
France,FRA,1952,,,,,,,
France,FRA,1953,,,,,,,
France,FRA,1954,,,,,,,
France,FRA,1955,,,,,,,
France,FRA,1956,,,,,,,
France,FRA,1957,,,,,,,
France,FRA,1958,,,,,,,
France,FRA,1959,,,,,,,
French Guiana,GUF,1980,,,,,,,
French Guiana,GUF,1981,,,,,,,
French Guiana,GUF,1982,,,,,,,
French Guiana,GUF,1983,,,,,,,
French Guiana,GUF,1984,,,,,,,
French Guiana,GUF,1985,,,,,,,
French Guiana,GUF,1986,,,,,,,
French Guiana,GUF,1987,,,,,,,
French Guiana,GUF,1988,,,,,,,
French Guiana,GUF,1989,,,,,,,
French Guiana,GUF,1990,,,,,,,
French Guiana,GUF,1991,,,,,,,
French Guiana,GUF,1992,,,,,,,
French Guiana,GUF,1993,,,,,,,
French Guiana,GUF,1994,,,,,,,
French Guiana,GUF,1995,,,,,,,
French Guiana,GUF,1997,,,,,,,
French Guiana,GUF,1999,,,,,,,
French Guiana,GUF,2001,,,,,,,
Gabon,GAB,1900,0.0,,,,,,
Gabon,GAB,1901,0.0,,,,,,
Gabon,GAB,1902,0.0,,,,,,
Gabon,GAB,1903,0.0,,,,,,
Gabon,GAB,1904,0.0,,,,,,
Gabon,GAB,1905,0.0,,,,,,
Gabon,GAB,1906,0.0,,,,,,
Gabon,GAB,1907,0.0,,,,,,
Gabon,GAB,1908,0.0,,,,,,
Gabon,GAB,1909,0.0,,,,,,
Gabon,GAB,1910,0.0,,,,,,
Gabon,GAB,1911,0.0,,,,,,
Gabon,GAB,1912,0.0,,,,,,
Gabon,GAB,1913,0.0,,,,,,
Gabon,GAB,1914,0.0,,,,,,
Gabon,GAB,1915,0.0,,,,,,
Gabon,GAB,1916,0.0,,,,,,
Gabon,GAB,1917,0.0,,,,,,
Gabon,GAB,1918,0.0,,,,,,
Gabon,GAB,1919,0.0,,,,,,
Gabon,GAB,1920,0.0,,,,,,
Gabon,GAB,1921,0.0,,,,,,
Gabon,GAB,1922,0.0,,,,,,
Gabon,GAB,1923,0.0,,,,,,
Gabon,GAB,1924,0.0,,,,,,
Gabon,GAB,1925,0.0,,,,,,
Gabon,GAB,1926,0.0,,,,,,
Gabon,GAB,1927,0.0,,,,,,
Gabon,GAB,1928,0.0,,,,,,
Gabon,GAB,1929,0.0,,,,,,
Gabon,GAB,1930,0.0,,,,,,
Gabon,GAB,1931,0.0,,,,,,
Gabon,GAB,1932,0.0,,,,,,
Gabon,GAB,1933,0.0,,,,,,
Gabon,GAB,1934,0.0,,,,,,
Gabon,GAB,1935,0.0,,,,,,
Gabon,GAB,1936,0.0,,,,,,
Gabon,GAB,1937,0.0,,,,,,
Gabon,GAB,1938,0.0,,,,,,
Gabon,GAB,1939,0.0,,,,,,
Gabon,GAB,1940,0.0,,,,,,
Gabon,GAB,1941,0.0,,,,,,
Gabon,GAB,1942,0.0,,,,,,
Gabon,GAB,1943,0.0,,,,,,
Gabon,GAB,1944,0.0,,,,,,
Gabon,GAB,1945,0.0,,,,,,
Gabon,GAB,1946,0.0,,,,,,
Gabon,GAB,1947,0.0,,,,,,
Gabon,GAB,1948,0.0,,,,,,
Gabon,GAB,1949,0.0,,,,,,
Gabon,GAB,1950,0.0,,,,,,
Gabon,GAB,1951,0.0,,,,,,
Gabon,GAB,1952,0.0,,,,,,
Gabon,GAB,1953,0.0,,,,,,
Gabon,GAB,1954,0.0,,,,,,
Gabon,GAB,1955,0.0,,,,,,
Gabon,GAB,1956,0.0,,,,,,
Gabon,GAB,1957,0.0,,,,,,
Gabon,GAB,1958,0.0,,,,,,
Gabon,GAB,1959,0.0,,,,,,
Germany,DEU,1900,,,,,,,
Germany,DEU,1901,,,,,,,
Germany,DEU,1902,,,,,,,
Germany,DEU,1903,,,,,,,
Germany,DEU,1904,,,,,,,
Germany,DEU,1905,,,,,,,
Germany,DEU,1906,,,,,,,
Germany,DEU,1907,,,,,,,
Germany,DEU,1908,,,,,,,
Germany,DEU,1909,,,,,,,
Germany,DEU,1910,,,,,,,
Germany,DEU,1911,,,,,,,
Germany,DEU,1912,,,,,,,
Germany,DEU,1913,,,,,,,
Germany,DEU,1914,,,,,,,
Germany,DEU,1915,,,,,,,
Germany,DEU,1916,,,,,,,
Germany,DEU,1917,,,,,,,
Germany,DEU,1918,,,,,,,
Germany,DEU,1919,,,,,,,
Germany,DEU,1920,,,,,,,
Germany,DEU,1921,,,,,,,
Germany,DEU,1922,,,,,,,
Germany,DEU,1923,,,,,,,
Germany,DEU,1924,,,,,,,
Germany,DEU,1925,,,,,,,
Germany,DEU,1926,,,,,,,
Germany,DEU,1927,,,,,,,
Germany,DEU,1928,,,,,,,
Germany,DEU,1929,,,,,,,
Germany,DEU,1930,,,,,,,
Germany,DEU,1931,,,,,,,
Germany,DEU,1932,,,,,,,
Germany,DEU,1933,,,,,,,
Germany,DEU,1934,,,,,,,
Germany,DEU,1935,,,,,,,
Germany,DEU,1936,,,,,,,
Germany,DEU,1937,,,,,,,
Germany,DEU,1938,,,,,,,
Germany,DEU,1939,,,,,,,
Germany,DEU,1940,,,,,,,
Germany,DEU,1941,,,,,,,
Germany,DEU,1942,,,,,,,
Germany,DEU,1943,,,,,,,
Germany,DEU,1944,,,,,,,
Germany,DEU,1945,,,,,,,
Germany,DEU,1946,,,,,,,
Germany,DEU,1947,,,,,,,
Germany,DEU,1948,,,,,,,
Germany,DEU,1949,,,,,,,
Germany,DEU,1950,,,,,,,
Germany,DEU,1996,2.079999924,0.875,234.65247070955914,3.05,76.67317073170733,3.05,89.1071214
Germany,DEU,1998,4.590000153,0.887,235.07877772047448,9.88,77.47560975609757,9.88,88.54786
Germany,DEU,2000,9.350000381,0.897,235.59681329703395,30.2163466048889,77.92682926829269,30.2163466048889,82.7732133
Germany,DEU,2002,15.85999966,0.909,236.45157083070572,48.82,78.22926829268293,48.82,84.498126
Germany,DEU,2003,19.09000015,0.914,236.61642728132793,55.9,78.38048780487806,55.9,86.0814168
Germany,DEU,2004,26.02000046,0.923,236.59219542965278,64.73,78.68048780487807,64.73,84.1549794
Germany,DEU,2005,27.77000046,0.923,236.46468058263562,68.71,78.93170731707318,68.71,86.89699279999999
Germany,DEU,2006,31.31999969,0.927,236.22519786648314,72.16,79.1317073170732,72.16,82.8643791
Germany,DEU,2007,40.50999832,0.931,235.9433619181461,75.16,79.53414634146343,75.16,81.36362319999999
Germany,DEU,2008,41.38000107,0.933,235.52217824054154,78.0,79.73658536585367,78.0,82.026748
Germany,DEU,2009,39.41999817,0.933,234.93963741717104,79.0,79.83658536585368,79.0,81.90499109999999
Germany,DEU,2010,38.54999924,0.936,234.60690822503372,82.0,79.98780487804879,82.0,81.2880211
Germany,DEU,2011,49.86000061,0.942,230.30463334863438,81.26999953602,80.43658536585367,81.26999953602,81.55507779999999
Germany,DEU,2012,51.68000031,0.944,230.75062546623056,82.3499984738392,80.53902439024391,82.3499984738392,81.39649949999999
Germany,DEU,2013,52.74000168,0.945,231.15571256592526,84.17,80.49024390243903,84.17,80.7696981
Germany,DEU,2014,58.5,0.949,232.10805388363428,86.1937006578756,81.09024390243904,86.1937006578756,82.4332709
Germany,DEU,2015,80.62000275,0.948,234.1529868715244,87.5897993525767,80.64146341463415,87.5897993525767,82.7383756
Germany,DEU,2016,79.91999817,0.949,235.71292935653767,84.1652066441212,80.99024390243903,84.1652066441212,83.5429199
Germany,DEU,2017,105.6900024,0.951,236.5887225577468,84.3941537010844,80.99268292682929,84.3941537010844,84.7401905
Germany,DEU,2018,109.9499969,0.952,237.29401225027192,87.037112092841,80.89268292682927,87.037112092841,86.67425089999999
Germany,DEU,2019,125.8899994,0.957,237.82295429176565,88.1345169091916,81.29268292682927,88.1345169091916,85.8450483
Germany,DEU,2020,132.1100006,0.955,238.01731875554538,89.81294133,81.04146341463415,89.81294133,85.7329669
Germany,DEU,2021,114.1600037,0.958,238.11808580669165,91.43060973,80.79024390243903,91.43060973,84.782052
Germany,DEU,2022,124.8099976,0.955,238.08625200366384,91.62984383,80.6080487804878,91.62984383,84.7431984
Germany,DEU,2023,140.5399933,0.959,238.35181009071917,92.4763763,81.04146341463415,92.4763763,82.25335199999999
Ghana,GHA,1996,0.0,0.465,78.27274764876505,0.00565,56.957,0.00565,43.5056059
Ghana,GHA,1998,0.0,0.475,82.13077261140899,0.0322,57.525,0.0322,36.2539324
Ghana,GHA,2000,0.0,0.487,86.301692010196,0.153615297625799,58.139,0.153615297625799,47.6340267
Ghana,GHA,2002,0.0,0.493,91.10217104684891,0.830284033818738,58.709,0.830284033818738,41.780681
Ghana,GHA,2003,0.0,0.495,93.59543376988661,1.19305791098328,59.014,1.19305791098328,41.3893737
Ghana,GHA,2004,0.0,0.503,96.10748879317921,1.71679770389504,59.316,1.71679770389504,40.991647799999996
Ghana,GHA,2005,0.0,0.515,98.66150127450119,1.83119746104616,59.638,1.83119746104616,39.354893
Ghana,GHA,2006,0.0,0.524,101.26000703173068,2.72317597313987,59.975,2.72317597313987,45.5663256
Ghana,GHA,2007,0.0,0.534,103.90383668805485,3.85,60.282,3.85,45.945231
Ghana,GHA,2008,0.0,0.546,106.5744308692977,4.27,60.578,4.27,46.1206785
Ghana,GHA,2009,0.0,0.551,109.26722334534587,5.44,60.928,5.44,47.5051448
Ghana,GHA,2010,0.0,0.558,111.95831502153467,7.8,61.297,7.8,49.192837399999995
Ghana,GHA,2011,0.0,0.568,114.6835193812077,9.0,61.617,9.0,48.969735199999995
Ghana,GHA,2012,0.0,0.575,117.4926078931177,10.6,61.995,10.6,47.4889132
Ghana,GHA,2013,0.0,0.582,120.35770853476312,15.0,62.397,15.0,47.4316276
Ghana,GHA,2014,0.0,0.58,123.23807682165773,19.0,62.832,19.0,43.903101
Ghana,GHA,2015,0.0,0.588,126.1143886789136,23.0,63.175,23.0,42.262634
Ghana,GHA,2016,0.0,0.59,129.0179397029094,28.0,63.522,28.0,42.8641638
Ghana,GHA,2017,0.0,0.594,131.8816647622396,37.88420105,63.829,37.88420105,42.270135499999995
Ghana,GHA,2018,0.0,0.6,134.6470290937857,43.0,64.138,43.0,45.0164623
Ghana,GHA,2019,0.0,0.609,137.38202810141826,22.0732,64.455,22.0732,45.8418959
Ghana,GHA,2020,0.0,0.614,140.147712389575,62.51760101,64.309,62.51760101,45.9874811
Ghana,GHA,2021,0.0,0.618,142.91845578443565,68.6,64.286,68.6,44.708505599999995
Ghana,GHA,2022,0.0,0.625,145.68942527018058,69.91329956,65.246,69.91329956,45.896995399999994
Ghana,GHA,2023,0.0,0.628,148.49676310689,70.67430115,65.498,70.67430115,45.2166936
Greece,GRC,1996,0.039999999,0.796,82.30256012412723,1.4,77.68536585365854,1.4,62.1130656
Greece,GRC,1998,0.07,0.813,83.16919317300233,3.22,77.83902439024392,3.22,67.5710962
Greece,GRC,2000,0.449999988,0.828,83.83093871217999,9.13883730776798,77.8878048780488,9.13883730776798,66.1657022
Greece,GRC,2002,0.649999976,0.836,84.57736229635377,14.67,78.64146341463415,14.67,56.989427199999994
Greece,GRC,2003,1.019999981,0.842,84.77944142746315,17.8,78.84146341463415,17.8,56.700693799999996
Greece,GRC,2004,1.120000005,0.851,84.98945694336695,21.42,79.0390243902439,21.42,57.5431586
Greece,GRC,2005,1.269999981,0.863,85.23905352986812,24.0,79.23902439024391,24.0,55.896920699999995
Greece,GRC,2006,1.700000048,0.871,85.49543832428239,32.25,79.43902439024392,32.25,57.468074699999995
Greece,GRC,2007,1.820000052,0.866,85.71352211016291,35.88,79.43902439024392,35.88,53.6197035
Greece,GRC,2008,2.24000001,0.871,85.94135764158263,38.2,79.93902439024392,38.2,51.3939363
Greece,GRC,2009,2.539999962,0.874,86.1677036462374,42.4,80.18780487804878,42.4,49.8113135
Greece,GRC,2010,2.710000038,0.876,86.278828549263,44.4,80.3878048780488,44.4,47.2198323
Greece,GRC,2011,3.319999933,0.874,86.15127230411171,51.6499951676815,80.73170731707317,51.6499951676815,46.3238954
Greece,GRC,2012,3.849999905,0.874,85.6866640806827,55.0699934418411,80.63414634146342,55.0699934418411,47.3900535
Greece,GRC,2013,4.139999866,0.879,85.06757951900698,59.8663,81.28536585365853,59.8663,50.0778459
Greece,GRC,2014,3.6900000569999998,0.886,84.50281613653995,63.2073404784561,81.38536585365853,63.2073404784561,47.8948956
Greece,GRC,2015,4.6199998860000004,0.888,83.94788983708301,66.8349594911035,81.03658536585367,66.8349594911035,48.300791
Greece,GRC,2016,5.150000095,0.884,83.59946470131885,69.0879154723892,81.3878048780488,69.0879154723892,49.648188999999995
Greece,GRC,2017,5.539999962,0.887,83.43428238944918,69.8929706543154,81.28780487804877,69.8929706543154,50.823940799999995
Greece,GRC,2018,6.300000191,0.893,83.26518231186967,72.2383733920483,81.7878048780488,72.2383733920483,52.7293027
Greece,GRC,2019,7.269999981,0.896,83.17751745539178,75.6712066931757,81.63902439024392,75.6712066931757,54.009363199999996
Greece,GRC,2020,9.31000042,0.896,82.99921644685803,78.11584474,81.28780487804877,78.11584474,53.5422898
Greece,GRC,2021,10.47999954,0.897,82.00256012412723,78.49426371,80.0829268292683,78.49426371,55.770311899999996
Greece,GRC,2022,10.88000011,0.897,80.97598913886733,83.17066333,80.78780487804879,83.17066333,54.382708199999996
Greece,GRC,2023,11.02000046,0.908,80.73972847168348,85.0102229,81.73658536585367,85.0102229,54.520320299999995
Grenada,GRD,1996,0.0,,307.6,0.298,72.373,0.298,65.962627
Grenada,GRD,1998,0.0,,311.79117647058825,1.48,72.762,1.48,65.87218779999999
Grenada,GRD,2000,0.0,,316.0323529411765,4.06390799146313,72.955,4.06390799146313,65.60776249999999
Grenada,GRD,2002,0.0,0.744,318.83529411764704,14.7588405454867,73.142,14.7588405454867,65.4205688
Grenada,GRD,2003,0.0,0.751,320.2470588235294,18.6451821830564,73.291,18.6451821830564,65.3567128
Grenada,GRD,2004,0.0,0.746,321.53823529411767,19.570620584378702,72.447,19.570620584378702,59.201974699999994
Grenada,GRD,2005,0.0,0.764,322.7470588235294,20.4878006,73.7,20.4878006,62.0435015
Grenada,GRD,2006,0.0,0.764,323.9264705882353,21.39599991,73.93,21.39599991,62.590146399999995
Grenada,GRD,2007,0.0,0.768,325.06470588235294,22.29,74.159,22.29,57.007788299999994
Grenada,GRD,2008,0.0,0.771,326.16470588235296,23.18000031,74.374,23.18000031,57.026143299999994
Grenada,GRD,2009,0.0,0.767,327.2176470588235,24.049999240000002,74.567,24.049999240000002,57.5985334
Grenada,GRD,2010,0.0,0.771,328.1941176470588,27.0,74.731,27.0,58.3873076
Grenada,GRD,2011,0.0,0.773,329.6441176470588,30.0,74.861,30.0,58.3595524
Grenada,GRD,2012,0.0,0.774,331.69117647058823,32.0,74.961,32.0,58.3018782
Grenada,GRD,2013,0.0,0.777,333.7852941176471,35.0,75.022,35.0,58.3062604
Grenada,GRD,2014,0.0,0.779,335.6823529411765,51.6,75.045,51.6,52.7415509
Grenada,GRD,2015,0.0,0.782,337.2823529411765,52.5,75.037,52.5,58.7064781
Grenada,GRD,2016,0.0,0.784,338.61764705882354,53.29999924,75.01,53.29999924,58.7267965
Grenada,GRD,2017,0.0,0.784,339.5235294117647,54.20000076,74.977,54.20000076,56.9811403
Grenada,GRD,2018,0.0,0.788,340.2676470588235,61.42459869,74.957,61.42459869,56.289142999999996
Grenada,GRD,2019,0.0,0.789,341.1205882352941,64.31279755,74.971,64.31279755,55.5064089
Grenada,GRD,2020,0.0,0.782,342.1794117647059,65.65380096,75.019,65.65380096,55.514969
Grenada,GRD,2021,0.0,0.782,343.2,67.02279663,74.522,67.02279663,54.218855
Grenada,GRD,2022,0.0,0.789,343.86176470588236,68.42030334,75.151,68.42030334,53.6982771
Grenada,GRD,2023,0.0,0.791,344.3558823529412,69.4131012,75.205,69.4131012,55.821488599999995
Guatemala,GTM,1996,0.0,0.53,98.76377379619261,0.0195,64.54,0.0195,32.111259499999996
Guatemala,GTM,1998,0.0,0.548,103.94872153788727,0.46699999999999997,65.969,0.46699999999999997,32.0887327
Guatemala,GTM,2000,0.0,0.563,109.16005972377752,0.712332904508925,67.102,0.712332904508925,36.4253418
Guatemala,GTM,2002,0.0,0.572,114.28625419932811,3.39174627024502,67.835,3.39174627024502,31.669054799999998
Guatemala,GTM,2003,0.0,0.577,116.88915640164241,4.54885490848324,68.204,4.54885490848324,31.4200515
Guatemala,GTM,2004,0.0,0.58,119.51662933930571,5.1,68.245,5.1,35.8246135
Guatemala,GTM,2005,0.0,0.583,122.13166293393057,5.699999809,68.167,5.699999809,34.9110624
Guatemala,GTM,2006,0.0,0.59,124.74299178798059,6.5,68.79,6.5,34.7665824
Guatemala,GTM,2007,0.0,0.601,127.3986562150056,7.300000191,69.299,7.300000191,35.460775999999996
Guatemala,GTM,2008,0.0,0.609,130.04081746920494,8.300000191,69.493,8.300000191,38.542760099999995
Guatemala,GTM,2009,0.0,0.616,132.65781075027996,9.300000191,69.676,9.300000191,37.4860387
Guatemala,GTM,2010,0.0,0.623,135.31272863008584,10.5,69.885,10.5,35.2860247
Guatemala,GTM,2011,0.0,0.628,138.03775662560656,12.30000019,70.321,12.30000019,36.6847937
Guatemala,GTM,2012,0.0,0.631,140.81417506532287,16.0,70.722,16.0,32.284205199999995
Guatemala,GTM,2013,0.0,0.633,143.59217058603957,19.70000076,70.878,19.70000076,33.2766314
Guatemala,GTM,2014,0.0,0.65,146.33935237028743,23.39999962,70.942,23.39999962,30.2285619
Guatemala,GTM,2015,0.109999999,0.638,149.0457540126913,28.80590057,70.915,28.80590057,29.5008646
Guatemala,GTM,2016,0.219999999,0.642,151.81746920492722,34.50930023,71.215,34.50930023,30.169841299999998
Guatemala,GTM,2017,0.219999999,0.647,154.60392870474058,37.90000153,71.583,37.90000153,29.9629181
Guatemala,GTM,2018,0.319999993,0.649,157.20124113475177,41.5,71.496,41.5,28.179217899999998
Guatemala,GTM,2019,0.330000013,0.653,159.6099570735349,44.401049838502,71.639,44.401049838502,27.5352234
Guatemala,GTM,2020,0.310000002,0.645,161.97578387458006,47.51229858,69.971,47.51229858,25.5915523
Guatemala,GTM,2021,0.319999993,0.639,164.22779022023144,50.84164945,67.858,50.84164945,23.2024743
Guatemala,GTM,2022,0.310000002,0.655,166.55353676745054,54.40430069,71.206,54.40430069,23.227711499999998
Guatemala,GTM,2023,0.340000004,0.662,169.13809257185517,56.72669983,72.602,56.72669983,25.8540445
Guinea,GIN,1996,0.0,0.323,31.621500081393457,0.00195,50.546,0.00195,36.0231607
Guinea,GIN,1998,0.0,0.342,32.891054859189325,0.006200000000000001,51.61,0.006200000000000001,30.7305095
Guinea,GIN,2000,0.0,0.359,34.302588311899726,0.0954249236063846,52.42,0.0954249236063846,30.6085785
Guinea,GIN,2002,0.0,0.377,35.30061045091975,0.402022748744397,53.2,0.402022748744397,30.522260499999998
Guinea,GIN,2003,0.0,0.384,36.10117613543871,0.450960370842751,53.589,0.450960370842751,30.4928152
Guinea,GIN,2004,0.0,0.391,36.88232948070975,0.508819332302937,53.975,0.508819332302937,29.9939909
Guinea,GIN,2005,0.0,0.401,37.627559824190136,0.542299986,54.422,0.542299986,29.8653053
Guinea,GIN,2006,0.0,0.409,38.42247680286505,0.637499988,54.875,0.637499988,23.9834109
Guinea,GIN,2007,0.0,0.416,39.322322155298714,0.780025279059244,55.233,0.780025279059244,20.124166
Guinea,GIN,2008,0.0,0.422,40.28516197297737,0.92,55.703,0.92,21.2379322
Guinea,GIN,2009,0.0,0.424,41.28086439850236,0.94,56.052,0.94,21.8010476
Guinea,GIN,2010,0.0,0.43,42.308668403060395,1.0,56.431,1.0,23.500792
Guinea,GIN,2011,0.0,0.436,43.36972977372619,2.0,56.778,2.0,24.6911724
Guinea,GIN,2012,0.0,0.44,44.44726111020674,3.0999999050000002,57.117,3.0999999050000002,24.5053146
Guinea,GIN,2013,0.0,0.445,45.54726111020674,4.5,57.459,4.5,24.682830799999998
Guinea,GIN,2014,0.0,0.451,46.691046719843726,6.400000095,57.581,6.400000095,24.0192364
Guinea,GIN,2015,0.0,0.465,47.88812469477454,9.199999809,57.899,9.199999809,25.6446822
Guinea,GIN,2016,0.0,0.482,49.13328178414456,13.10000038,58.49,13.10000038,27.4345885
Guinea,GIN,2017,0.0,0.482,50.40557952140648,18.70000076,58.715,18.70000076,25.765382499999998
Guinea,GIN,2018,0.0,0.479,51.70427315643822,21.8300230430563,59.043,21.8300230430563,25.233852
Guinea,GIN,2019,0.0,0.486,53.04552335992186,23.89049911,59.379,23.89049911,29.1689419
Guinea,GIN,2020,0.0,0.488,54.4163397362852,26.14550018,59.35,26.14550018,30.3177684
Guinea,GIN,2021,0.0,0.49,55.79730180693472,28.61330032,59.373,28.61330032,27.383343
Guinea,GIN,2022,0.0,0.498,57.19980872537848,31.31399918,60.432,31.31399918,28.140477599999997
Guinea,GIN,2023,0.0,0.5,58.62554126648217,32.31560135,60.74,32.31560135,27.4543341
Guinea-Bissau,GNB,1996,0.0,,40.66625177809388,,48.772,,27.4043477
Guinea-Bissau,GNB,1998,0.0,,42.22876955903272,0.0241,48.123,0.0241,27.429898599999998
Guinea-Bissau,GNB,2000,0.0,,43.90970839260313,0.230103170591588,50.565,0.230103170591588,31.317811499999998
Guinea-Bissau,GNB,2002,0.0,,45.850177809388335,1.02299323436117,51.608,1.02299323436117,25.8317545
Guinea-Bissau,GNB,2003,0.0,,46.899217638691326,1.35419747762901,52.186,1.35419747762901,25.421209599999997
Guinea-Bissau,GNB,2004,0.0,,47.992994310099576,1.80814220342991,52.8,1.80814220342991,24.8802749
Guinea-Bissau,GNB,2005,0.0,0.412,49.13175675675676,1.90139997,52.949,1.90139997,24.5973589
Guinea-Bissau,GNB,2006,0.0,0.424,50.330832147937414,2.057199955,54.089,2.057199955,26.1108144
Guinea-Bissau,GNB,2007,0.0,0.431,51.599786628733995,2.20630002,54.87,2.20630002,24.8928388
Guinea-Bissau,GNB,2008,0.0,0.436,52.91799431009957,2.35488871087933,55.3,2.35488871087933,25.129893499999998
Guinea-Bissau,GNB,2009,0.0,0.444,54.28083214793741,2.30328059172582,56.297,2.30328059172582,25.1295595
Guinea-Bissau,GNB,2010,0.0,0.452,55.70224039829303,2.450000048,56.999,2.450000048,25.135281799999998
Guinea-Bissau,GNB,2011,0.0,0.46,57.18620199146515,2.671999931,57.663,2.671999931,25.1063343
Guinea-Bissau,GNB,2012,0.0,0.462,58.7274893314367,2.894000053,58.27,2.894000053,20.6607691
Guinea-Bissau,GNB,2013,0.0,0.469,60.31198435277383,3.0999999050000002,58.879,3.0999999050000002,18.9408075
Guinea-Bissau,GNB,2014,0.0,0.476,61.917567567567566,3.319999933,59.476,3.319999933,15.721124199999998
Guinea-Bissau,GNB,2015,0.0,0.481,63.5297652916074,6.099999905,60.071,6.099999905,16.460845
Guinea-Bissau,GNB,2016,0.0,0.486,65.1455547652916,13.80000019,60.619,13.80000019,15.9115991
Guinea-Bissau,GNB,2017,0.0,0.491,66.75220483641536,14.80000019,61.148,14.80000019,14.1658902
Guinea-Bissau,GNB,2018,0.0,0.493,68.35590327169274,15.69999981,61.652,15.69999981,15.545150399999999
Guinea-Bissau,GNB,2019,0.0,0.501,69.97496443812233,17.92149925,62.161,17.92149925,16.9242992
Guinea-Bissau,GNB,2020,0.0,0.498,71.5951280227596,20.45730019,61.343,20.45730019,21.554866
Guinea-Bissau,GNB,2021,0.0,0.502,73.21625177809388,23.3519001,61.653,23.3519001,23.2244748
Guinea-Bissau,GNB,2022,0.0,0.511,74.87656472261736,27.67379951,63.605,27.67379951,24.3549139
Guinea-Bissau,GNB,2023,0.0,0.514,76.57677809388336,28.71240044,64.085,28.71240044,24.476812499999998
Guyana,GUY,1996,0.0,0.546,3.863479806959614,0.0659,62.691,0.0659,46.0805497
Guyana,GUY,1998,0.0,0.557,3.879024638049276,0.264,63.429,0.264,44.2902689
Guyana,GUY,2000,0.0,0.567,3.8853543307086613,0.6,64.075,0.6,43.1371269
Guyana,GUY,2002,0.0,0.58,3.8793599187198375,1.5,64.183,1.5,43.0508089
Guyana,GUY,2003,0.0,0.587,3.8765608331216663,2.4,64.117,2.4,43.0213636
Guyana,GUY,2004,0.0,0.6,3.8730911861823722,3.7,64.214,3.7,42.431395699999996
Guyana,GUY,2005,0.0,0.61,3.8654508509017016,5.699999809,64.392,5.699999809,40.352351299999995
Guyana,GUY,2006,0.0,0.619,3.8555549911099822,8.899999619,64.848,8.899999619,39.6003864
Guyana,GUY,2007,0.0,0.626,3.8448615697231396,13.80000019,65.462,13.80000019,37.7885747
Guyana,GUY,2008,0.0,0.632,3.8334061468122935,18.2,65.721,18.2,38.2721045
Guyana,GUY,2009,0.0,0.637,3.8206451612903227,23.9,66.03,23.9,38.7061397
Guyana,GUY,2010,0.0,0.647,3.806228092456185,29.9,66.204,29.9,38.2117624
Guyana,GUY,2011,0.0,0.659,3.7904648209296417,30.0,66.469,30.0,36.3616761
Guyana,GUY,2012,0.0,0.664,3.7911506223012448,30.5,66.443,30.5,34.1575875
Guyana,GUY,2013,0.0,0.669,3.8101143002286006,31.0,66.71,31.0,36.2880718
Guyana,GUY,2014,0.0,0.678,3.831490982981966,32.0,67.334,32.0,35.6937317
Guyana,GUY,2015,0.0,0.683,3.8546151892303784,34.0,67.719,34.0,37.539905399999995
Guyana,GUY,2016,0.0,0.69,3.8788315976631953,35.65999985,68.069,35.65999985,39.5531204
Guyana,GUY,2017,0.0,0.696,3.9038811277622556,42.6753006,68.543,42.6753006,38.1582924
Guyana,GUY,2018,0.0,0.702,4.021112522225044,48.59889984,68.829,48.59889984,40.4081693
Guyana,GUY,2019,0.0,0.709,4.102946405892812,55.31269836,69.067,55.31269836,42.975975999999996
Guyana,GUY,2020,0.0,0.722,3.8243866628777115,62.95399857,67.751,62.95399857,45.5090887
Guyana,GUY,2021,0.0,0.713,3.862280951027754,71.65090179,64.323,71.65090179,45.7447406
Guyana,GUY,2022,0.0,0.763,3.8914322250639386,76.56240082,69.888,76.56240082,43.2126643
Guyana,GUY,2023,0.0,0.776,3.913768115942029,79.3553009,70.18,79.3553009,41.582670199999995
Haiti,HTI,1996,0.0,0.479,279.6646226415094,0.0074800000000000005,56.111,0.0074800000000000005,28.3091868
Haiti,HTI,1998,0.0,0.488,290.35351959361395,0.024,57.137,0.024,23.6890646
Haiti,HTI,2000,0.0,0.497,301.275435413643,0.231270714628821,58.175,0.231270714628821,23.5671337
Haiti,HTI,2002,0.0,0.504,312.3236937590711,0.893432988337908,59.041,0.893432988337908,15.9537865
Haiti,HTI,2003,0.0,0.508,317.8487663280116,1.64735834557778,59.44,1.64735834557778,17.1639064
Haiti,HTI,2004,0.0,0.505,323.3041727140784,5.401261907622,58.517,5.401261907622,19.569843499999998
Haiti,HTI,2005,0.0,0.516,328.78349056603776,6.376200199,60.318,6.376200199,16.292643899999998
Haiti,HTI,2006,0.0,0.52,334.4180696661829,6.796000004,60.74,6.796000004,22.1840478
Haiti,HTI,2007,0.0,0.524,340.10507982583454,7.199999809,61.09,7.199999809,21.802029299999997
Haiti,HTI,2008,0.0,0.528,345.81908563134976,7.599999905,61.28,7.599999905,24.173760299999998
Haiti,HTI,2009,0.0,0.534,351.5813134978229,8.100000381,61.694,8.100000381,25.7649615
Haiti,HTI,2010,0.0,0.452,355.70732946298983,8.369999886,45.577,8.369999886,22.272839299999998
Haiti,HTI,2011,0.0,0.536,359.75703918722786,9.0,61.581,9.0,21.5828155
Haiti,HTI,2012,0.0,0.54,365.3763062409289,9.800000191,62.273,9.800000191,20.451916999999998
Haiti,HTI,2013,0.0,0.545,370.9129898403483,10.60000038,62.624,10.60000038,22.0375052
Haiti,HTI,2014,0.0,0.549,376.3873367198839,11.39999962,62.969,11.39999962,18.8956628
Haiti,HTI,2015,0.0,0.552,381.83026124818576,14.19999981,63.224,14.19999981,18.5740045
Haiti,HTI,2016,0.0,0.555,387.20816400580554,22.79999924,63.325,22.79999924,18.0408142
Haiti,HTI,2017,0.0,0.559,392.516473149492,27.20000076,63.832,27.20000076,19.0635582
Haiti,HTI,2018,0.0,0.561,397.7634978229318,32.4736271300557,64.077,32.4736271300557,18.7555731
Haiti,HTI,2019,0.0,0.56,402.9449564586357,35.76409912,64.328,35.76409912,18.2530082
Haiti,HTI,2020,0.0,0.555,407.9770682148041,39.38809967,63.773,39.38809967,18.572014799999998
Haiti,HTI,2021,0.0,0.548,412.72082728592164,43.37919998,62.613,43.37919998,17.7893617
Haiti,HTI,2022,0.0,0.552,417.4022496371553,47.77470016,63.948,47.77470016,17.317922199999998
Haiti,HTI,2023,0.0,0.554,422.25682148040636,47.99269867,64.936,47.99269867,17.4668979
Honduras,HND,1996,0.0,0.541,52.76569845383859,0.0437,67.263,0.0437,25.5466201
Honduras,HND,1998,0.0,0.529,55.719286799535254,0.301,62.432,0.301,25.5240933
Honduras,HND,2000,0.0,0.558,58.78785414246135,1.20385599891878,68.302,1.20385599891878,26.7639136
Honduras,HND,2002,0.0,0.564,62.01500580927697,2.5974025974026,68.714,2.5974025974026,25.385037999999998
Honduras,HND,2003,0.0,0.568,63.62689248368934,4.8,68.874,4.8,26.827927499999998
Honduras,HND,2004,0.0,0.573,65.23365805702029,5.6,69.05,5.6,27.8174511
Honduras,HND,2005,0.0,0.578,66.8366699436947,6.5,69.198,6.5,28.6746335
Honduras,HND,2006,0.0,0.582,68.43178121369202,7.800000191,69.364,7.800000191,28.916600799999998
Honduras,HND,2007,0.0,0.587,70.02232549825722,9.399999619,69.539,9.399999619,29.090382499999997
Honduras,HND,2008,0.0,0.592,71.61128787201716,9.6,69.657,9.6,28.7789483
Honduras,HND,2009,0.0,0.594,73.19598713021718,9.800000191,69.823,9.800000191,27.5983405
Honduras,HND,2010,0.0,0.596,74.76877290195728,11.09,69.77,11.09,27.5740405
Honduras,HND,2011,0.119999997,0.598,76.33017249083922,15.9,70.116,15.9,28.2246925
Honduras,HND,2012,0.340000004,0.597,77.88967736169452,18.12,70.46,18.12,25.6796455
Honduras,HND,2013,0.310000002,0.601,79.44658146393779,17.8,70.765,17.8,25.466137699999997
Honduras,HND,2014,0.400000006,0.604,81.00028599517383,23.0,71.032,23.0,28.3087415
Honduras,HND,2015,0.670000017,0.61,82.55702028778265,27.1395454833776,71.323,27.1395454833776,31.435331899999998
Honduras,HND,2016,0.579999983,0.616,84.12172669586201,29.5282180796457,71.615,29.5282180796457,29.1456034
Honduras,HND,2017,0.579999983,0.618,85.69252837608366,31.7357924661485,71.805,31.7357924661485,28.686418099999997
Honduras,HND,2018,0.930000007,0.619,87.27509160782911,36.0400608231468,72.001,36.0400608231468,28.2290627
Honduras,HND,2019,0.819999993,0.632,88.8697202609706,39.3883521850111,72.124,39.3883521850111,26.434413799999998
Honduras,HND,2020,0.709999979,0.625,90.4427562784878,45.24829865,70.864,45.24829865,28.167838099999997
Honduras,HND,2021,0.769999981,0.628,91.96422379122352,51.95159912,69.492,51.95159912,25.1758094
Honduras,HND,2022,0.689999998,0.643,93.51927786218607,56.88069916,72.715,56.88069916,26.9776015
Honduras,HND,2023,0.689999998,0.645,95.13675037983734,58.0685997,72.884,58.0685997,25.602834899999998
Hong Kong,HKG,1996,0.0,0.808,6129.047619047619,4.75,79.62756097560977,4.75,76.07304069999999
Hong Kong,HKG,1998,0.0,0.823,6232.0952380952385,14.5,80.10682926829269,14.5,71.1108204
Hong Kong,HKG,2000,0.0,0.839,6347.619047619048,27.8277606812581,80.87317073170733,27.8277606812581,69.2264934
Hong Kong,HKG,2002,0.0,0.854,6422.952380952381,43.0823830278909,81.45219512195125,43.0823830278909,75.5562946
Hong Kong,HKG,2003,0.0,0.861,6410.285714285715,52.2000433497404,81.34341463414636,52.2000433497404,82.8451699
Hong Kong,HKG,2004,0.0,0.866,6460.476190476191,56.3998803935333,81.79926829268294,56.3998803935333,81.7688952
Hong Kong,HKG,2005,0.0,0.872,6488.761904761905,56.9,81.6090243902439,56.9,82.2610175
Hong Kong,HKG,2006,0.0,0.879,6530.571428571428,60.8,82.3848780487805,60.8,82.2597261
Hong Kong,HKG,2007,0.0,0.891,6586.952380952381,64.8,82.36682926829269,64.8,81.80522669999999
Hong Kong,HKG,2008,0.0,0.907,6626.476190476191,66.7,82.34048780487805,66.7,81.4176418
Hong Kong,HKG,2009,0.0,0.909,6640.761904761905,69.4,82.77512195121953,69.4,81.0289355
Hong Kong,HKG,2010,0.0,0.912,6689.714285714285,72.0,82.95756097560975,72.0,82.1274031
Hong Kong,HKG,2011,0.0,0.918,6734.857142857143,72.19999695,83.4119512195122,72.19999695,83.0505891
Hong Kong,HKG,2012,0.0,0.923,6809.619047619048,72.9,83.45024390243903,72.9,80.848045
Hong Kong,HKG,2013,0.0,0.928,6837.047619047619,74.2,83.83121951219512,74.2,78.65585039999999
Hong Kong,HKG,2014,0.0,0.932,6885.238095238095,79.8662704309064,83.93560975609756,79.8662704309064,79.7835994
Hong Kong,HKG,2015,0.0,0.937,6944.0952380952385,84.9483529634062,84.25268292682928,84.9483529634062,81.02278
Hong Kong,HKG,2016,0.0,0.94,6987.238095238095,87.47941467087,84.21146341463415,87.47941467087,82.228129
Hong Kong,HKG,2017,0.0,0.946,7041.142857142857,89.4159446487565,84.69560975609757,89.4159446487565,82.3041724
Hong Kong,HKG,2018,0.0,0.952,7097.714285714285,90.5073953294283,84.86975609756098,90.5073953294283,82.5743402
Hong Kong,HKG,2019,0.0,0.952,7150.380952380952,91.7434003891587,85.1558536585366,91.7434003891587,83.057951
Hong Kong,HKG,2020,0.0,0.95,7124.761904761905,92.41313602,85.49634146341464,92.41313602,82.03978959999999
Hong Kong,HKG,2021,0.0,0.961,7060.0952380952385,93.08715788,85.53268292682927,93.08715788,80.9404112
Hong Kong,HKG,2022,0.0,0.95,6996.285714285715,95.61357052,83.66097560975611,95.61357052,78.7925293
Hong Kong,HKG,2023,0.0,0.955,7177.238095238095,95.97781908,85.24731707317075,95.97781908,79.29841789999999
Hungary,HUN,1996,0.0,0.752,114.74780770086802,0.9690000000000001,70.32878048780489,0.9690000000000001,66.2955982
Hungary,HUN,1998,0.0,0.764,114.32706013363028,3.89,70.5578048780488,3.89,63.9085707
Hungary,HUN,2000,0.0,0.781,113.93629770140593,6.99967635062916,71.24634146341464,6.99967635062916,63.552600999999996
Hungary,HUN,2002,0.0,0.8,113.35201963847355,16.67,72.34878048780489,16.67,59.203678999999994
Hungary,HUN,2003,0.0,0.807,113.02780629323811,21.63,72.3,21.63,59.2480343
Hungary,HUN,2004,0.01,0.811,112.7777951350145,27.74,72.64878048780488,27.74,60.187526899999995
Hungary,HUN,2005,0.01,0.816,112.56628724472715,38.97,72.64878048780488,38.97,60.109222499999994
Hungary,HUN,2006,0.039999999,0.823,112.39113938176543,47.06,73.09756097560977,47.06,60.113436799999995
Hungary,HUN,2007,0.109999999,0.826,112.21716326302868,53.3,73.15121951219513,53.3,58.6477857
Hungary,HUN,2008,0.200000003,0.833,112.02084588773575,61.0,73.70243902439026,61.0,56.4892872
Hungary,HUN,2009,0.330000013,0.834,110.71081409477522,62.0,73.90487804878049,62.0,55.640373399999994
Hungary,HUN,2010,0.529999971,0.838,110.46087484811665,65.0,74.20731707317074,65.0,52.8531263
Hungary,HUN,2011,0.629999995,0.841,110.14831547553297,68.0199878861296,74.85853658536587,68.0199878861296,53.8911324
Hungary,HUN,2012,0.769999981,0.841,109.58093449685187,70.579998153838,75.06341463414634,70.579998153838,55.615215199999994
Hungary,HUN,2013,0.720000029,0.85,109.0548326521595,72.6439,75.5658536585366,72.6439,55.0234945
Hungary,HUN,2014,0.660000026,0.848,107.74751260135875,75.6531974544103,75.76341463414634,75.6531974544103,51.3497713
Hungary,HUN,2015,0.689999998,0.847,107.36089195704581,72.8347370323805,75.56829268292685,72.8347370323805,51.343972099999995
Hungary,HUN,2016,0.680000007,0.851,106.94449923296077,79.2594121273057,76.06341463414635,79.2594121273057,51.030422599999994
Hungary,HUN,2017,0.75999999,0.853,106.58290598290598,76.7505471201922,75.81707317073172,76.7505471201922,51.1081076
Hungary,HUN,2018,0.610000014,0.857,106.36603111987728,76.0743606365063,76.0658536585366,76.0743606365063,50.6715848
Hungary,HUN,2019,0.730000019,0.861,106.23300460223537,80.3716936050482,76.31951219512194,80.3716936050482,49.570419
Hungary,HUN,2020,0.649999976,0.857,105.96558185404339,84.77115202,75.41951219512197,84.77115202,50.725872599999995
Hungary,HUN,2021,0.660000026,0.852,105.53289502520272,88.64083466,74.06585365853658,88.64083466,50.511923599999996
Hungary,HUN,2022,0.610000014,0.867,105.24955073416612,89.14282688,75.86829268292684,89.14282688,48.669786099999996
Hungary,HUN,2023,0.649999976,0.87,105.1083278544817,91.4500713,76.5707317073171,91.4500713,49.5383766
Iceland,ISL,1996,0.0,0.873,2.6824538653366585,14.8,78.7778048780488,14.8,84.29674299999999
Iceland,ISL,1998,0.0,0.893,2.733635910224439,36.3,79.60243902439025,36.3,91.9345905
Iceland,ISL,2000,0.0,0.902,2.8050374064837906,44.470533824288,79.65365853658537,44.470533824288,92.28783159999999
Iceland,ISL,2002,0.0,0.917,2.8680598503740646,79.12,80.50243902439026,79.12,90.735148
Iceland,ISL,2003,0.0,0.925,2.8879900249376558,83.14,80.96341463414636,83.14,90.3862589
Iceland,ISL,2004,0.0,0.928,2.9134563591022444,83.88,80.99756097560977,83.88,87.42400339999999
Iceland,ISL,2005,0.0,0.935,2.959940149625935,87.0,81.50243902439024,87.0,94.22993199999999
Iceland,ISL,2006,0.0,0.936,3.0302443890274313,89.51,81.15853658536587,89.51,87.62610099999999
Iceland,ISL,2007,0.0,0.941,3.1078902743142143,90.6,81.45365853658538,90.6,88.2152895
Iceland,ISL,2008,0.0,0.935,3.166224438902743,91.0,81.60975609756099,91.0,90.53520619999999
Iceland,ISL,2009,0.0,0.934,3.1770473815461346,93.0,81.75121951219514,93.0,91.31038819999999
Iceland,ISL,2010,0.0,0.935,3.1724788029925186,93.39,81.89756097560975,93.39,84.9523157
Iceland,ISL,2011,0.0,0.941,3.1821845386533667,94.8196868008949,82.35853658536587,94.8196868008949,85.94220969999999
Iceland,ISL,2012,0.0,0.946,3.1991620947630923,96.2097995545657,82.91707317073171,96.2097995545657,84.78185359999999
Iceland,ISL,2013,0.0,0.95,3.22956608478803,96.5468,82.06097560975611,96.5468,85.5145486
Iceland,ISL,2014,0.01,0.954,3.2656957605985037,98.1580233097118,82.86097560975611,98.1580233097118,85.141657
Iceland,ISL,2015,0.01,0.956,3.2999002493765586,98.19999695,82.46829268292684,98.19999695,88.04242479999999
Iceland,ISL,2016,0.01,0.959,3.3460249376558604,98.23999786,82.2048780487805,98.23999786,87.7591972
Iceland,ISL,2017,0.01,0.962,3.425436408977556,98.2552011867973,82.6609756097561,98.2552011867973,85.6889375
Iceland,ISL,2018,0.0,0.966,3.4981751462858277,99.0109539916991,82.86097560975611,99.0109539916991,86.0467269
Iceland,ISL,2019,0.01,0.969,3.575949618169196,99.5049411693787,83.16341463414635,99.5049411693787,84.81763869999999
Iceland,ISL,2020,0.01,0.965,3.6344639492214617,99.5327519,83.06341463414634,99.5327519,85.14579239999999
Iceland,ISL,2021,0.01,0.967,3.694535356540712,99.68701957,83.16585365853659,99.68701957,85.47230449999999
Iceland,ISL,2022,0.01,0.964,3.7885847466031937,97.58339691,82.11951219512197,97.58339691,81.2447123
Iceland,ISL,2023,0.01,0.972,3.824883467222057,97.94860077,82.45609756097564,97.94860077,81.5038768
India,IND,1996,0.878380001,0.476,329.5041547966998,0.0463,61.027,0.0463,42.5028747
India,IND,1998,1.078999996,0.488,342.61687951325007,0.13899999999999998,61.852,0.13899999999999998,44.7207558
India,IND,2000,1.580000043,0.501,355.8207625479704,0.527532449930946,62.749,0.527532449930946,43.5820237
India,IND,2002,2.089999914,0.516,369.16590597977256,1.53787558175083,63.649,1.53787558175083,36.5907434
India,IND,2003,2.599999905,0.529,375.62449961152834,1.68648997063625,64.086,1.68648997063625,36.7714619
India,IND,2004,5.230000019,0.538,382.07834447176265,1.97613649190559,64.484,1.97613649190559,40.001508799999996
India,IND,2005,5.989999771,0.547,388.3627760082605,2.388099909,64.939,2.388099909,39.566338099999996
India,IND,2006,9.340000153,0.557,394.4850110487389,2.80549986534254,65.373,2.80549986534254,43.199189499999996
India,IND,2007,11.68000031,0.566,400.4708817801755,3.95,65.803,3.95,41.2283361
India,IND,2008,14.38000011,0.574,406.2743934965475,4.38,66.247,4.38,41.882748899999996
India,IND,2009,16.27000046,0.579,412.19187236604455,5.12,66.7,5.12,40.8663709
India,IND,2010,19.45999908,0.59,418.23144972235207,7.5,67.162,7.5,40.5309403
India,IND,2011,23.95000076,0.603,424.1992452550964,10.07,67.623,10.07,37.9223733
India,IND,2012,27.43000031,0.609,430.0682102388344,11.10000038,68.076,11.10000038,37.673582499999995
India,IND,2013,30.01000023,0.615,435.8381102452248,12.30000019,68.499,12.30000019,38.3250786
India,IND,2014,33.45000076,0.625,441.3701078639441,13.5,68.932,13.5,39.4755588
India,IND,2015,32.74000168,0.633,446.6665426696578,14.899999620000001,69.326,14.899999620000001,40.8716377
India,IND,2016,43.45000076,0.644,452.02099294024265,16.5,69.709,16.5,42.0814783
India,IND,2017,52.63000107,0.649,457.3059239402796,18.20000076,70.068,18.20000076,43.312173699999995
India,IND,2018,60.31000137,0.648,462.35156986267276,20.0813000379384,70.415,20.0813000379384,43.645308899999996
India,IND,2019,63.31000137,0.651,467.18518224533244,29.52350044,70.746,29.52350044,43.4354345
India,IND,2020,60.43000031,0.652,471.7551501922178,43.40544313,70.156,43.40544313,42.703618
India,IND,2021,68.08999634,0.647,475.6520424190852,49.2580986,67.282,49.2580986,41.767044299999995
India,IND,2022,70.05000305,0.676,479.4255368812622,55.9,71.698,55.9,41.9344499
India,IND,2023,82.11000061,0.685,483.6790100868091,60.25230026,72.003,60.25230026,41.0674847
Indonesia,IDN,1996,0.0,0.585,112.17029869119051,0.0566,65.465,0.0566,30.9800552
Indonesia,IDN,1998,0.0,0.591,115.82593441048373,0.255,65.942,0.255,22.997692699999998
Indonesia,IDN,2000,0.0,0.6,115.08687262286027,0.925563864466858,66.292,0.925563864466858,25.9953689
Indonesia,IDN,2002,0.0,0.617,118.28828097079177,2.13413573295808,66.954,2.13413573295808,20.7162451
Indonesia,IDN,2003,0.0,0.625,119.86457021207242,2.38701977959476,67.134,2.38701977959476,23.126906599999998
Indonesia,IDN,2004,0.0,0.624,121.39778558832161,2.60028587633414,65.521,2.60028587633414,24.2889306
Indonesia,IDN,2005,0.0,0.638,122.96634548039194,3.60202476259646,67.531,3.60202476259646,24.8773135
Indonesia,IDN,2006,0.0,0.646,124.6068093052587,4.76481313366657,67.664,4.76481313366657,29.6995373
Indonesia,IDN,2007,0.0,0.649,126.2636154414416,5.78627472934199,67.914,5.78627472934199,33.6208185
Indonesia,IDN,2008,0.0,0.653,127.91236892942229,7.917500019,68.085,7.917500019,37.074299499999995
Indonesia,IDN,2009,0.0,0.663,129.54331114625205,6.92,68.267,6.92,35.2967284
Indonesia,IDN,2010,0.0,0.67,131.1865935844058,10.92,68.364,10.92,34.427842399999996
Indonesia,IDN,2011,0.0,0.678,132.87217439610464,12.28,68.629,12.28,34.7956553
Indonesia,IDN,2012,0.0,0.686,134.5917271676079,14.52,68.862,14.52,32.2195861
Indonesia,IDN,2013,0.0,0.69,136.27157275106137,14.94,69.064,14.94,33.1211278
Indonesia,IDN,2014,0.0,0.693,137.88270531483303,17.1431598350566,69.292,17.1431598350566,33.3816303
Indonesia,IDN,2015,0.0,0.701,139.4389345726994,22.062742603379,69.52,22.062742603379,37.269180999999996
Indonesia,IDN,2016,0.01,0.705,140.9452676644018,25.447353701827,69.733,25.447353701827,38.0931936
Indonesia,IDN,2017,0.0,0.712,142.3935832340445,32.335806250688,69.953,32.335806250688,40.2284346
Indonesia,IDN,2018,0.189999998,0.715,143.78115268074518,39.9046386385762,70.08,39.9046386385762,41.0105675
Indonesia,IDN,2019,0.479999989,0.714,145.13268893683633,47.6906489788375,70.349,47.6906489788375,39.1944788
Indonesia,IDN,2020,0.469999999,0.71,146.3712835928691,53.72649449,68.817,53.72649449,40.8581326
Indonesia,IDN,2021,0.439999998,0.707,146.23510770862637,62.10447842,67.452,62.10447842,39.4300275
Indonesia,IDN,2022,0.360000014,0.726,147.3301752154192,66.48461277,70.925,66.48461277,40.361129999999996
Indonesia,IDN,2023,0.479999989,0.728,148.57692229226973,69.20836554,71.146,69.20836554,38.8844656
Iran,IRN,1996,0.0,0.681,38.6068542940642,0.015799999999999998,68.328,0.015799999999999998,38.9663992
Iran,IRN,1998,0.0,0.695,39.61287052727228,0.0998,69.214,0.0998,44.552099299999995
Iran,IRN,2000,0.039999999,0.71,40.77866536506299,0.934190019959829,70.166,0.934190019959829,44.4771833
Iran,IRN,2002,0.029999999,0.727,41.75650003683784,4.62617511492205,71.112,4.62617511492205,37.9716533
Iran,IRN,2003,0.029999999,0.732,42.22189886785039,6.93372195304053,70.464,6.93372195304053,37.719409399999996
Iran,IRN,2004,0.050000001,0.741,43.1348485964783,7.49,72.04,7.49,34.7800046
Iran,IRN,2005,0.07,0.746,44.100085340995605,8.100000381,72.446,8.100000381,32.2742564
Iran,IRN,2006,0.129999995,0.757,45.06050431002726,8.760000229,72.895,8.760000229,32.6822873
Iran,IRN,2007,0.140000001,0.761,45.803339964144506,9.470000267,73.299,9.470000267,32.1399579
Iran,IRN,2008,0.200000003,0.765,46.36300252953167,12.02,73.683,12.02,26.7776495
Iran,IRN,2009,0.230000004,0.771,46.94235185048749,13.80000019,74.041,13.80000019,26.6496319
Iran,IRN,2010,0.170000002,0.778,47.53360961713205,15.9,74.39,15.9,24.4424282
Iran,IRN,2011,0.209999993,0.787,48.12470713917336,19.0,74.721,19.0,28.7799725
Iran,IRN,2012,0.280000001,0.795,48.73067855300965,22.73,75.039,22.73,27.964686
Iran,IRN,2013,0.219999999,0.794,49.37172204621921,29.95,75.349,29.95,29.3382482
Iran,IRN,2014,0.200000003,0.795,50.03932132419755,39.353614505223,75.635,39.353614505223,31.3205887
Iran,IRN,2015,0.140000001,0.788,50.72531373560255,45.3349761533285,75.907,45.3349761533285,32.4788862
Iran,IRN,2016,0.159999996,0.791,51.45769051302832,53.2267716709857,76.155,53.2267716709857,34.5728163
Iran,IRN,2017,0.319999993,0.793,52.404779044684126,64.0439736249513,76.396,64.0439736249513,33.6625039
Iran,IRN,2018,0.75,0.79,53.077348536209556,70.2005650008363,76.621,70.2005650008363,28.7856927
Iran,IRN,2019,0.720000029,0.787,53.6527876733436,72.4509047672065,76.855,72.4509047672065,27.77613
Iran,IRN,2020,1.129999995,0.775,54.06683697996918,75.56986637,74.141,75.56986637,25.4997346
Iran,IRN,2021,1.129999995,0.777,54.51802033898305,78.5957366,73.752,78.5957366,25.0474517
Iran,IRN,2022,1.129999995,0.793,55.17673097072419,81.71649933,76.799,81.71649933,24.943143
Iran,IRN,2023,1.210000038,0.799,55.845119876733435,83.71050262,77.654,83.71050262,24.1493632
Iraq,IRQ,1996,0.0,0.557,49.16048425817957,,64.618,,15.0390594
Iraq,IRQ,1998,0.0,0.58,52.32274504424172,,64.405,,15.0134376
Iraq,IRQ,2000,0.0,0.592,55.843007064956446,,64.86,,14.9247473
Iraq,IRQ,2002,0.0,0.6,59.46123190891008,0.5,65.724,0.5,15.1334112
Iraq,IRQ,2003,0.0,0.582,61.28142991060201,0.6,64.834,0.6,28.4698438
Iraq,IRQ,2004,0.0,0.604,63.053885726044314,0.9,64.634,0.9,24.427793599999998
Iraq,IRQ,2005,0.0,0.609,64.9506093239134,0.899999976,64.899,0.899999976,22.6901105
Iraq,IRQ,2006,0.0,0.611,65.4286187895832,0.95234424383919,64.029,0.95234424383919,17.1412601
Iraq,IRQ,2007,0.0,0.618,64.91439056176692,0.93,64.428,0.93,16.6821943
Iraq,IRQ,2008,0.0,0.634,66.23919336031278,1.0,66.465,1.0,16.6843561
Iraq,IRQ,2009,0.0,0.644,69.20751059126911,1.06,67.834,1.06,19.4272621
Iraq,IRQ,2010,0.0,0.65,71.48039694234666,2.5,68.092,2.5,21.4148128
Iraq,IRQ,2011,0.0,0.656,74.05006446859458,5.0,68.435,5.0,22.7812844
Iraq,IRQ,2012,0.0,0.664,77.4885844538589,7.099999905,68.827,7.099999905,22.190946099999998
Iraq,IRQ,2013,0.0,0.668,81.2709362215752,9.199999809,69.047,9.199999809,22.258401
Iraq,IRQ,2014,0.0,0.671,84.1918950171378,11.6453267304545,69.679,11.6453267304545,20.373422299999998
Iraq,IRQ,2015,0.0,0.675,86.51949425054362,15.21440029,69.977,15.21440029,19.646892899999997
Iraq,IRQ,2016,0.0,0.676,88.61355867393948,19.87719917,68.683,19.87719917,19.492259699999998
Iraq,IRQ,2017,0.0,0.681,90.61233783584565,25.96920013,69.788,25.96920013,19.3847104
Iraq,IRQ,2018,0.0,0.689,92.75058047396159,33.92810059,71.116,33.92810059,17.962609
Iraq,IRQ,2019,0.0,0.693,94.88441480662475,44.3263465511579,71.245,44.3263465511579,18.6396013
Iraq,IRQ,2020,0.0,0.68,97.0138092276507,53.67779922,69.651,53.67779922,20.1393472
Iraq,IRQ,2021,0.0,0.687,99.21270356805564,65.00219727,70.704,65.00219727,20.0427829
Iraq,IRQ,2022,0.0,0.695,101.51464077580448,78.71560926,72.037,78.71560926,20.0561464
Iraq,IRQ,2023,0.0,0.695,103.82615575979545,81.80889893,72.324,81.80889893,19.1731762
Ireland,IRL,1996,0.01,0.816,52.80171287559878,2.2,75.83170731707317,2.2,86.00909589999999
Ireland,IRL,1998,0.170000002,0.855,53.893104949920165,8.1,76.18048780487807,8.1,79.9089188
Ireland,IRL,2000,0.25,0.869,55.23550587893744,17.8504672405807,76.53658536585367,17.8504672405807,73.8318292
Ireland,IRL,2002,0.389999986,0.883,57.075729423718975,25.85,77.63414634146342,25.85,76.8712798
Ireland,IRL,2003,0.460000008,0.891,58.013078821309335,34.31,78.1390243902439,34.31,77.5425478
Ireland,IRL,2004,0.670000017,0.899,59.083495427493105,36.99,78.53902439024391,36.99,72.824659
Ireland,IRL,2005,1.129999995,0.905,60.38487443750907,41.61,78.9439024390244,41.61,81.1438993
Ireland,IRL,2006,1.649999976,0.908,62.034997822615765,54.82,79.24146341463415,54.82,78.34092849999999
Ireland,IRL,2007,1.99000001,0.911,63.854579764842505,61.158324551,79.64146341463415,61.158324551,77.4357939
Ireland,IRL,2008,2.450000048,0.907,65.16974887501814,65.34,80.09512195121953,65.34,77.59896289999999
Ireland,IRL,2009,3.0,0.907,65.83502685440557,67.38,80.19024390243902,67.38,77.0533949
Ireland,IRL,2010,2.859999895,0.915,66.19473073014952,69.85,80.74390243902438,69.85,76.3549182
Ireland,IRL,2011,4.449999809,0.909,66.48401799970968,74.8899729670944,80.74634146341464,74.8899729670944,75.7926772
Ireland,IRL,2012,4.079999924,0.911,66.76633763971549,76.919992540097,80.84634146341465,76.919992540097,76.2653231
Ireland,IRL,2013,4.6199998860000004,0.915,67.11882711569169,78.2477,80.94878048780488,78.2477,79.1679187
Ireland,IRL,2014,5.21999979,0.921,67.61126433444622,83.4917223351728,81.34878048780487,83.4917223351728,80.0653514
Ireland,IRL,2015,6.679999828,0.931,68.2531136594571,83.4947916666667,81.45365853658538,83.4947916666667,80.8647544
Ireland,IRL,2016,6.25,0.936,69.13517201335462,83.5,81.65365853658537,83.5,80.9766982
Ireland,IRL,2017,7.570000172,0.941,70.07468427928582,84.1140070623844,82.15609756097562,84.1140070623844,79.3924074
Ireland,IRL,2018,8.779999733,0.944,71.09917259399042,87.0001401148942,82.2048780487805,87.0001401148942,79.29758389999999
Ireland,IRL,2019,10.18000031,0.947,72.23771229496299,87.0000552425146,82.70243902439026,87.0000552425146,78.6004371
Ireland,IRL,2020,11.73999977,0.948,73.15643779939033,91.99989097,82.45609756097564,91.99989097,80.1580961
Ireland,IRL,2021,9.93999958,0.946,74.18471476266512,93.50610352,82.25365853658538,93.50610352,80.479056
Ireland,IRL,2022,11.39000034,0.947,75.66897953258818,95.03690338,82.50975609756098,95.03690338,81.17975919999999
Ireland,IRL,2023,11.85999966,0.949,77.10172739149368,96.8660965,82.80731707317074,96.8660965,79.9561382
Israel,ISR,1996,0.0,0.817,263.03142329020335,2.17,78.1048780487805,2.17,81.6080539
Israel,ISR,1998,0.0,0.831,275.9242144177449,10.3,78.14878048780487,10.3,71.97685849999999
Israel,ISR,2000,0.0,0.839,290.6192236598891,20.8737899981674,78.95365853658538,20.8737899981674,68.4320962
Israel,ISR,2002,0.01,0.846,303.6044362292052,17.7645990630493,79.45121951219512,17.7645990630493,69.1159828
Israel,ISR,2003,0.01,0.847,309.1358595194085,19.5933936579649,79.64878048780488,19.5933936579649,68.98609689999999
Israel,ISR,2004,0.01,0.85,314.64879852125694,22.7704855254035,80.14634146341464,22.7704855254035,64.49781589999999
Israel,ISR,2005,0.01,0.858,320.24491682070243,25.19400024,80.15121951219513,25.19400024,64.2273283
Israel,ISR,2006,0.01,0.867,325.956561922366,27.8810997,80.55365853658537,27.8810997,64.89039439999999
Israel,ISR,2007,0.01,0.878,331.79759704251387,48.1280621948445,80.50487804878051,48.1280621948445,61.5017773
Israel,ISR,2008,0.01,0.878,337.74491682070243,59.39,80.95121951219512,59.39,61.8200734
Israel,ISR,2009,0.01,0.884,345.91497227356746,63.12,81.40487804878049,63.12,61.7667289
Israel,ISR,2010,0.01,0.889,352.29205175600737,67.5,81.60243902439025,67.5,61.5523124
Israel,ISR,2011,0.01,0.892,358.86321626617377,68.8738779907441,81.65609756097562,68.8738779907441,62.4767453
Israel,ISR,2012,0.01,0.893,365.54990757855825,70.8,81.7048780487805,70.8,63.154551299999994
Israel,ISR,2013,0.01,0.899,372.43530499075786,70.250311945,82.05609756097562,70.250311945,63.079157599999995
Israel,ISR,2014,0.01,0.902,379.65341959334563,75.0177531628076,82.15365853658537,75.0177531628076,62.975486599999996
Israel,ISR,2015,0.01,0.902,387.2504621072089,77.3520896572253,82.05121951219512,77.3520896572253,65.0511952
Israel,ISR,2016,0.050000001,0.905,394.91682070240296,79.6531241815281,82.40731707317074,79.6531241815281,70.3407737
Israel,ISR,2017,0.180000007,0.908,402.6478743068392,81.5811835871611,82.55121951219512,81.5811835871611,64.2294537
Israel,ISR,2018,0.180000007,0.911,410.48059149722735,83.7331569615326,82.80243902439025,83.7331569615326,62.830551099999994
Israel,ISR,2019,0.189999998,0.913,418.39186691312386,86.7878776180583,82.8048780487805,86.7878776180583,64.07142999999999
Israel,ISR,2020,0.200000003,0.912,425.83641404805917,90.12734091,82.64878048780488,90.12734091,61.887831999999996
Israel,ISR,2021,0.180000007,0.918,433.0591497227357,90.29689758,82.5,90.29689758,66.5764353
Israel,ISR,2022,0.289999992,0.921,441.65896487985214,91.85079615,82.7,91.85079615,65.8259602
Israel,ISR,2023,0.460000008,0.919,455.1293900184843,87.03842615,83.19512195121952,87.03842615,65.4911875
Germany,DEU,1990,0.07,0.834,227.51705381949418,0.126,75.08563414634146,0.126,
Germany,DEU,1991,0.219999999,0.841,229.18080944060952,0.25,75.31951219512196,0.25,
Germany,DEU,1992,0.289999992,0.849,230.93002033626442,0.435,75.81951219512196,0.435,
Germany,DEU,1993,0.670000017,0.859,232.45979319431714,0.464,75.87073170731709,0.464,
Germany,DEU,1994,1.429999948,0.865,233.27417719343472,0.923,76.27073170731707,0.923,
Germany,DEU,1995,1.710000038,0.87,233.9674906903466,1.84,76.42195121951221,1.84,
Germany,DEU,1997,3.029999971,0.881,235.02297951582867,6.71,77.07317073170732,6.71,
Germany,DEU,1999,5.53000021,0.892,235.25773110206887,20.8,77.72682926829269,20.8,
Germany,DEU,2001,10.46000004,0.904,236.02730008598454,31.650939416316,78.32926829268293,31.650939416316,
Ghana,GHA,1990,0.0,0.432,67.65688670123934,0.0,55.395,0.0,
Ghana,GHA,1991,0.0,0.438,69.38338753625736,,55.722,,
Ghana,GHA,1992,0.0,0.444,71.1297134569746,,56.055,,
Ghana,GHA,1993,0.0,0.45,72.90814362309924,,56.286,,
Ghana,GHA,1994,0.0,0.453,74.68220972136767,,56.234,,
Ghana,GHA,1995,0.0,0.459,76.46575107673377,0.000348,56.662,0.000348,
Ghana,GHA,1997,0.0,0.469,80.15715039114002,0.0275,57.241,0.0275,
Ghana,GHA,1999,0.0,0.48,84.16042893557177,0.105,57.835,0.105,
Ghana,GHA,2001,0.0,0.486,88.63087369253758,0.200008060324831,58.403,0.200008060324831,
Greece,GRC,1990,0.0,0.77,79.10622187742436,0.0,76.93902439024392,0.0,
Greece,GRC,1991,0.0,0.78,80.06149728471684,0.048799999999999996,77.13658536585366,0.048799999999999996,
Greece,GRC,1992,0.01,0.782,80.6754150504267,0.048299999999999996,77.3829268292683,0.048299999999999996,
Greece,GRC,1993,0.050000001,0.784,81.15139643134212,0.191,77.39024390243904,0.191,
Greece,GRC,1994,0.039999999,0.79,81.55874321179209,0.378,77.63902439024392,0.378,
Greece,GRC,1995,0.029999999,0.792,81.94067494181536,0.75,77.58536585365854,0.75,
Greece,GRC,1997,0.039999999,0.803,82.70953452288596,1.85,78.13658536585366,1.85,
Greece,GRC,1999,0.159999996,0.816,83.48873545384019,6.88,77.98780487804879,6.88,
Greece,GRC,2001,0.75999999,0.837,84.26789759503491,10.9350258080278,78.38780487804878,10.9350258080278,
Grenada,GRD,1990,0.0,,293.99117647058824,0.0,70.546,0.0,
Grenada,GRD,1991,0.0,,296.45,0.0,70.823,0.0,
Grenada,GRD,1992,0.0,,298.82941176470587,0.0,71.125,0.0,
Grenada,GRD,1993,0.0,,301.1235294117647,0.0,71.45,0.0,
Grenada,GRD,1994,0.0,,303.34705882352944,0.0,71.78,0.0,
Grenada,GRD,1995,0.0,,305.4970588235294,0.0,72.094,0.0,
Grenada,GRD,1997,0.0,,309.68529411764706,0.991,72.6,0.991,
Grenada,GRD,1999,0.0,,313.90294117647056,2.47,72.873,2.47,
Grenada,GRD,2001,0.0,,317.6088235294118,5.12810398216998,73.034,5.12810398216998,
Guatemala,GTM,1990,0.0,0.499,84.21773982829414,0.0,61.767,0.0,
Guatemala,GTM,1991,0.0,0.503,86.53027248973497,,61.926,,
Guatemala,GTM,1992,0.0,0.506,88.86026502426279,,61.992,,
Guatemala,GTM,1993,0.0,0.51,91.26316722657708,,62.442,,
Guatemala,GTM,1994,0.0,0.515,93.72637178051512,,63.026,,
Guatemala,GTM,1995,0.0,0.522,96.23923105636432,0.003,63.662,0.003,
Guatemala,GTM,1997,0.0,0.539,101.32282568122434,0.0955,65.249,0.0955,
Guatemala,GTM,1999,0.0,0.556,106.59728443449048,0.5930000000000001,66.634,0.5930000000000001,
Guatemala,GTM,2001,0.0,0.567,111.69673385591639,1.7382017815873,67.436,1.7382017815873,
Guinea,GIN,1990,0.0,0.282,26.185796841933907,0.0,47.252,0.0,
Guinea,GIN,1991,0.0,0.287,27.255274295946606,,47.781,,
Guinea,GIN,1992,0.0,0.293,28.13920722773889,,48.266,,
Guinea,GIN,1993,0.0,0.3,29.009348038417713,,48.819,,
Guinea,GIN,1994,0.0,0.307,29.89218215855445,0.000138,49.188,0.000138,
Guinea,GIN,1995,0.0,0.314,30.73925199413967,0.000669,49.836,0.000669,
Guinea,GIN,1997,0.0,0.332,32.27808074230832,0.0038000000000000004,51.113,0.0038000000000000004,
Guinea,GIN,1999,0.0,0.351,33.63634624776168,0.06080000000000001,51.987,0.06080000000000001,
Guinea,GIN,2001,0.0,0.366,34.75484291062998,0.175541868491054,52.669,0.175541868491054,
Guinea-Bissau,GNB,1990,0.0,,34.62549786628734,0.0,46.89,0.0,
Guinea-Bissau,GNB,1991,0.0,,35.37123044096728,,47.201,,
Guinea-Bissau,GNB,1992,0.0,,36.42802275960171,,47.518,,
Guinea-Bissau,GNB,1993,0.0,,37.65096017069701,,47.84,,
Guinea-Bissau,GNB,1994,0.0,,38.83467283072546,,47.775,,
Guinea-Bissau,GNB,1995,0.0,,39.8274893314367,,48.531,,
Guinea-Bissau,GNB,1997,0.0,,41.44896870554765,0.0164,48.033,0.0164,
Guinea-Bissau,GNB,1999,0.0,,43.03719772403983,0.11800000000000001,48.492,0.11800000000000001,
Guinea-Bissau,GNB,2001,0.0,,44.85323613086771,0.299569144677667,51.054,0.299569144677667,
Guyana,GUY,1990,0.0,0.494,3.8094691389382778,0.0,62.254,0.0,
Guyana,GUY,1991,0.0,0.491,3.7991414782829565,,62.463,,
Guyana,GUY,1992,0.0,0.507,3.8095554991109983,,62.816,,
Guyana,GUY,1993,0.0,0.521,3.8250698501397005,,63.016,,
Guyana,GUY,1994,0.0,0.531,3.839583439166878,,63.007,,
Guyana,GUY,1995,0.0,0.536,3.8526187452374905,,62.668,,
Guyana,GUY,1997,0.0,0.552,3.872212344424689,0.132,62.879,0.132,
Guyana,GUY,1999,0.0,0.562,3.8835814071628145,0.4,63.772,0.4,
Guyana,GUY,2001,0.0,0.575,3.883550927101854,1.0,64.38,1.0,
Haiti,HTI,1990,0.0,0.461,248.70976052249637,0.0,53.215,0.0,
Haiti,HTI,1991,0.0,0.464,253.82619738751814,,53.524,,
Haiti,HTI,1992,0.0,0.466,258.94669811320756,,54.041,,
Haiti,HTI,1993,0.0,0.467,264.0849419448476,,54.478,,
Haiti,HTI,1994,0.0,0.463,269.2224600870827,,54.731,,
Haiti,HTI,1995,0.0,0.473,274.40297532656024,,55.582,,
Haiti,HTI,1997,0.0,0.484,284.9890420899855,,56.675,,
Haiti,HTI,1999,0.0,0.493,295.7654571843251,0.0707,57.692,0.0707,
Haiti,HTI,2001,0.0,0.5,306.81850507982585,0.340832326173809,58.591,0.340832326173809,
Honduras,HND,1990,0.0,0.516,44.51236035391903,0.0,65.183,0.0,
Honduras,HND,1991,0.0,0.519,45.79311824112968,,65.584,,
Honduras,HND,1992,0.0,0.523,47.11261953704531,,65.908,,
Honduras,HND,1993,0.0,0.529,48.469470015193494,,66.074,,
Honduras,HND,1994,0.0,0.532,49.8636339261775,,66.523,,
Honduras,HND,1995,0.0,0.537,51.29714004826169,0.0368,66.919,0.0368,
Honduras,HND,1997,0.0,0.547,54.262704441862546,0.17099999999999999,67.542,0.17099999999999999,
Honduras,HND,1999,0.0,0.552,57.203172758959695,0.5740000000000001,68.005,0.5740000000000001,
Honduras,HND,2001,0.0,0.561,60.3985432120833,1.41528193123711,68.491,1.41528193123711,
Hong Kong,HKG,1990,0.0,0.755,5762.121212121212,0.0,77.37073170731709,0.0,
Hong Kong,HKG,1991,0.0,0.764,5810.10101010101,0.121,77.8729268292683,0.121,
Hong Kong,HKG,1992,0.0,0.773,5859.090909090909,0.85,77.67341463414635,0.85,
Hong Kong,HKG,1993,0.0,0.784,5960.606060606061,1.33,78.01609756097561,1.33,
Hong Kong,HKG,1994,0.0,0.793,6096.363636363636,2.78,78.54365853658537,2.78,
Hong Kong,HKG,1995,0.0,0.8,5862.952380952381,3.22,78.67878048780487,3.22,
Hong Kong,HKG,1997,0.0,0.817,6180.285714285715,10.5,80.11219512195123,10.5,
Hong Kong,HKG,1999,0.0,0.83,6291.9047619047615,21.2,80.37268292682928,21.2,
Hong Kong,HKG,2001,0.0,0.847,6394.571428571428,38.6714032309569,81.41926829268293,38.6714032309569,
Hungary,HUN,1990,0.0,0.73,115.43327027929232,0.0,69.31560975609757,0.0,
Hungary,HUN,1991,0.0,0.724,115.42672749527095,0.00338,69.37707317073172,0.00338,
Hungary,HUN,1992,0.0,0.722,115.38156225659286,0.0484,69.11707317073171,0.0484,
Hungary,HUN,1993,0.0,0.729,115.26288671266414,0.193,69.10121951219513,0.193,
Hungary,HUN,1994,0.0,0.739,115.1052192299132,0.484,69.46975609756099,0.484,
Hungary,HUN,1995,0.0,0.744,114.94508123748052,0.677,69.79170731707318,0.677,
Hungary,HUN,1997,0.0,0.758,114.59338530066815,1.94,70.70243902439024,1.94,
Hungary,HUN,1999,0.0,0.771,114.00367483296213,5.86,70.6770731707317,5.86,
Hungary,HUN,2001,0.0,0.791,113.67525106003124,14.5285543028277,72.2487804878049,14.5285543028277,
Iceland,ISL,1990,0.0,0.841,2.5419052369077306,0.0,78.03634146341463,0.0,
Iceland,ISL,1991,0.0,0.853,2.5715411471321694,0.505,77.9919512195122,0.505,
Iceland,ISL,1992,0.0,0.86,2.604059850374065,1.54,78.76024390243903,1.54,
Iceland,ISL,1993,0.0,0.863,2.6306733167082292,2.67,78.93463414634148,2.67,
Iceland,ISL,1994,0.0,0.868,2.653576059850374,6.79,79.24707317073171,6.79,
Iceland,ISL,1995,0.0,0.863,2.6680099750623443,11.2,77.98439024390244,11.2,
Iceland,ISL,1997,0.0,0.881,2.704518703241895,27.5,78.88536585365853,27.5,
Iceland,ISL,1999,0.0,0.895,2.7668927680798006,41.3,79.35121951219514,41.3,
Iceland,ISL,2001,0.0,0.91,2.842573566084788,49.3929953676426,80.69024390243904,49.3929953676426,
India,IND,1990,0.030303031,0.446,290.9239641597072,0.0,58.618,0.0,
India,IND,1991,0.112910002,0.448,297.2993989620576,,59.032,,
India,IND,1992,0.088469997,0.453,303.6997534634517,0.000111,59.445,0.000111,
India,IND,1993,0.094769999,0.458,310.14445326400266,0.00021799999999999999,59.823,0.00021799999999999999,
India,IND,1994,0.191280007,0.463,316.55015892021703,0.00107,60.237,0.00107,
India,IND,1995,0.496470004,0.469,322.98677312919796,0.0262,60.63,0.0262,
India,IND,1997,0.987999976,0.482,336.04773391542415,0.0708,61.439,0.0708,
India,IND,1999,1.44599998,0.496,349.1959218886112,0.27299999999999996,62.284,0.27299999999999996,
India,IND,2001,2.089999914,0.511,362.53941894059915,0.660146377009928,63.158,0.660146377009928,
Indonesia,IDN,1990,0.0,0.531,101.29395938329736,0.0,63.249,0.0,
Indonesia,IDN,1991,0.0,0.538,103.10296483161015,,63.703,,
Indonesia,IDN,1992,0.0,0.545,104.9055482261243,,64.182,,
Indonesia,IDN,1993,0.0,0.555,106.70587832653445,,64.851,,
Indonesia,IDN,1994,0.0,0.565,108.5201388850555,0.00106,65.041,0.00106,
Indonesia,IDN,1995,0.0,0.575,110.3396816021462,0.0261,65.263,0.0261,
Indonesia,IDN,1997,0.0,0.595,114.00944760622002,0.195,65.774,0.195,
Indonesia,IDN,1999,0.0,0.595,117.58014760677203,0.44400000000000006,66.001,0.44400000000000006,
Indonesia,IDN,2001,0.0,0.608,116.69543796893666,2.01861385948459,66.583,2.01861385948459,
Iran,IRN,1990,0.0,0.626,35.843274638375206,0.0,64.066,0.0,
Iran,IRN,1991,0.0,0.645,36.82981593359366,,66.233,,
Iran,IRN,1992,0.0,0.652,37.56537672830865,,66.653,,
Iran,IRN,1993,0.0,0.658,37.69956469952602,,67.037,,
Iran,IRN,1994,0.0,0.664,37.77143225521255,0.000408,67.49,0.000408,
Iran,IRN,1995,0.0,0.672,38.19197856037722,0.00418,67.904,0.00418,
Iran,IRN,1997,0.0,0.687,39.07244652373585,0.0468,68.649,0.0468,
Iran,IRN,1999,0.035,0.703,40.18111385348363,0.379,69.686,0.379,
Iran,IRN,2001,0.029999999,0.719,41.413102605663205,1.48422133163363,70.619,1.48422133163363,
Iraq,IRQ,1990,0.0,0.531,40.19755813155909,0.0,57.587,0.0,
Iraq,IRQ,1991,0.0,0.504,40.622934814916434,,61.338,,
Iraq,IRQ,1992,0.0,0.532,41.84293618675264,,65.344,,
Iraq,IRQ,1993,0.0,0.55,43.901490728673664,,65.31,,
Iraq,IRQ,1994,0.0,0.547,46.04752726524453,,65.027,,
Iraq,IRQ,1995,0.0,0.538,47.61611450259506,,64.761,,
Iraq,IRQ,1997,0.0,0.565,50.70442188536022,,64.241,,
Iraq,IRQ,1999,0.0,0.589,54.0424057434209,,64.532,,
Iraq,IRQ,2001,0.0,0.598,57.61218190548048,0.1,65.292,0.1,
Ireland,IRL,1990,0.0,0.776,51.008477282624476,0.0,74.84607317073171,0.0,
Ireland,IRL,1991,0.0,0.78,51.30258382929308,0.0568,75.025,0.0568,
Ireland,IRL,1992,0.01,0.787,51.65379590651764,0.17,75.41509756097562,0.17,
Ireland,IRL,1993,0.02,0.794,51.91262882856728,0.281,75.29219512195122,0.281,
Ireland,IRL,1994,0.02,0.805,52.117665844099285,0.5579999999999999,75.78663414634148,0.5579999999999999,
Ireland,IRL,1995,0.02,0.809,52.3855566845696,1.11,75.46931707317074,1.11,
Ireland,IRL,1997,0.050000001,0.823,53.333880098708086,4.09,75.98536585365855,4.09,
Ireland,IRL,1999,0.189999998,0.858,54.504078966468285,10.9,76.08292682926832,10.9,
Ireland,IRL,2001,0.340000004,0.876,56.12197706488605,23.1388121904053,77.13414634146342,23.1388121904053,
Israel,ISR,1990,0.0,0.787,215.34195933456562,0.11100000000000002,76.60731707317075,0.11100000000000002,
Israel,ISR,1991,0.0,0.791,228.69685767097965,0.215,76.75853658536587,0.215,
Israel,ISR,1992,0.0,0.794,236.73752310536045,0.311,76.5048780487805,0.311,
Israel,ISR,1993,0.0,0.801,243.11460258780036,0.39899999999999997,77.15365853658537,0.39899999999999997,
Israel,ISR,1994,0.0,0.806,249.4916820702403,0.577,77.40243902439026,0.577,
Israel,ISR,1995,0.0,0.81,256.2384473197782,0.93,77.45121951219514,0.93,
Israel,ISR,1997,0.0,0.824,269.68576709796673,4.4,78.0,4.4,
Israel,ISR,1999,0.0,0.839,283.0406654343808,13.4,78.65853658536587,13.4,
Israel,ISR,2001,0.01,0.841,297.550831792976,17.3786238639049,79.40731707317074,17.3786238639049,
Germany,DEU,1960,,,,,69.0640731707317,,
Germany,DEU,1961,,,210.1728066909174,,69.64487804878048,,
Germany,DEU,1962,,,212.02928422077736,,69.79921951219512,,
Germany,DEU,1963,,,214.00152665196345,,69.91407317073171,,
Germany,DEU,1964,,,215.73149543150117,,70.43556097560976,,
Germany,DEU,1965,0.0,,217.579970211669,,70.41036585365855,,
Germany,DEU,1966,0.0,,219.40340560822617,,70.52158536585367,,
Germany,DEU,1967,0.0,,220.40883338584482,,70.73173170731707,,
Germany,DEU,1968,0.0,,221.3912124423567,,70.37846341463415,,
Germany,DEU,1969,0.0,,223.15378798728267,,70.22880487804878,,
Germany,DEU,1970,0.0,,223.89737060693724,,70.44719512195122,,
Germany,DEU,1971,0.0,,224.30854409532265,,70.67675609756098,,
Germany,DEU,1972,0.0,,225.38438976885402,,70.90670731707318,,
Germany,DEU,1973,0.0,,226.09533984475698,,71.11280487804879,,
Germany,DEU,1974,0.0,,226.18346461203564,,71.4189268292683,,
Germany,DEU,1975,0.0,,225.34171798470484,,71.25924390243904,,
Germany,DEU,1976,0.0,,224.37759573797726,,71.71221951219512,,
Germany,DEU,1977,0.0,,223.870231718844,,72.30731707317074,,
Germany,DEU,1978,0.0,,223.6754790479191,,72.29041463414636,,
Germany,DEU,1979,0.0,,223.774382035345,,72.63017073170732,,
Germany,DEU,1980,0.0,,224.23903989917795,,72.80031707317075,,
Germany,DEU,1981,0.0,,224.58083521897288,,73.04021951219512,,
Germany,DEU,1982,0.0,,224.36733022083465,,73.33314634146342,,
Germany,DEU,1983,0.0,,223.7799157906797,,73.62214634146343,,
Germany,DEU,1984,0.0,,223.00771918769513,,74.07229268292684,,
Germany,DEU,1985,0.0,,222.5098759774296,,74.18909756097561,,
Germany,DEU,1986,0.001,,222.61173774811675,,74.3968292682927,,
Germany,DEU,1987,0.002,,222.9539713000888,,74.80702439024391,,
Germany,DEU,1988,0.008,,223.82670924870393,,74.99873170731708,,
Germany,DEU,1989,0.026000001,,225.56435425199783,,75.19153658536587,,
Germany,DEU,2025,136.0299988,,,,,,
Ghana,GHA,1960,0.0,,,,46.942,,
Ghana,GHA,1961,0.0,,31.478715830183702,,47.127,,
Ghana,GHA,1962,0.0,,32.24652808297442,,47.335,,
Ghana,GHA,1963,0.0,,33.025903137909815,,47.476,,
Ghana,GHA,1964,0.0,,33.82147754241013,,47.637,,
Ghana,GHA,1965,0.0,,34.642726553573,,47.689,,
Ghana,GHA,1966,0.0,,35.48616067504614,,47.708,,
Ghana,GHA,1967,0.0,,36.35366528961941,,47.734,,
Ghana,GHA,1968,0.0,,37.2494023028918,,47.758,,
Ghana,GHA,1969,0.0,,38.192770501889775,,47.895,,
Ghana,GHA,1970,0.0,,39.22744572382878,,47.888,,
Ghana,GHA,1971,0.0,,40.328135712402215,,47.949,,
Ghana,GHA,1972,0.0,,41.47924320998506,,48.274,,
Ghana,GHA,1973,0.0,,42.69410653071987,,48.577,,
Ghana,GHA,1974,0.0,,43.95061527643491,,48.918,,
Ghana,GHA,1975,0.0,,45.241750900940495,,49.323,,
Ghana,GHA,1976,0.0,,46.56285927748967,,49.732,,
Ghana,GHA,1977,0.0,,47.955836336468316,,50.079,,
Ghana,GHA,1978,0.0,,49.43504438779995,,50.461,,
Ghana,GHA,1979,0.0,,50.967983651226156,,50.787,,
Ghana,GHA,1980,0.0,,52.48065395095368,,51.059,,
Ghana,GHA,1981,0.0,,53.97605695701855,,51.313,,
Ghana,GHA,1982,0.0,,55.5674562714248,,51.425,,
Ghana,GHA,1983,0.0,,57.26393601125077,,51.78,,
Ghana,GHA,1984,0.0,,58.76149248483783,,52.232,,
Ghana,GHA,1985,0.0,,60.03880196888459,,52.732,,
Ghana,GHA,1986,0.0,,61.374778061000264,,53.276,,
Ghana,GHA,1987,0.0,,62.79822448800211,,53.818,,
Ghana,GHA,1988,0.0,,64.32525270282149,,54.396,,
Ghana,GHA,1989,0.0,,65.95241715742287,,54.936,,
Gibraltar,GIB,1980,0.0,,2867.5,,73.755,,
Gibraltar,GIB,1981,0.0,,2874.0,,73.999,,
Gibraltar,GIB,1982,0.0,,2876.5,,74.325,,
Gibraltar,GIB,1983,0.0,,2873.3,,74.613,,
Gibraltar,GIB,1984,0.0,,2864.3,,74.935,,
Gibraltar,GIB,1985,0.0,,2851.2,,75.232,,
Gibraltar,GIB,1986,0.0,,2832.8,,75.557,,
Gibraltar,GIB,1987,0.0,,2809.6,,75.871,,
Gibraltar,GIB,1988,0.0,,2783.9,,76.18,,
Gibraltar,GIB,1989,0.0,,2754.4,,76.474,,
Gibraltar,GIB,1990,0.0,,2720.0,0.0,76.814,0.0,
Gibraltar,GIB,1991,0.0,,2689.8,,77.118,,
Gibraltar,GIB,1992,0.0,,2687.8,,77.412,,
Gibraltar,GIB,1993,0.0,,2707.0,,77.722,,
Gibraltar,GIB,1994,0.0,,2723.9,,78.052,,
Gibraltar,GIB,1995,0.0,,2737.7,,78.345,,
Gibraltar,GIB,1996,0.0,,2748.7,,78.696,,
Gibraltar,GIB,1997,0.0,,2758.2,2.66,79.097,2.66,
Gibraltar,GIB,1998,0.0,,2765.0,4.18,79.477,4.18,
Gibraltar,GIB,1999,0.0,,2769.2,5.94,79.812,5.94,
Gibraltar,GIB,2000,0.0,,2770.9,19.1316381248919,80.145,19.1316381248919,
Gibraltar,GIB,2001,0.0,,2765.7,21.171109436031,80.419,21.171109436031,
Gibraltar,GIB,2002,0.0,,2783.1,23.670239745714,80.59,23.670239745714,
Gibraltar,GIB,2003,0.0,,2827.4,28.3257797920554,80.713,28.3257797920554,
Gibraltar,GIB,2004,0.0,,2871.5,32.8860826098395,80.856,32.8860826098395,
Gibraltar,GIB,2005,0.0,,2916.3,39.0701308849385,80.991,39.0701308849385,
Gibraltar,GIB,2006,0.0,,2959.4,45.29864751181,81.103,45.29864751181,
Gibraltar,GIB,2007,0.0,,3000.6,51.61,81.269,51.61,
Gibraltar,GIB,2008,0.0,,3041.3,58.0,81.541,58.0,
Gibraltar,GIB,2009,0.0,,3082.3,65.07,81.807,65.07,
Gibraltar,GIB,2010,0.0,,3124.8,65.0,82.08,65.0,
Gibraltar,GIB,2011,0.0,,3166.0,65.0,82.333,65.0,
Gibraltar,GIB,2012,0.0,,3202.9,65.017,82.527,65.017,
Gibraltar,GIB,2013,0.0,,3240.7,,82.586,,
Gibraltar,GIB,2014,0.0,,3281.3,,82.644,,
Gibraltar,GIB,2015,0.0,,3319.3,,82.668,,
Gibraltar,GIB,2016,0.0,,3365.8,94.4444715818151,82.741,94.4444715818151,
Gibraltar,GIB,2017,0.0,,3424.5,,82.858,,
Gibraltar,GIB,2018,0.0,,3485.4,,83.028,,
Gibraltar,GIB,2019,0.0,,3549.4,,83.183,,
Gibraltar,GIB,2020,0.0,,3617.3,,83.07,,
Gibraltar,GIB,2021,0.0,,3685.8,,80.274,,
Gibraltar,GIB,2022,0.0,,3760.9,,83.517,,
Gibraltar,GIB,2023,0.0,,3847.1,,83.553,,
Gibraltar,GIB,2024,0.0,,,,83.63,,
Greece,GRC,1960,,,,,70.43431707317075,,
Greece,GRC,1961,,,65.15166795965865,,70.28302439024391,,
Greece,GRC,1962,,,65.54098525989139,,70.22460975609756,,
Greece,GRC,1963,,,65.78452288595811,,70.5639756097561,,
Greece,GRC,1964,,,66.02349883630721,,70.45817073170733,,
Greece,GRC,1965,0.0,,66.33307214895268,,71.39168292682929,,
Greece,GRC,1966,0.0,,66.82429014740109,,71.80051219512197,,
Greece,GRC,1967,0.0,,67.37073700543057,,71.307,,
Greece,GRC,1968,0.0,,67.81043444530644,,71.40373170731708,,
Greece,GRC,1969,0.0,,68.05868114817689,,71.9788780487805,,
Greece,GRC,1970,0.0,,68.21416602017068,,72.68078048780488,,
Greece,GRC,1971,0.0,,68.51075252133437,,72.86717073170732,,
Greece,GRC,1972,0.0,,68.95754848719938,,72.65624390243903,,
Greece,GRC,1973,0.0,,69.27141970519783,,72.90592682926831,,
Greece,GRC,1974,0.0,,69.52693560899922,,73.39436585365854,,
Greece,GRC,1975,0.0,,70.18262994569433,,73.40117073170732,,
Greece,GRC,1976,0.0,,71.2812257564003,,73.67912195121951,,
Greece,GRC,1977,0.0,,72.21473235065943,,73.68034146341465,,
Greece,GRC,1978,0.0,,73.15716834755625,,74.36317073170733,,
Greece,GRC,1979,0.0,,74.07492629945695,,74.59282926829269,,
Greece,GRC,1980,0.0,,74.80608999224205,,74.50656097560976,,
Greece,GRC,1981,0.0,,75.47982932505819,,74.91568292682928,,
Greece,GRC,1982,0.0,,75.9465709852599,,75.20268292682928,,
Greece,GRC,1983,0.0,,76.38965865011637,,75.48041463414634,,
Greece,GRC,1984,0.0,,76.7711481768813,,75.75760975609757,,
Greece,GRC,1985,0.0,,77.06982156710629,,76.0950487804878,,
Greece,GRC,1986,0.0,,77.32515903801396,,76.48821951219514,,
Greece,GRC,1987,0.001,,77.58413498836308,,76.05585365853658,,
Greece,GRC,1988,0.001,,77.86643134212568,,76.94819512195123,,
Greece,GRC,1989,0.001,,78.27384018619084,,76.6878048780488,,
Greece,GRC,2025,11.90999985,,,,,,
Greenland,GRL,1960,0.0,,,,58.55224390243903,,
Greenland,GRL,1961,0.0,,0.09862452443664033,,59.42612195121952,,
Greenland,GRL,1962,0.0,,0.10242903131401815,,60.02912195121952,,
Greenland,GRL,1963,0.0,,0.10652619256657887,,60.45353658536587,,
Greenland,GRL,1964,0.0,,0.11003804506877378,,60.90836585365855,,
Greenland,GRL,1965,0.0,,0.11472051507170032,,61.421390243902444,,
Greenland,GRL,1966,0.0,,0.11852502194907814,,61.801829268292686,,
Greenland,GRL,1967,0.0,,0.12262218320163887,,62.33634146341464,,
Greenland,GRL,1968,0.0,,0.1270119988293825,,62.75963414634147,,
Greenland,GRL,1969,0.0,,0.13140181445712612,,63.12160975609757,,
Greenland,GRL,1970,0.0,,0.13579163008486977,,63.11565853658537,,
Greenland,GRL,1971,0.0,,0.13813286508633305,,63.0539756097561,,
Greenland,GRL,1972,0.0,,0.14135206321334504,,62.79736585365854,,
Greenland,GRL,1973,0.0,,0.1434006438396254,,62.44748780487805,,
Greenland,GRL,1974,0.0,,0.14486391571553994,,62.025512195121955,,
Greenland,GRL,1975,0.0,,0.14515657009072286,,61.83202439024391,,
Greenland,GRL,1976,0.0,,0.14544922446590577,,61.80582926829269,,
Greenland,GRL,1977,0.0,,0.14457126134035703,,61.8398780487805,,
Greenland,GRL,1978,0.0,,0.14398595258999122,,63.41463414634147,,
Greenland,GRL,1979,0.0,,0.14515657009072286,,63.9548780487805,,
Greenland,GRL,1980,0.0,,0.1469124963418203,,63.449756097560986,,
Greenland,GRL,1981,0.0,,0.14925373134328357,,63.074878048780484,,
Greenland,GRL,1982,0.0,,0.15071700321919812,,63.192682926829285,,
Greenland,GRL,1983,0.0,,0.1524729294702956,,63.3,,
Greenland,GRL,1984,0.0,,0.15422885572139303,,63.46658536585367,,
Greenland,GRL,1985,0.0,,0.15569212759730758,,63.833658536585375,,
Greenland,GRL,1986,0.0,,0.1565700907228563,,64.24878048780488,,
Greenland,GRL,1987,0.0,,0.15832601697395376,,64.65414634146342,,
Greenland,GRL,1988,0.0,,0.16037459760023412,,64.58243902439025,,
Greenland,GRL,1989,0.0,,0.16183786947614867,,64.66756097560977,,
Greenland,GRL,1990,0.0,,0.1627158326016974,0.0,65.06829268292682,0.0,
Greenland,GRL,1991,0.0,,0.16242317822651448,,65.03170731707317,,
Greenland,GRL,1992,0.0,,0.16183786947614867,,65.1960975609756,,
Greenland,GRL,1993,0.0,,0.16154521510096576,,65.58536585365853,,
Greenland,GRL,1994,0.0,,0.16242317822651448,0.06470000000000001,65.9009756097561,0.06470000000000001,
Greenland,GRL,1995,0.0,,0.16330114135206322,0.053899999999999997,65.64414634146341,0.053899999999999997,
Greenland,GRL,1996,0.0,,0.1635937957272461,1.8,65.76731707317074,1.8,
Greenland,GRL,1997,0.0,,0.13643561944207577,7.95,65.7980487804878,7.95,
Greenland,GRL,1998,0.0,,0.13667925447679377,14.7,66.15707317073172,14.7,
Greenland,GRL,1999,0.0,,0.13667925447679377,21.6,65.83365853658538,21.6,
Greenland,GRL,2000,0.0,,0.13688634425630405,31.7478112321162,64.80341463414635,31.7478112321162,
Greenland,GRL,2001,0.0,,0.13735899622365697,35.4641368915684,65.0058536585366,35.4641368915684,
Greenland,GRL,2002,0.0,,0.13788524789864784,44.154789028418,65.41951219512197,44.154789028418,
Greenland,GRL,2003,0.0,,0.13826531855280788,54.5342598293605,66.1229268292683,54.5342598293605,
Greenland,GRL,2004,0.0,,0.13862346205384335,56.0990147610533,66.80804878048781,56.0990147610533,
Greenland,GRL,2005,0.0,,0.138713607016689,57.7034045008656,67.30512195121952,57.7034045008656,
Greenland,GRL,2006,0.0,,0.13832379096114022,59.361687268664,67.8180487804878,59.361687268664,
Greenland,GRL,2007,0.0,,0.13778779388476062,61.07,68.2739024390244,61.07,
Greenland,GRL,2008,0.0,,0.1372347423559508,62.82,68.5660975609756,62.82,
Grenada,GRD,1980,0.0,,278.0529411764706,,68.117,,
Grenada,GRD,1981,0.0,,276.6235294117647,,68.348,,
Grenada,GRD,1982,0.0,,277.59705882352944,,68.597,,
Grenada,GRD,1983,0.0,,279.25882352941176,,64.333,,
Grenada,GRD,1984,0.0,,280.8764705882353,,69.095,,
Grenada,GRD,1985,0.0,,282.6794117647059,,69.338,,
Grenada,GRD,1986,0.0,,284.6764705882353,,69.574,,
Grenada,GRD,1987,0.0,,286.8411764705882,,69.808,,
Grenada,GRD,1988,0.0,,289.1411764705882,,70.045,,
Grenada,GRD,1989,0.0,,291.5323529411765,,70.289,,
Guam,GUM,1980,0.0,,203.96481481481482,,70.674,,
Guam,GUM,1981,0.0,,209.07777777777778,,71.18,,
Guam,GUM,1982,0.0,,214.27962962962962,,71.681,,
Guam,GUM,1983,0.0,,219.45925925925926,,72.141,,
Guam,GUM,1984,0.0,,224.63333333333333,,72.589,,
Guam,GUM,1985,0.0,,229.8462962962963,,73.07,,
Guam,GUM,1986,0.0,,235.12037037037038,,73.324,,
Guam,GUM,1987,0.0,,240.4777777777778,,73.468,,
Guam,GUM,1988,0.0,,245.92407407407407,,73.429,,
Guam,GUM,1989,0.0,,251.47962962962964,,73.503,,
Guam,GUM,1990,0.0,,256.68518518518516,0.0,73.455,0.0,
Guam,GUM,1991,0.0,,261.2462962962963,,73.518,,
Guam,GUM,1992,0.0,,265.5425925925926,,73.632,,
Guam,GUM,1993,0.0,,269.72962962962964,,74.004,,
Guam,GUM,1994,0.0,,273.8296296296296,0.348,74.344,0.348,
Guam,GUM,1995,0.0,,277.8777777777778,0.66,74.511,0.66,
Guam,GUM,1996,0.0,,281.7944444444444,1.36,74.638,1.36,
Guam,GUM,1997,0.0,,285.5833333333333,2.34,74.7,2.34,
Guam,GUM,1998,0.0,,289.3277777777778,4.5,74.753,4.5,
Guam,GUM,1999,0.0,,293.1277777777778,8.5,74.789,8.5,
Guam,GUM,2000,0.0,,296.4166666666667,16.1131270423389,74.894,16.1131270423389,
Guam,GUM,2001,0.0,,298.7574074074074,25.3802275337398,75.195,25.3802275337398,
Guam,GUM,2002,0.0,,300.5833333333333,31.1922942556271,75.506,31.1922942556271,
Guam,GUM,2003,0.0,,302.10555555555555,33.7166817880876,75.885,33.7166817880876,
Guatemala,GTM,1960,0.0,,,,45.76,,
Guatemala,GTM,1961,0.0,,39.06495893990295,,46.12,,
Guatemala,GTM,1962,0.0,,40.239305711086224,,46.492,,
Guatemala,GTM,1963,0.0,,41.435834266517354,,46.622,,
Guatemala,GTM,1964,0.0,,42.656858902575586,,47.055,,
Guatemala,GTM,1965,0.0,,43.905981709593135,,47.185,,
Guatemala,GTM,1966,0.0,,45.17504665920119,,47.511,,
Guatemala,GTM,1967,0.0,,46.46194475550578,,47.727,,
Guatemala,GTM,1968,0.0,,47.76139417693169,,47.758,,
Guatemala,GTM,1969,0.0,,49.058240014930945,,47.521,,
Guatemala,GTM,1970,0.0,,50.36362448674879,,48.507,,
Guatemala,GTM,1971,0.0,,51.68304404628593,,50.276,,
Guatemala,GTM,1972,0.0,,53.031289660321015,,51.817,,
Guatemala,GTM,1973,0.0,,54.41984882418813,,52.848,,
Guatemala,GTM,1974,0.0,,55.81557484135872,,53.023,,
Guatemala,GTM,1975,0.0,,57.192338559163865,,52.832,,
Guatemala,GTM,1976,0.0,,58.439753639417695,,47.617,,
Guatemala,GTM,1977,0.0,,59.73791526689063,,55.184,,
Guatemala,GTM,1978,0.0,,61.231187010078386,,56.412,,
Guatemala,GTM,1979,0.0,,62.782726763717804,,56.6,,
Guatemala,GTM,1980,0.0,,64.39167599850691,,55.297,,
Guatemala,GTM,1981,0.0,,66.02881672265771,,54.709,,
Guatemala,GTM,1982,0.0,,67.56477230309817,,48.863,,
Guatemala,GTM,1983,0.0,,69.2389137737962,,57.913,,
Guatemala,GTM,1984,0.0,,71.20830533781262,,59.074,,
Guatemala,GTM,1985,0.0,,73.25208100037328,,59.788,,
Guatemala,GTM,1986,0.0,,75.31558417319896,,60.341,,
Guatemala,GTM,1987,0.0,,77.4214725643897,,60.991,,
Guatemala,GTM,1988,0.0,,79.62018477043674,,61.538,,
Guatemala,GTM,1989,0.0,,81.89199328107503,,61.745,,
Guinea,GIN,1980,0.0,,20.541343805958,,42.842,,
Guinea,GIN,1981,0.0,,20.931499267458896,,43.33,,
Guinea,GIN,1982,0.0,,21.356307992837376,,43.863,,
Guinea,GIN,1983,0.0,,21.812689239785122,,44.226,,
Guinea,GIN,1984,0.0,,22.302197623311084,,44.858,,
Guinea,GIN,1985,0.0,,22.83238238645613,,45.31,,
Guinea,GIN,1986,0.0,,23.403337131694613,,45.719,,
Guinea,GIN,1987,0.0,,24.01187530522546,,46.107,,
Guinea,GIN,1988,0.0,,24.648274458733518,,46.478,,
Guinea,GIN,1989,0.0,,25.296316946117532,,46.86,,
Guinea-Bissau,GNB,1980,0.0,,29.491571834992886,,43.57,,
Guinea-Bissau,GNB,1981,0.0,,29.95846372688478,,43.926,,
Guinea-Bissau,GNB,1982,0.0,,30.437091038406827,,44.293,,
Guinea-Bissau,GNB,1983,0.0,,30.924324324324324,,44.6,,
Guinea-Bissau,GNB,1984,0.0,,31.419594594594596,,44.943,,
Guinea-Bissau,GNB,1985,0.0,,31.923790896159318,,45.266,,
Guinea-Bissau,GNB,1986,0.0,,32.436913229018494,,45.523,,
Guinea-Bissau,GNB,1987,0.0,,32.96095305832148,,45.844,,
Guinea-Bissau,GNB,1988,0.0,,33.50145803698435,,46.279,,
Guinea-Bissau,GNB,1989,0.0,,34.06077524893314,,46.614,,
Guyana,GUY,1965,0.0,,3.2287529866300644,,59.137,,
Guyana,GUY,1966,0.0,,3.2974734380560213,,59.329,,
Guyana,GUY,1967,0.0,,3.3669411824513245,,59.53,,
Guyana,GUY,1968,0.0,,3.4373443139647195,,59.69,,
Guyana,GUY,1969,0.0,,3.508835341365462,,59.835,,
Guyana,GUY,1970,0.0,,3.572289156626506,,59.961,,
Guyana,GUY,1971,0.0,,3.6229068171419856,,60.068,,
Guyana,GUY,1972,0.0,,3.668430684764374,,60.133,,
Guyana,GUY,1973,0.0,,3.7117482588582176,,60.211,,
Guyana,GUY,1974,0.0,,3.752005490315693,,60.305,,
Guyana,GUY,1975,0.0,,3.7866040132080263,,60.375,,
Guyana,GUY,1976,0.0,,3.8214528829057657,,60.449,,
Guyana,GUY,1977,0.0,,3.853970027940056,,60.558,,
Guyana,GUY,1978,0.0,,3.8841046482092962,,60.646,,
Guyana,GUY,1979,0.0,,3.9119227838455677,,60.735,,
Guyana,GUY,1980,0.0,,3.9337922275844552,,60.808,,
Guyana,GUY,1981,0.0,,3.9443891287782575,,60.91,,
Guyana,GUY,1982,0.0,,3.945704851409703,,61.01,,
Guyana,GUY,1983,0.0,,3.9415341630683263,,61.157,,
Guyana,GUY,1984,0.0,,3.9324917449834897,,61.255,,
Guyana,GUY,1985,0.0,,3.9191109982219965,,61.379,,
Guyana,GUY,1986,0.0,,3.901945643891288,,61.521,,
Guyana,GUY,1987,0.0,,3.881737363474727,,61.698,,
Guyana,GUY,1988,0.0,,3.859095758191516,,61.849,,
Guyana,GUY,1989,0.0,,3.834721869443739,,62.054,,
Haiti,HTI,1980,0.0,,203.71890420899854,,49.971,,
Haiti,HTI,1981,0.0,,207.68232946298983,,50.31,,
Haiti,HTI,1982,0.0,,211.7538824383164,,50.626,,
Haiti,HTI,1983,0.0,,215.9323657474601,,50.946,,
Haiti,HTI,1984,0.0,,220.21879535558782,,51.254,,
Haiti,HTI,1985,0.0,,224.6321480406386,,51.583,,
Haiti,HTI,1986,0.0,,229.17714078374456,,51.874,,
Haiti,HTI,1987,0.0,,233.85787373004354,,52.245,,
Haiti,HTI,1988,0.0,,238.68450653120465,,52.554,,
Haiti,HTI,1989,0.0,,243.64042089985486,,52.88,,
Honduras,HND,1980,0.0,,33.31104656358924,,60.388,,
Honduras,HND,1981,0.0,,34.335311466619004,,61.033,,
Honduras,HND,1982,0.0,,35.3805344534811,,61.688,,
Honduras,HND,1983,0.0,,36.44806506390205,,62.408,,
Honduras,HND,1984,0.0,,37.53552596299937,,62.819,,
Honduras,HND,1985,0.0,,38.63921708821164,,63.223,,
Honduras,HND,1986,0.0,,39.761363839485206,,63.651,,
Honduras,HND,1987,0.0,,40.90544284565198,,64.066,,
Honduras,HND,1988,0.0,,42.074153186164985,,64.393,,
Honduras,HND,1989,0.0,,43.273196889802485,,64.782,,
Hong Kong,HKG,1965,0.0,,3527.3529411764707,,68.86680487804878,,
Hong Kong,HKG,1966,0.0,,3558.725490196078,,69.2658536585366,,
Hong Kong,HKG,1967,0.0,,3649.8039215686276,,69.82785365853658,,
Hong Kong,HKG,1968,0.0,,3728.1372549019607,,70.21702439024392,,
Hong Kong,HKG,1969,0.0,,3788.1372549019607,,70.62717073170734,,
Hong Kong,HKG,1970,0.0,,3881.372549019608,,70.93468292682927,,
Hong Kong,HKG,1971,0.0,,3965.9803921568628,,71.4680487804878,,
Hong Kong,HKG,1972,0.0,,4042.7450980392155,,71.45097560975611,,
Hong Kong,HKG,1973,0.0,,4158.431372549019,,72.09024390243903,,
Hong Kong,HKG,1974,0.0,,4291.9607843137255,,72.59780487804879,,
Hong Kong,HKG,1975,0.0,,4417.425742574257,,73.36219512195122,,
Hong Kong,HKG,1976,0.0,,4473.267326732674,,72.78902439024391,,
Hong Kong,HKG,1977,0.0,,4583.7,,73.34926829268292,,
Hong Kong,HKG,1978,0.0,,4667.5,,73.54073170731708,,
Hong Kong,HKG,1979,0.0,,4929.7,,73.66317073170732,,
Hong Kong,HKG,1980,0.0,,5063.1,,74.65341463414636,,
Hong Kong,HKG,1981,0.0,,5183.4,,75.34902439024391,,
Hong Kong,HKG,1982,0.0,,5317.676767676768,,75.43853658536587,,
Hong Kong,HKG,1983,0.0,,5399.090909090909,,75.28634146341463,,
Hong Kong,HKG,1984,0.0,,5452.424242424242,,76.00951219512196,,
Hong Kong,HKG,1985,0.0,,5511.313131313132,,76.42926829268293,,
Hong Kong,HKG,1986,0.0,,5580.404040404041,,76.68439024390244,,
Hong Kong,HKG,1987,0.0,,5636.868686868687,,76.89780487804877,,
Hong Kong,HKG,1988,0.0,,5684.444444444444,,77.08341463414635,,
Hong Kong,HKG,1989,0.0,,5743.636363636364,,77.02878048780488,,
Hungary,HUN,1960,0.0,,,,68.00317073170733,,
Hungary,HUN,1961,0.0,,111.37225677476677,,68.93609756097563,,
Hungary,HUN,1962,0.0,,111.76210842035103,,67.8658536585366,,
Hungary,HUN,1963,0.0,,112.05094968343886,,68.87414634146343,,
Hungary,HUN,1964,0.0,,112.40514273020105,,69.3809756097561,,
Hungary,HUN,1965,0.0,,112.72978227060653,,69.07121951219513,,
Hungary,HUN,1966,0.0,,113.08357960226641,,69.82243902439025,,
Hungary,HUN,1967,0.0,,113.51782222222222,,69.4070731707317,,
Hungary,HUN,1968,0.0,,113.96616290698967,,69.23024390243904,,
Hungary,HUN,1969,0.0,,114.44297144127125,,69.31463414634148,,
Hungary,HUN,1970,0.0,,114.89119804400978,,69.16463414634148,,
Hungary,HUN,1971,0.0,,115.23326664443704,,69.05243902439025,,
Hungary,HUN,1972,0.0,,115.57729243081027,,69.66463414634147,,
Hungary,HUN,1973,0.0,,115.95037234633767,,69.51804878048782,,
Hungary,HUN,1974,0.0,,116.46904523730132,,69.24804878048782,,
Hungary,HUN,1975,0.0,,117.15599644325886,,69.29,,
Hungary,HUN,1976,0.0,,117.82853807670928,,69.57317073170732,,
Hungary,HUN,1977,0.0,,118.36406180524678,,69.8480487804878,,
Hungary,HUN,1978,0.0,,118.75983105479604,,69.39390243902439,,
Hungary,HUN,1979,0.0,,119.04083629893239,,69.61536585365855,,
Hungary,HUN,1980,0.0,,119.1315982649316,,69.06170731707319,,
Hungary,HUN,1981,0.0,,119.1529254727475,,69.13926829268293,,
Hungary,HUN,1982,0.0,,119.09595060629658,,69.3578048780488,,
Hungary,HUN,1983,0.0,,118.9303849577214,,68.97365853658538,,
Hungary,HUN,1984,0.0,,118.69264574988874,,69.02585365853659,,
Hungary,HUN,1985,0.0,,118.47700267022697,,68.97219512195123,,
Hungary,HUN,1986,0.0,,118.27507788161994,,69.17341463414634,,
Hungary,HUN,1987,0.0,,118.07678015131286,,69.65121951219513,,
Hungary,HUN,1988,0.0,,117.90905752753979,,70.02341463414635,,
Hungary,HUN,1989,0.0,,116.63201290753311,,69.46170731707318,,
Hungary,HUN,2025,0.600000024,,,,,,
Iceland,ISL,1965,0.0,,1.918064837905237,,73.86878048780487,,
Iceland,ISL,1966,0.0,,1.9508229426433916,,73.30048780487806,,
Iceland,ISL,1967,0.0,,1.9825536159600998,,73.78317073170733,,
Iceland,ISL,1968,0.0,,2.00985536159601,,74.00585365853658,,
Iceland,ISL,1969,0.0,,2.0286184538653367,,73.77634146341465,,
Iceland,ISL,1970,0.0,,2.039281795511222,,73.93390243902441,,
Iceland,ISL,1971,0.0,,2.0558403990024936,,73.57048780487806,,
Iceland,ISL,1972,0.0,,2.0861546134663342,,74.4558536585366,,
Iceland,ISL,1973,0.0,,2.1178753117206983,,74.45097560975611,,
Iceland,ISL,1974,0.0,,2.1467231920199503,,74.51170731707319,,
Iceland,ISL,1975,0.0,,2.174354114713217,,75.57878048780488,,
Iceland,ISL,1976,0.0,,2.196049875311721,,76.97219512195123,,
Iceland,ISL,1977,0.0,,2.2124588528678304,,76.37365853658535,,
Iceland,ISL,1978,0.0,,2.229795511221945,,76.64926829268293,,
Iceland,ISL,1979,0.0,,2.2517206982543643,,76.77317073170732,,
Iceland,ISL,1980,0.0,,2.2756907730673315,,76.84658536585367,,
Iceland,ISL,1981,0.0,,2.301795511221945,,76.52146341463414,,
Iceland,ISL,1982,0.0,,2.332768079800499,,77.03780487804879,,
Iceland,ISL,1983,0.0,,2.363860349127182,,76.84560975609757,,
Iceland,ISL,1984,0.0,,2.389137157107232,,77.57658536585367,,
Iceland,ISL,1985,0.0,,2.4080299251870323,,77.60243902439025,,
Iceland,ISL,1986,0.0,,2.4257356608478804,,77.99073170731708,,
Iceland,ISL,1987,0.0,,2.4524588528678306,,77.33902439024392,,
Iceland,ISL,1988,0.0,,2.4911720698254363,,77.0829268292683,,
Iceland,ISL,1989,0.0,,2.522214463840399,,78.14097560975611,,
India,IND,1960,,,,,45.61,,
India,IND,1961,,,150.19717172464593,,45.824,,
India,IND,1962,,,153.8021754411928,,46.133,,
India,IND,1963,,,157.45329931824068,,46.458,,
India,IND,1964,,,161.18364383036402,,46.742,,
India,IND,1965,0.0,,164.85328754637274,,45.558,,
India,IND,1966,0.0,,168.41851580289185,,45.884,,
India,IND,1967,0.0,,172.07321832778933,,46.184,,
India,IND,1968,0.0,,175.81011943400858,,47.925,,
India,IND,1969,0.0,,179.56489292645273,,48.26,,
India,IND,1970,0.0,,183.59548767485427,,48.585,,
India,IND,1971,0.0,,187.70962736992928,,48.902,,
India,IND,1972,0.0,,191.87544085645385,,49.213,,
India,IND,1973,0.0,,196.24228454959152,,49.642,,
India,IND,1974,0.0,,200.8083543264978,,50.259,,
India,IND,1975,0.0,,205.60728880428093,,50.761,,
India,IND,1976,0.0,,210.5018121949825,,51.302,,
India,IND,1977,0.0,,215.52645575963865,,51.822,,
India,IND,1978,0.0,,220.54703163941758,,52.42,,
India,IND,1979,0.0,,225.7359089059226,,53.014,,
India,IND,1980,0.0,,231.18402288451125,,53.593,,
India,IND,1981,0.0,,236.68055186516838,,54.173,,
India,IND,1982,0.0,,242.26957342114025,,54.735,,
India,IND,1983,0.0,,248.0072518069817,,55.283,,
India,IND,1984,0.0,,253.8941167567495,,55.813,,
India,IND,1985,0.0,,259.87165065132064,,56.324,,
India,IND,1986,0.0,,265.93994262055236,,56.819,,
India,IND,1987,0.0,,272.0752020557045,,57.291,,
India,IND,1988,0.0,,278.2677830881982,,57.744,,
India,IND,1989,0.0,,284.5561598821468,,58.196,,
India,IND,2025,103.9800034,,,70.0,,70.0,
Indonesia,IDN,1960,0.0,,,,46.835,,
Indonesia,IDN,1961,0.0,,50.117439016985266,,47.385,,
Indonesia,IDN,1962,0.0,,51.54415782994861,,48.141,,
Indonesia,IDN,1963,0.0,,53.021094409821316,,48.742,,
Indonesia,IDN,1964,0.0,,54.556958328963276,,49.44,,
Indonesia,IDN,1965,0.0,,55.954299309438774,,42.762,,
Indonesia,IDN,1966,0.0,,57.29436566072523,,48.406,,
Indonesia,IDN,1967,0.0,,58.80335454881677,,51.309,,
Indonesia,IDN,1968,0.0,,60.417210485932095,,51.888,,
Indonesia,IDN,1969,0.0,,62.11056652516878,,52.588,,
Indonesia,IDN,1970,0.0,,63.84379019303698,,53.254,,
Indonesia,IDN,1971,0.0,,65.59707988098721,,53.823,,
Indonesia,IDN,1972,0.0,,67.3668922536805,,54.364,,
Indonesia,IDN,1973,0.0,,69.16018426006171,,54.916,,
Indonesia,IDN,1974,0.0,,70.96333291012768,,55.443,,
Indonesia,IDN,1975,0.0,,72.77877642045297,,55.998,,
Indonesia,IDN,1976,0.0,,74.61685444117533,,56.445,,
Indonesia,IDN,1977,0.0,,76.47153629172486,,57.09,,
Indonesia,IDN,1978,0.0,,78.35919285481654,,57.607,,
Indonesia,IDN,1979,0.0,,80.28110092350833,,58.18,,
Indonesia,IDN,1980,0.0,,82.22179656320209,,58.701,,
Indonesia,IDN,1981,0.0,,84.1728638694613,,59.096,,
Indonesia,IDN,1982,0.0,,86.14193876030184,,59.7,,
Indonesia,IDN,1983,0.0,,88.12873971196255,,60.343,,
Indonesia,IDN,1984,0.0,,90.11582439541392,,60.891,,
Indonesia,IDN,1985,0.0,,92.0616840640991,,61.387,,
Indonesia,IDN,1986,0.0,,93.93789089022229,,61.736,,
Indonesia,IDN,1987,0.0,,95.77943662127326,,62.087,,
Indonesia,IDN,1988,0.0,,97.62530015401006,,62.386,,
Indonesia,IDN,1989,0.0,,99.47262871431963,,62.883,,
Iran,IRN,1960,,,,,43.297,,
Iran,IRN,1961,,,13.584399174832388,,43.9,,
Iran,IRN,1962,,,14.003233748372995,,43.769,,
Iran,IRN,1963,,,14.439822318819225,,45.105,,
Iran,IRN,1964,,,14.89652189395614,,45.735,,
Iran,IRN,1965,0.0,,15.371803089466834,,46.372,,
Iran,IRN,1966,0.0,,15.858241852697757,,47.072,,
Iran,IRN,1967,0.0,,16.348898548589112,,47.803,,
Iran,IRN,1968,0.0,,16.845570249760556,,47.946,,
Iran,IRN,1969,0.0,,17.358900022102706,,49.382,,
Iran,IRN,1970,0.0,,17.894042093371645,,50.222,,
Iran,IRN,1971,0.0,,18.436768461897394,,51.12,,
Iran,IRN,1972,0.0,,18.98449065546796,,51.729,,
Iran,IRN,1973,0.0,,19.548514207126892,,52.944,,
Iran,IRN,1974,0.0,,20.135847515901666,,53.862,,
Iran,IRN,1975,0.0,,20.75380841867433,,54.819,,
Iran,IRN,1976,0.0,,21.388830152999827,,55.771,,
Iran,IRN,1977,0.0,,22.061679437117807,,56.66,,
Iran,IRN,1978,0.0,,22.79435582897419,,56.042,,
Iran,IRN,1979,0.0,,23.59153712026327,,58.453,,
Iran,IRN,1980,0.0,,24.46175249883347,,58.369,,
Iran,IRN,1981,0.0,,25.779925833149143,,56.625,,
Iran,IRN,1982,0.0,,27.181500650801837,,57.633,,
Iran,IRN,1983,0.0,,28.260477295611384,,58.518,,
Iran,IRN,1984,0.0,,29.343794051916795,,60.875,,
Iran,IRN,1985,0.0,,30.441740342346325,,61.537,,
Iran,IRN,1986,0.0,,31.58601942582087,,62.136,,
Iran,IRN,1987,0.0,,32.73870490434441,,62.685,,
Iran,IRN,1988,0.0,,33.8126513421253,,63.255,,
Iran,IRN,1989,0.0,,34.814775657555444,,65.314,,
Iran,IRN,2025,1.25,,,,,,
Iraq,IRQ,1960,0.0,,,,51.462,,
Iraq,IRQ,1961,0.0,,16.449580446761324,,52.339,,
Iraq,IRQ,1962,0.0,,16.951036879529916,,53.482,,
Iraq,IRQ,1963,0.0,,17.531902050895123,,54.36,,
Iraq,IRQ,1964,0.0,,18.130109518256855,,55.245,,
Iraq,IRQ,1965,0.0,,18.75332098680751,,56.387,,
Iraq,IRQ,1966,0.0,,19.40028808560258,,57.321,,
Iraq,IRQ,1967,0.0,,20.071950522440954,,58.422,,
Iraq,IRQ,1968,0.0,,20.7719230857169,,58.969,,
Iraq,IRQ,1969,0.0,,21.499773647026544,,59.64,,
Iraq,IRQ,1970,0.0,,22.259439376271807,,60.532,,
Iraq,IRQ,1971,0.0,,23.04183871779043,,61.333,,
Iraq,IRQ,1972,0.0,,23.847460959828062,,61.816,,
Iraq,IRQ,1973,0.0,,24.68360655737705,,62.344,,
Iraq,IRQ,1974,0.0,,25.533898072570135,,60.995,,
Iraq,IRQ,1975,0.0,,26.393303152936873,,61.434,,
Iraq,IRQ,1976,0.0,,27.27130575942566,,63.569,,
Iraq,IRQ,1977,0.0,,28.19362553444452,,63.896,,
Iraq,IRQ,1978,0.0,,29.15919015936164,,64.175,,
Iraq,IRQ,1979,0.0,,30.11263918421474,,64.417,,
Iraq,IRQ,1980,0.0,,31.076644488648057,,60.916,,
Iraq,IRQ,1981,0.0,,32.024100875688774,,58.652,,
Iraq,IRQ,1982,0.0,,32.93797699887967,,58.977,,
Iraq,IRQ,1983,0.0,,33.93135103002035,,59.287,,
Iraq,IRQ,1984,0.0,,35.00636303358712,,59.544,,
Iraq,IRQ,1985,0.0,,35.858495095685576,,59.8,,
Iraq,IRQ,1986,0.0,,36.75182339895283,,60.031,,
Iraq,IRQ,1987,0.0,,37.77362187621465,,60.259,,
Iraq,IRQ,1988,0.0,,38.660216750120036,,56.692,,
Iraq,IRQ,1989,0.0,,39.70217893316871,,57.501,,
Ireland,IRL,1960,,,,,70.19426829268295,,
Ireland,IRL,1961,,,40.99869356945856,,69.67829268292684,,
Ireland,IRL,1962,,,41.16780374510088,,69.99104878048782,,
Ireland,IRL,1963,,,41.40876760052257,,70.23009756097562,,
Ireland,IRL,1964,,,41.610538539700975,,70.4899268292683,,
Ireland,IRL,1965,0.0,,41.766584409928875,,70.695,,
Ireland,IRL,1966,0.0,,41.93351720133546,,70.2169512195122,,
Ireland,IRL,1967,0.0,,42.131659166787635,,71.24536585365854,,
Ireland,IRL,1968,0.0,,42.3218173900421,,70.94100000000002,,
Ireland,IRL,1969,0.0,,42.57003919291624,,70.8528292682927,,
Ireland,IRL,1970,0.0,,42.9271302075773,,70.90156097560977,,
Ireland,IRL,1971,0.0,,43.43228335026854,,71.67585365853658,,
Ireland,IRL,1972,0.0,,44.082595442009,,71.021756097561,,
Ireland,IRL,1973,0.0,,44.79532588184062,,71.2399756097561,,
Ireland,IRL,1974,0.0,,45.543620264189286,,71.17556097560976,,
Ireland,IRL,1975,0.0,,46.29917259399042,,71.75304878048782,,
Ireland,IRL,1976,0.0,,47.003193496879085,,71.85660975609758,,
Ireland,IRL,1977,0.0,,47.64407025693134,,71.99739024390244,,
Ireland,IRL,1978,0.0,,48.32486572797213,,71.99631707317073,,
Ireland,IRL,1979,0.0,,48.97300043547685,,72.26802439024391,,
Ireland,IRL,1980,0.0,,49.53984613151401,,72.59541463414635,,
Ireland,IRL,1981,0.0,,50.12338510669183,,72.95178048780488,,
Ireland,IRL,1982,0.0,,50.599506459573234,,73.20904878048782,,
Ireland,IRL,1983,0.0,,50.95950065321527,,73.24009756097561,,
Ireland,IRL,1984,0.0,,51.27628102772536,,73.66373170731708,,
Ireland,IRL,1985,0.0,,51.35842647699231,,73.6219024390244,,
Ireland,IRL,1986,0.0,,51.38176803599942,,73.66553658536586,,
Ireland,IRL,1987,0.0,,51.387095369429524,,74.4319024390244,,
Ireland,IRL,1988,0.0,,51.16778922920598,,74.43941463414635,,
Ireland,IRL,1989,0.0,,50.96543765423138,,74.45521951219514,,
Ireland,IRL,2025,11.76000023,,,,,,
Israel,ISR,1960,0.0,,,,,,
Israel,ISR,1961,0.0,,100.97042513863217,,72.00658536585365,,
Israel,ISR,1962,0.0,,105.96118299445472,,72.11219512195122,,
Israel,ISR,1963,0.0,,109.93530499075786,,,,
Israel,ISR,1964,0.0,,114.37153419593345,,,,
Israel,ISR,1965,0.0,,118.4380776340111,,,,
Israel,ISR,1966,0.0,,121.48798521256931,,72.28560975609756,,
Israel,ISR,1967,0.0,,126.84842883548983,,71.509756097561,,
Israel,ISR,1968,0.0,,129.5286506469501,,71.05658536585366,,
Israel,ISR,1969,0.0,,132.94824399260628,,70.97048780487806,,
Israel,ISR,1970,0.0,,137.43068391866913,,71.21341463414635,,
Israel,ISR,1971,0.0,,141.8207024029575,,71.7190243902439,,
Israel,ISR,1972,0.0,,145.4713493530499,,71.07804878048782,,
Israel,ISR,1973,0.0,,151.47874306839188,,71.69341463414635,,
Israel,ISR,1974,0.0,,156.0536044362292,,71.66170731707318,,
Israel,ISR,1975,0.0,,159.65804066543438,,72.04512195121951,,
Israel,ISR,1976,0.0,,163.26247689463955,,72.95609756097562,,
Israel,ISR,1977,0.0,,166.95933456561923,,72.95853658536586,,
Israel,ISR,1978,0.0,,170.51756007393715,,73.20731707317073,,
Israel,ISR,1979,0.0,,174.95378927911275,,73.50731707317074,,
Israel,ISR,1980,0.0,,179.20517560073938,,73.87560975609756,,
Israel,ISR,1981,0.0,,182.80961182994454,,74.26097560975612,,
Israel,ISR,1982,0.0,,186.275415896488,,74.10975609756099,,
Israel,ISR,1983,0.0,,189.69500924214418,,74.45853658536585,,
Israel,ISR,1984,0.0,,192.19038817005546,,74.80731707317074,,
Israel,ISR,1985,0.0,,195.60998151571164,,75.20731707317074,,
Israel,ISR,1986,0.0,,198.65988909426986,,74.95609756097562,,
Israel,ISR,1987,0.0,,201.8946395563771,,75.25853658536586,,
Israel,ISR,1988,0.0,,205.26802218114602,,74.43658536585367,,
Israel,ISR,1989,0.0,,208.78003696857672,,76.30731707317074,,
Israel,ISR,2025,0.460000008,,,,,,
Germany,DEU,1951,,,,,,,
Germany,DEU,1952,,,,,,,
Germany,DEU,1953,,,,,,,
Germany,DEU,1954,,,,,,,
Germany,DEU,1955,,,,,,,
Germany,DEU,1956,,,,,,,
Germany,DEU,1957,,,,,,,
Germany,DEU,1958,,,,,,,
Germany,DEU,1959,,,,,,,
Ghana,GHA,1900,0.0,,,,,,
Ghana,GHA,1901,0.0,,,,,,
Ghana,GHA,1902,0.0,,,,,,
Ghana,GHA,1903,0.0,,,,,,
Ghana,GHA,1904,0.0,,,,,,
Ghana,GHA,1905,0.0,,,,,,
Ghana,GHA,1906,0.0,,,,,,
Ghana,GHA,1907,0.0,,,,,,
Ghana,GHA,1908,0.0,,,,,,
Ghana,GHA,1909,0.0,,,,,,
Ghana,GHA,1910,0.0,,,,,,
Ghana,GHA,1911,0.0,,,,,,
Ghana,GHA,1912,0.0,,,,,,
Ghana,GHA,1913,0.0,,,,,,
Ghana,GHA,1914,0.0,,,,,,
Ghana,GHA,1915,0.0,,,,,,
Ghana,GHA,1916,0.0,,,,,,
Ghana,GHA,1917,0.0,,,,,,
Ghana,GHA,1918,0.0,,,,,,
Ghana,GHA,1919,0.0,,,,,,
Ghana,GHA,1920,0.0,,,,,,
Ghana,GHA,1921,0.0,,,,,,
Ghana,GHA,1922,0.0,,,,,,
Ghana,GHA,1923,0.0,,,,,,
Ghana,GHA,1924,0.0,,,,,,
Ghana,GHA,1925,0.0,,,,,,
Ghana,GHA,1926,0.0,,,,,,
Ghana,GHA,1927,0.0,,,,,,
Ghana,GHA,1928,0.0,,,,,,
Ghana,GHA,1929,0.0,,,,,,
Ghana,GHA,1930,0.0,,,,,,
Ghana,GHA,1931,0.0,,,,,,
Ghana,GHA,1932,0.0,,,,,,
Ghana,GHA,1933,0.0,,,,,,
Ghana,GHA,1934,0.0,,,,,,
Ghana,GHA,1935,0.0,,,,,,
Ghana,GHA,1936,0.0,,,,,,
Ghana,GHA,1937,0.0,,,,,,
Ghana,GHA,1938,0.0,,,,,,
Ghana,GHA,1939,0.0,,,,,,
Ghana,GHA,1940,0.0,,,,,,
Ghana,GHA,1941,0.0,,,,,,
Ghana,GHA,1942,0.0,,,,,,
Ghana,GHA,1943,0.0,,,,,,
Ghana,GHA,1944,0.0,,,,,,
Ghana,GHA,1945,0.0,,,,,,
Ghana,GHA,1946,0.0,,,,,,
Ghana,GHA,1947,0.0,,,,,,
Ghana,GHA,1948,0.0,,,,,,
Ghana,GHA,1949,0.0,,,,,,
Ghana,GHA,1950,0.0,,,,,,
Ghana,GHA,1951,0.0,,,,,,
Ghana,GHA,1952,0.0,,,,,,
Ghana,GHA,1953,0.0,,,,,,
Ghana,GHA,1954,0.0,,,,,,
Ghana,GHA,1955,0.0,,,,,,
Ghana,GHA,1956,0.0,,,,,,
Ghana,GHA,1957,0.0,,,,,,
Ghana,GHA,1958,0.0,,,,,,
Ghana,GHA,1959,0.0,,,,,,
Greece,GRC,1900,,,,,,,
Greece,GRC,1901,,,,,,,
Greece,GRC,1902,,,,,,,
Greece,GRC,1903,,,,,,,
Greece,GRC,1904,,,,,,,
Greece,GRC,1905,,,,,,,
Greece,GRC,1906,,,,,,,
Greece,GRC,1907,,,,,,,
Greece,GRC,1908,,,,,,,
Greece,GRC,1909,,,,,,,
Greece,GRC,1910,,,,,,,
Greece,GRC,1911,,,,,,,
Greece,GRC,1912,,,,,,,
Greece,GRC,1913,,,,,,,
Greece,GRC,1914,,,,,,,
Greece,GRC,1915,,,,,,,
Greece,GRC,1916,,,,,,,
Greece,GRC,1917,,,,,,,
Greece,GRC,1918,,,,,,,
Greece,GRC,1919,,,,,,,
Greece,GRC,1920,,,,,,,
Greece,GRC,1921,,,,,,,
Greece,GRC,1922,,,,,,,
Greece,GRC,1923,,,,,,,
Greece,GRC,1924,,,,,,,
Greece,GRC,1925,,,,,,,
Greece,GRC,1926,,,,,,,
Greece,GRC,1927,,,,,,,
Greece,GRC,1928,,,,,,,
Greece,GRC,1929,,,,,,,
Greece,GRC,1930,,,,,,,
Greece,GRC,1931,,,,,,,
Greece,GRC,1932,,,,,,,
Greece,GRC,1933,,,,,,,
Greece,GRC,1934,,,,,,,
Greece,GRC,1935,,,,,,,
Greece,GRC,1936,,,,,,,
Greece,GRC,1937,,,,,,,
Greece,GRC,1938,,,,,,,
Greece,GRC,1939,,,,,,,
Greece,GRC,1940,,,,,,,
Greece,GRC,1941,,,,,,,
Greece,GRC,1942,,,,,,,
Greece,GRC,1943,,,,,,,
Greece,GRC,1944,,,,,,,
Greece,GRC,1945,,,,,,,
Greece,GRC,1946,,,,,,,
Greece,GRC,1947,,,,,,,
Greece,GRC,1948,,,,,,,
Greece,GRC,1949,,,,,,,
Greece,GRC,1950,,,,,,,
Greece,GRC,1951,,,,,,,
Greece,GRC,1952,,,,,,,
Greece,GRC,1953,,,,,,,
Greece,GRC,1954,,,,,,,
Greece,GRC,1955,,,,,,,
Greece,GRC,1956,,,,,,,
Greece,GRC,1957,,,,,,,
Greece,GRC,1958,,,,,,,
Greece,GRC,1959,,,,,,,
Greenland,GRL,1900,0.0,,,,,,
Greenland,GRL,1901,0.0,,,,,,
Greenland,GRL,1902,0.0,,,,,,
Greenland,GRL,1903,0.0,,,,,,
Greenland,GRL,1904,0.0,,,,,,
Greenland,GRL,1905,0.0,,,,,,
Greenland,GRL,1906,0.0,,,,,,
Greenland,GRL,1907,0.0,,,,,,
Greenland,GRL,1908,0.0,,,,,,
Greenland,GRL,1909,0.0,,,,,,
Greenland,GRL,1910,0.0,,,,,,
Greenland,GRL,1911,0.0,,,,,,
Greenland,GRL,1912,0.0,,,,,,
Greenland,GRL,1913,0.0,,,,,,
Greenland,GRL,1914,0.0,,,,,,
Greenland,GRL,1915,0.0,,,,,,
Greenland,GRL,1916,0.0,,,,,,
Greenland,GRL,1917,0.0,,,,,,
Greenland,GRL,1918,0.0,,,,,,
Greenland,GRL,1919,0.0,,,,,,
Greenland,GRL,1920,0.0,,,,,,
Greenland,GRL,1921,0.0,,,,,,
Greenland,GRL,1922,0.0,,,,,,
Greenland,GRL,1923,0.0,,,,,,
Greenland,GRL,1924,0.0,,,,,,
Greenland,GRL,1925,0.0,,,,,,
Greenland,GRL,1926,0.0,,,,,,
Greenland,GRL,1927,0.0,,,,,,
Greenland,GRL,1928,0.0,,,,,,
Greenland,GRL,1929,0.0,,,,,,
Greenland,GRL,1930,0.0,,,,,,
Greenland,GRL,1931,0.0,,,,,,
Greenland,GRL,1932,0.0,,,,,,
Greenland,GRL,1933,0.0,,,,,,
Greenland,GRL,1934,0.0,,,,,,
Greenland,GRL,1935,0.0,,,,,,
Greenland,GRL,1936,0.0,,,,,,
Greenland,GRL,1937,0.0,,,,,,
Greenland,GRL,1938,0.0,,,,,,
Greenland,GRL,1939,0.0,,,,,,
Greenland,GRL,1940,0.0,,,,,,
Greenland,GRL,1941,0.0,,,,,,
Greenland,GRL,1942,0.0,,,,,,
Greenland,GRL,1943,0.0,,,,,,
Greenland,GRL,1944,0.0,,,,,,
Greenland,GRL,1945,0.0,,,,,,
Greenland,GRL,1946,0.0,,,,,,
Greenland,GRL,1947,0.0,,,,,,
Greenland,GRL,1948,0.0,,,,,,
Greenland,GRL,1949,0.0,,,,,,
Greenland,GRL,1950,0.0,,,,,,
Greenland,GRL,1951,0.0,,,,,,
Greenland,GRL,1952,0.0,,,,,,
Greenland,GRL,1953,0.0,,,,,,
Greenland,GRL,1954,0.0,,,,,,
Greenland,GRL,1955,0.0,,,,,,
Greenland,GRL,1956,0.0,,,,,,
Greenland,GRL,1957,0.0,,,,,,
Greenland,GRL,1958,0.0,,,,,,
Greenland,GRL,1959,0.0,,,,,,
Guadeloupe,GLP,1980,0.0,,,,,,
Guadeloupe,GLP,1981,0.0,,,,,,
Guadeloupe,GLP,1982,0.0,,,,,,
Guadeloupe,GLP,1983,0.0,,,,,,
Guadeloupe,GLP,1984,0.0,,,,,,
Guadeloupe,GLP,1985,0.0,,,,,,
Guadeloupe,GLP,1986,0.0,,,,,,
Guadeloupe,GLP,1987,0.0,,,,,,
Guadeloupe,GLP,1988,0.0,,,,,,
Guadeloupe,GLP,1989,0.0,,,,,,
Guadeloupe,GLP,1990,0.0,,,,,,
Guadeloupe,GLP,1991,0.0,,,,,,
Guadeloupe,GLP,1992,0.0,,,,,,
Guadeloupe,GLP,1993,0.0,,,,,,
Guadeloupe,GLP,1994,0.0,,,,,,
Guadeloupe,GLP,1995,0.0,,,,,,
Guadeloupe,GLP,1996,0.0,,,,,,
Guadeloupe,GLP,1997,0.0,,,,,,
Guadeloupe,GLP,1998,0.0,,,,,,
Guadeloupe,GLP,1999,0.0,,,,,,
Guadeloupe,GLP,2000,0.01,,,,,,
Guadeloupe,GLP,2001,0.02,,,,,,
Guadeloupe,GLP,2002,0.029999999,,,,,,
Guadeloupe,GLP,2003,0.029999999,,,,,,
Guadeloupe,GLP,2004,0.029999999,,,,,,
Guadeloupe,GLP,2005,0.02,,,,,,
Guadeloupe,GLP,2006,0.029999999,,,,,,
Guadeloupe,GLP,2007,0.039999999,,,,,,
Guadeloupe,GLP,2008,0.050000001,,,,,,
Guadeloupe,GLP,2009,0.050000001,,,,,,
Guadeloupe,GLP,2010,0.039999999,,,,,,
Guadeloupe,GLP,2011,0.050000001,,,,,,
Guadeloupe,GLP,2012,0.050000001,,,,,,
Guadeloupe,GLP,2013,0.059999999,,,,,,
Guadeloupe,GLP,2014,0.050000001,,,,,,
Guadeloupe,GLP,2015,0.050000001,,,,,,
Guadeloupe,GLP,2016,0.050000001,,,,,,
Guadeloupe,GLP,2017,0.050000001,,,,,,
Guadeloupe,GLP,2018,0.050000001,,,,,,
Guadeloupe,GLP,2019,0.059999999,,,,,,
Guadeloupe,GLP,2020,0.07,,,,,,
Guadeloupe,GLP,2021,0.109999999,,,,,,
Guadeloupe,GLP,2022,0.109999999,,,,,,
Guadeloupe,GLP,2023,0.100000001,,,,,,
Guatemala,GTM,1900,0.0,,,,,,
Guatemala,GTM,1901,0.0,,,,,,
Guatemala,GTM,1902,0.0,,,,,,
Guatemala,GTM,1903,0.0,,,,,,
Guatemala,GTM,1904,0.0,,,,,,
Guatemala,GTM,1905,0.0,,,,,,
Guatemala,GTM,1906,0.0,,,,,,
Guatemala,GTM,1907,0.0,,,,,,
Guatemala,GTM,1908,0.0,,,,,,
Guatemala,GTM,1909,0.0,,,,,,
Guatemala,GTM,1910,0.0,,,,,,
Guatemala,GTM,1911,0.0,,,,,,
Guatemala,GTM,1912,0.0,,,,,,
Guatemala,GTM,1913,0.0,,,,,,
Guatemala,GTM,1914,0.0,,,,,,
Guatemala,GTM,1915,0.0,,,,,,
Guatemala,GTM,1916,0.0,,,,,,
Guatemala,GTM,1917,0.0,,,,,,
Guatemala,GTM,1918,0.0,,,,,,
Guatemala,GTM,1919,0.0,,,,,,
Guatemala,GTM,1920,0.0,,,,,,
Guatemala,GTM,1921,0.0,,,,,,
Guatemala,GTM,1922,0.0,,,,,,
Guatemala,GTM,1923,0.0,,,,,,
Guatemala,GTM,1924,0.0,,,,,,
Guatemala,GTM,1925,0.0,,,,,,
Guatemala,GTM,1926,0.0,,,,,,
Guatemala,GTM,1927,0.0,,,,,,
Guatemala,GTM,1928,0.0,,,,,,
Guatemala,GTM,1929,0.0,,,,,,
Guatemala,GTM,1930,0.0,,,,,,
Guatemala,GTM,1931,0.0,,,,,,
Guatemala,GTM,1932,0.0,,,,,,
Guatemala,GTM,1933,0.0,,,,,,
Guatemala,GTM,1934,0.0,,,,,,
Guatemala,GTM,1935,0.0,,,,,,
Guatemala,GTM,1936,0.0,,,,,,
Guatemala,GTM,1937,0.0,,,,,,
Guatemala,GTM,1938,0.0,,,,,,
Guatemala,GTM,1939,0.0,,,,,,
Guatemala,GTM,1940,0.0,,,,,,
Guatemala,GTM,1941,0.0,,,,,,
Guatemala,GTM,1942,0.0,,,,,,
Guatemala,GTM,1943,0.0,,,,,,
Guatemala,GTM,1944,0.0,,,,,,
Guatemala,GTM,1945,0.0,,,,,,
Guatemala,GTM,1946,0.0,,,,,,
Guatemala,GTM,1947,0.0,,,,,,
Guatemala,GTM,1948,0.0,,,,,,
Guatemala,GTM,1949,0.0,,,,,,
Guatemala,GTM,1950,0.0,,,,,,
Guatemala,GTM,1951,0.0,,,,,,
Guatemala,GTM,1952,0.0,,,,,,
Guatemala,GTM,1953,0.0,,,,,,
Guatemala,GTM,1954,0.0,,,,,,
Guatemala,GTM,1955,0.0,,,,,,
Guatemala,GTM,1956,0.0,,,,,,
Guatemala,GTM,1957,0.0,,,,,,
Guatemala,GTM,1958,0.0,,,,,,
Guatemala,GTM,1959,0.0,,,,,,
Hungary,HUN,1900,0.0,,,,,,
Hungary,HUN,1901,0.0,,,,,,
Hungary,HUN,1902,0.0,,,,,,
Hungary,HUN,1903,0.0,,,,,,
Hungary,HUN,1904,0.0,,,,,,
Hungary,HUN,1905,0.0,,,,,,
Hungary,HUN,1906,0.0,,,,,,
Hungary,HUN,1907,0.0,,,,,,
Hungary,HUN,1908,0.0,,,,,,
Hungary,HUN,1909,0.0,,,,,,
Hungary,HUN,1910,0.0,,,,,,
Hungary,HUN,1911,0.0,,,,,,
Hungary,HUN,1912,0.0,,,,,,
Hungary,HUN,1913,0.0,,,,,,
Hungary,HUN,1914,0.0,,,,,,
Hungary,HUN,1915,0.0,,,,,,
Hungary,HUN,1916,0.0,,,,,,
Hungary,HUN,1917,0.0,,,,,,
Hungary,HUN,1918,0.0,,,,,,
Hungary,HUN,1919,0.0,,,,,,
Hungary,HUN,1920,0.0,,,,,,
Hungary,HUN,1921,0.0,,,,,,
Hungary,HUN,1922,0.0,,,,,,
Hungary,HUN,1923,0.0,,,,,,
Hungary,HUN,1924,0.0,,,,,,
Hungary,HUN,1925,0.0,,,,,,
Hungary,HUN,1926,0.0,,,,,,
Hungary,HUN,1927,0.0,,,,,,
Hungary,HUN,1928,0.0,,,,,,
Hungary,HUN,1929,0.0,,,,,,
Hungary,HUN,1930,0.0,,,,,,
Hungary,HUN,1931,0.0,,,,,,
Hungary,HUN,1932,0.0,,,,,,
Hungary,HUN,1933,0.0,,,,,,
Hungary,HUN,1934,0.0,,,,,,
Hungary,HUN,1935,0.0,,,,,,
Hungary,HUN,1936,0.0,,,,,,
Hungary,HUN,1937,0.0,,,,,,
Hungary,HUN,1938,0.0,,,,,,
Hungary,HUN,1939,0.0,,,,,,
Hungary,HUN,1940,0.0,,,,,,
Hungary,HUN,1941,0.0,,,,,,
Hungary,HUN,1942,0.0,,,,,,
Hungary,HUN,1943,0.0,,,,,,
Hungary,HUN,1944,0.0,,,,,,
Hungary,HUN,1945,0.0,,,,,,
Hungary,HUN,1946,0.0,,,,,,
Hungary,HUN,1947,0.0,,,,,,
Hungary,HUN,1948,0.0,,,,,,
Hungary,HUN,1949,0.0,,,,,,
Hungary,HUN,1950,0.0,,,,,,
Hungary,HUN,1951,0.0,,,,,,
Hungary,HUN,1952,0.0,,,,,,
Hungary,HUN,1953,0.0,,,,,,
Hungary,HUN,1954,0.0,,,,,,
Hungary,HUN,1955,0.0,,,,,,
Hungary,HUN,1956,0.0,,,,,,
Hungary,HUN,1957,0.0,,,,,,
Hungary,HUN,1958,0.0,,,,,,
Hungary,HUN,1959,0.0,,,,,,
India,IND,1900,,,,,,,
India,IND,1901,,,,,,,
India,IND,1902,,,,,,,
India,IND,1903,,,,,,,
India,IND,1904,,,,,,,
India,IND,1905,,,,,,,
India,IND,1906,,,,,,,
India,IND,1907,,,,,,,
India,IND,1908,,,,,,,
India,IND,1909,,,,,,,
India,IND,1910,,,,,,,
India,IND,1911,,,,,,,
India,IND,1912,,,,,,,
India,IND,1913,,,,,,,
India,IND,1914,,,,,,,
India,IND,1915,,,,,,,
India,IND,1916,,,,,,,
India,IND,1917,,,,,,,
India,IND,1918,,,,,,,
India,IND,1919,,,,,,,
India,IND,1920,,,,,,,
India,IND,1921,,,,,,,
India,IND,1922,,,,,,,
India,IND,1923,,,,,,,
India,IND,1924,,,,,,,
India,IND,1925,,,,,,,
India,IND,1926,,,,,,,
India,IND,1927,,,,,,,
India,IND,1928,,,,,,,
India,IND,1929,,,,,,,
India,IND,1930,,,,,,,
India,IND,1931,,,,,,,
India,IND,1932,,,,,,,
India,IND,1933,,,,,,,
India,IND,1934,,,,,,,
India,IND,1935,,,,,,,
India,IND,1936,,,,,,,
India,IND,1937,,,,,,,
India,IND,1938,,,,,,,
India,IND,1939,,,,,,,
India,IND,1940,,,,,,,
India,IND,1941,,,,,,,
India,IND,1942,,,,,,,
India,IND,1943,,,,,,,
India,IND,1944,,,,,,,
India,IND,1945,,,,,,,
India,IND,1946,,,,,,,
India,IND,1947,,,,,,,
India,IND,1948,,,,,,,
India,IND,1949,,,,,,,
India,IND,1950,,,,,,,
India,IND,1951,,,,,,,
India,IND,1952,,,,,,,
India,IND,1953,,,,,,,
India,IND,1954,,,,,,,
India,IND,1955,,,,,,,
India,IND,1956,,,,,,,
India,IND,1957,,,,,,,
India,IND,1958,,,,,,,
India,IND,1959,,,,,,,
Indonesia,IDN,1900,0.0,,,,,,
Indonesia,IDN,1901,0.0,,,,,,
Indonesia,IDN,1902,0.0,,,,,,
Indonesia,IDN,1903,0.0,,,,,,
Indonesia,IDN,1904,0.0,,,,,,
Indonesia,IDN,1905,0.0,,,,,,
Indonesia,IDN,1906,0.0,,,,,,
Indonesia,IDN,1907,0.0,,,,,,
Indonesia,IDN,1908,0.0,,,,,,
Indonesia,IDN,1909,0.0,,,,,,
Indonesia,IDN,1910,0.0,,,,,,
Indonesia,IDN,1911,0.0,,,,,,
Indonesia,IDN,1912,0.0,,,,,,
Indonesia,IDN,1913,0.0,,,,,,
Indonesia,IDN,1914,0.0,,,,,,
Indonesia,IDN,1915,0.0,,,,,,
Indonesia,IDN,1916,0.0,,,,,,
Indonesia,IDN,1917,0.0,,,,,,
Indonesia,IDN,1918,0.0,,,,,,
Indonesia,IDN,1919,0.0,,,,,,
Indonesia,IDN,1920,0.0,,,,,,
Indonesia,IDN,1921,0.0,,,,,,
Indonesia,IDN,1922,0.0,,,,,,
Indonesia,IDN,1923,0.0,,,,,,
Indonesia,IDN,1924,0.0,,,,,,
Indonesia,IDN,1925,0.0,,,,,,
Indonesia,IDN,1926,0.0,,,,,,
Indonesia,IDN,1927,0.0,,,,,,
Indonesia,IDN,1928,0.0,,,,,,
Indonesia,IDN,1929,0.0,,,,,,
Indonesia,IDN,1930,0.0,,,,,,
Indonesia,IDN,1931,0.0,,,,,,
Indonesia,IDN,1932,0.0,,,,,,
Indonesia,IDN,1933,0.0,,,,,,
Indonesia,IDN,1934,0.0,,,,,,
Indonesia,IDN,1935,0.0,,,,,,
Indonesia,IDN,1936,0.0,,,,,,
Indonesia,IDN,1937,0.0,,,,,,
Indonesia,IDN,1938,0.0,,,,,,
Indonesia,IDN,1939,0.0,,,,,,
Indonesia,IDN,1940,0.0,,,,,,
Indonesia,IDN,1941,0.0,,,,,,
Indonesia,IDN,1942,0.0,,,,,,
Indonesia,IDN,1943,0.0,,,,,,
Indonesia,IDN,1944,0.0,,,,,,
Indonesia,IDN,1945,0.0,,,,,,
Indonesia,IDN,1946,0.0,,,,,,
Indonesia,IDN,1947,0.0,,,,,,
Indonesia,IDN,1948,0.0,,,,,,
Indonesia,IDN,1949,0.0,,,,,,
Indonesia,IDN,1950,0.0,,,,,,
Indonesia,IDN,1951,0.0,,,,,,
Indonesia,IDN,1952,0.0,,,,,,
Indonesia,IDN,1953,0.0,,,,,,
Indonesia,IDN,1954,0.0,,,,,,
Indonesia,IDN,1955,0.0,,,,,,
Indonesia,IDN,1956,0.0,,,,,,
Indonesia,IDN,1957,0.0,,,,,,
Indonesia,IDN,1958,0.0,,,,,,
Indonesia,IDN,1959,0.0,,,,,,
Iran,IRN,1900,,,,,,,
Iran,IRN,1901,,,,,,,
Iran,IRN,1902,,,,,,,
Iran,IRN,1903,,,,,,,
Iran,IRN,1904,,,,,,,
Iran,IRN,1905,,,,,,,
Iran,IRN,1906,,,,,,,
Iran,IRN,1907,,,,,,,
Iran,IRN,1908,,,,,,,
Iran,IRN,1909,,,,,,,
Iran,IRN,1910,,,,,,,
Iran,IRN,1911,,,,,,,
Iran,IRN,1912,,,,,,,
Iran,IRN,1913,,,,,,,
Iran,IRN,1914,,,,,,,
Iran,IRN,1915,,,,,,,
Iran,IRN,1916,,,,,,,
Iran,IRN,1917,,,,,,,
Iran,IRN,1918,,,,,,,
Iran,IRN,1919,,,,,,,
Iran,IRN,1920,,,,,,,
Iran,IRN,1921,,,,,,,
Iran,IRN,1922,,,,,,,
Iran,IRN,1923,,,,,,,
Iran,IRN,1924,,,,,,,
Iran,IRN,1925,,,,,,,
Iran,IRN,1926,,,,,,,
Iran,IRN,1927,,,,,,,
Iran,IRN,1928,,,,,,,
Iran,IRN,1929,,,,,,,
Iran,IRN,1930,,,,,,,
Iran,IRN,1931,,,,,,,
Iran,IRN,1932,,,,,,,
Iran,IRN,1933,,,,,,,
Iran,IRN,1934,,,,,,,
Iran,IRN,1935,,,,,,,
Iran,IRN,1936,,,,,,,
Iran,IRN,1937,,,,,,,
Iran,IRN,1938,,,,,,,
Iran,IRN,1939,,,,,,,
Iran,IRN,1940,,,,,,,
Iran,IRN,1941,,,,,,,
Iran,IRN,1942,,,,,,,
Iran,IRN,1943,,,,,,,
Iran,IRN,1944,,,,,,,
Iran,IRN,1945,,,,,,,
Iran,IRN,1946,,,,,,,
Iran,IRN,1947,,,,,,,
Iran,IRN,1948,,,,,,,
Iran,IRN,1949,,,,,,,
Iran,IRN,1950,,,,,,,
Iran,IRN,1951,,,,,,,
Iran,IRN,1952,,,,,,,
Iran,IRN,1953,,,,,,,
Iran,IRN,1954,,,,,,,
Iran,IRN,1955,,,,,,,
Iran,IRN,1956,,,,,,,
Iran,IRN,1957,,,,,,,
Iran,IRN,1958,,,,,,,
Iran,IRN,1959,,,,,,,
Iraq,IRQ,1900,0.0,,,,,,
Iraq,IRQ,1901,0.0,,,,,,
Iraq,IRQ,1902,0.0,,,,,,
Iraq,IRQ,1903,0.0,,,,,,
Iraq,IRQ,1904,0.0,,,,,,
Iraq,IRQ,1905,0.0,,,,,,
Iraq,IRQ,1906,0.0,,,,,,
Iraq,IRQ,1907,0.0,,,,,,
Iraq,IRQ,1908,0.0,,,,,,
Iraq,IRQ,1909,0.0,,,,,,
Iraq,IRQ,1910,0.0,,,,,,
Iraq,IRQ,1911,0.0,,,,,,
Iraq,IRQ,1912,0.0,,,,,,
Iraq,IRQ,1913,0.0,,,,,,
Iraq,IRQ,1914,0.0,,,,,,
Iraq,IRQ,1915,0.0,,,,,,
Iraq,IRQ,1916,0.0,,,,,,
Iraq,IRQ,1917,0.0,,,,,,
Iraq,IRQ,1918,0.0,,,,,,
Iraq,IRQ,1919,0.0,,,,,,
Iraq,IRQ,1920,0.0,,,,,,
Iraq,IRQ,1921,0.0,,,,,,
Iraq,IRQ,1922,0.0,,,,,,
Iraq,IRQ,1923,0.0,,,,,,
Iraq,IRQ,1924,0.0,,,,,,
Iraq,IRQ,1925,0.0,,,,,,
Iraq,IRQ,1926,0.0,,,,,,
Iraq,IRQ,1927,0.0,,,,,,
Iraq,IRQ,1928,0.0,,,,,,
Iraq,IRQ,1929,0.0,,,,,,
Iraq,IRQ,1930,0.0,,,,,,
Iraq,IRQ,1931,0.0,,,,,,
Iraq,IRQ,1932,0.0,,,,,,
Iraq,IRQ,1933,0.0,,,,,,
Iraq,IRQ,1934,0.0,,,,,,
Iraq,IRQ,1935,0.0,,,,,,
Iraq,IRQ,1936,0.0,,,,,,
Iraq,IRQ,1937,0.0,,,,,,
Iraq,IRQ,1938,0.0,,,,,,
Iraq,IRQ,1939,0.0,,,,,,
Iraq,IRQ,1940,0.0,,,,,,
Iraq,IRQ,1941,0.0,,,,,,
Iraq,IRQ,1942,0.0,,,,,,
Iraq,IRQ,1943,0.0,,,,,,
Iraq,IRQ,1944,0.0,,,,,,
Iraq,IRQ,1945,0.0,,,,,,
Iraq,IRQ,1946,0.0,,,,,,
Iraq,IRQ,1947,0.0,,,,,,
Iraq,IRQ,1948,0.0,,,,,,
Iraq,IRQ,1949,0.0,,,,,,
Iraq,IRQ,1950,0.0,,,,,,
Iraq,IRQ,1951,0.0,,,,,,
Iraq,IRQ,1952,0.0,,,,,,
Iraq,IRQ,1953,0.0,,,,,,
Iraq,IRQ,1954,0.0,,,,,,
Iraq,IRQ,1955,0.0,,,,,,
Iraq,IRQ,1956,0.0,,,,,,
Iraq,IRQ,1957,0.0,,,,,,
Iraq,IRQ,1958,0.0,,,,,,
Iraq,IRQ,1959,0.0,,,,,,
Ireland,IRL,1900,,,,,,,
Ireland,IRL,1901,,,,,,,
Ireland,IRL,1902,,,,,,,
Ireland,IRL,1903,,,,,,,
Ireland,IRL,1904,,,,,,,
Ireland,IRL,1905,,,,,,,
Ireland,IRL,1906,,,,,,,
Ireland,IRL,1907,,,,,,,
Ireland,IRL,1908,,,,,,,
Ireland,IRL,1909,,,,,,,
Ireland,IRL,1910,,,,,,,
Ireland,IRL,1911,,,,,,,
Ireland,IRL,1912,,,,,,,
Ireland,IRL,1913,,,,,,,
Ireland,IRL,1914,,,,,,,
Ireland,IRL,1915,,,,,,,
Ireland,IRL,1916,,,,,,,
Ireland,IRL,1917,,,,,,,
Ireland,IRL,1918,,,,,,,
Ireland,IRL,1919,,,,,,,
Ireland,IRL,1920,,,,,,,
Ireland,IRL,1921,,,,,,,
Ireland,IRL,1922,,,,,,,
Ireland,IRL,1923,,,,,,,
Ireland,IRL,1924,,,,,,,
Ireland,IRL,1925,,,,,,,
Ireland,IRL,1926,,,,,,,
Ireland,IRL,1927,,,,,,,
Ireland,IRL,1928,,,,,,,
Ireland,IRL,1929,,,,,,,
Ireland,IRL,1930,,,,,,,
Ireland,IRL,1931,,,,,,,
Ireland,IRL,1932,,,,,,,
Ireland,IRL,1933,,,,,,,
Ireland,IRL,1934,,,,,,,
Ireland,IRL,1935,,,,,,,
Ireland,IRL,1936,,,,,,,
Ireland,IRL,1937,,,,,,,
Ireland,IRL,1938,,,,,,,
Ireland,IRL,1939,,,,,,,
Ireland,IRL,1940,,,,,,,
Ireland,IRL,1941,,,,,,,
Ireland,IRL,1942,,,,,,,
Ireland,IRL,1943,,,,,,,
Ireland,IRL,1944,,,,,,,
Ireland,IRL,1945,,,,,,,
Ireland,IRL,1946,,,,,,,
Ireland,IRL,1947,,,,,,,
Ireland,IRL,1948,,,,,,,
Ireland,IRL,1949,,,,,,,
Ireland,IRL,1950,,,,,,,
Ireland,IRL,1951,,,,,,,
Ireland,IRL,1952,,,,,,,
Ireland,IRL,1953,,,,,,,
Ireland,IRL,1954,,,,,,,
Ireland,IRL,1955,,,,,,,
Ireland,IRL,1956,,,,,,,
Ireland,IRL,1957,,,,,,,
Ireland,IRL,1958,,,,,,,
Ireland,IRL,1959,,,,,,,
Israel,ISR,1900,0.0,,,,,,
Israel,ISR,1901,0.0,,,,,,
Israel,ISR,1902,0.0,,,,,,
Israel,ISR,1903,0.0,,,,,,
Israel,ISR,1904,0.0,,,,,,
Israel,ISR,1905,0.0,,,,,,
Israel,ISR,1906,0.0,,,,,,
Israel,ISR,1907,0.0,,,,,,
Israel,ISR,1908,0.0,,,,,,
Israel,ISR,1909,0.0,,,,,,
Israel,ISR,1910,0.0,,,,,,
Israel,ISR,1911,0.0,,,,,,
Israel,ISR,1912,0.0,,,,,,
Israel,ISR,1913,0.0,,,,,,
Israel,ISR,1914,0.0,,,,,,
Israel,ISR,1915,0.0,,,,,,
Israel,ISR,1916,0.0,,,,,,
Israel,ISR,1917,0.0,,,,,,
Israel,ISR,1918,0.0,,,,,,
Israel,ISR,1919,0.0,,,,,,
Israel,ISR,1920,0.0,,,,,,
Israel,ISR,1921,0.0,,,,,,
Israel,ISR,1922,0.0,,,,,,
Israel,ISR,1923,0.0,,,,,,
Israel,ISR,1924,0.0,,,,,,
Israel,ISR,1925,0.0,,,,,,
Israel,ISR,1926,0.0,,,,,,
Israel,ISR,1927,0.0,,,,,,
Israel,ISR,1928,0.0,,,,,,
Israel,ISR,1929,0.0,,,,,,
Israel,ISR,1930,0.0,,,,,,
Israel,ISR,1931,0.0,,,,,,
Israel,ISR,1932,0.0,,,,,,
Israel,ISR,1933,0.0,,,,,,
Israel,ISR,1934,0.0,,,,,,
Israel,ISR,1935,0.0,,,,,,
Israel,ISR,1936,0.0,,,,,,
Israel,ISR,1937,0.0,,,,,,
Israel,ISR,1938,0.0,,,,,,
Israel,ISR,1939,0.0,,,,,,
Israel,ISR,1940,0.0,,,,,,
Israel,ISR,1941,0.0,,,,,,
Israel,ISR,1942,0.0,,,,,,
Israel,ISR,1943,0.0,,,,,,
Israel,ISR,1944,0.0,,,,,,
Israel,ISR,1945,0.0,,,,,,
Israel,ISR,1946,0.0,,,,,,
Israel,ISR,1947,0.0,,,,,,
Israel,ISR,1948,0.0,,,,,,
Israel,ISR,1949,0.0,,,,,,
Israel,ISR,1950,0.0,,,,,,
Israel,ISR,1951,0.0,,,,,,
Israel,ISR,1952,0.0,,,,,,
Israel,ISR,1953,0.0,,,,,,
Israel,ISR,1954,0.0,,,,,,
Israel,ISR,1955,0.0,,,,,,
Israel,ISR,1956,0.0,,,,,,
Israel,ISR,1957,0.0,,,,,,
Israel,ISR,1958,0.0,,,,,,
Israel,ISR,1959,0.0,,,,,,
Italy,ITA,1900,0.0,,,,,,
Italy,ITA,1901,0.0,,,,,,
Italy,ITA,1902,0.0,,,,,,
Italy,ITA,1903,0.0,,,,,,
Italy,ITA,1904,0.0,,,,,,
Italy,ITA,1905,0.0,,,,,,
Italy,ITA,1906,0.0,,,,,,
Italy,ITA,1907,0.0,,,,,,
Italy,ITA,1908,0.0,,,,,,
Italy,ITA,1909,0.0,,,,,,
Italy,ITA,1910,0.0,,,,,,
Italy,ITA,1911,0.0,,,,,,
Italy,ITA,1912,0.0,,,,,,
Italy,ITA,1913,0.0,,,,,,
Italy,ITA,1914,0.0,,,,,,
Italy,ITA,1915,0.0,,,,,,
Italy,ITA,1916,0.0,,,,,,
Italy,ITA,1917,0.0,,,,,,
Italy,ITA,1918,0.0,,,,,,
Italy,ITA,1919,0.0,,,,,,
Italy,ITA,1920,0.0,,,,,,
Italy,ITA,1921,0.0,,,,,,
Italy,ITA,1922,0.0,,,,,,
Italy,ITA,1923,0.0,,,,,,
Italy,ITA,1924,0.0,,,,,,
Italy,ITA,1925,0.0,,,,,,
Italy,ITA,1926,0.0,,,,,,
Italy,ITA,1927,0.0,,,,,,
Italy,ITA,1928,0.0,,,,,,
Italy,ITA,1929,0.0,,,,,,
Italy,ITA,1930,0.0,,,,,,
Italy,ITA,1931,0.0,,,,,,
Italy,ITA,1932,0.0,,,,,,
Italy,ITA,1933,0.0,,,,,,
Italy,ITA,1934,0.0,,,,,,
Italy,ITA,1935,0.0,,,,,,
Italy,ITA,1936,0.0,,,,,,
Italy,ITA,1937,0.0,,,,,,
Italy,ITA,1938,0.0,,,,,,
Italy,ITA,1939,0.0,,,,,,
Italy,ITA,1940,0.0,,,,,,
Italy,ITA,1941,0.0,,,,,,
Italy,ITA,1942,0.0,,,,,,
Italy,ITA,1943,0.0,,,,,,
Italy,ITA,1944,0.0,,,,,,
Italy,ITA,1945,0.0,,,,,,
Italy,ITA,1946,0.0,,,,,,
Italy,ITA,1947,0.0,,,,,,
Italy,ITA,1948,0.0,,,,,,
Italy,ITA,1949,0.0,,,,,,
Italy,ITA,1950,0.0,,,,,,
Italy,ITA,1951,0.0,,,,,,
Italy,ITA,1952,0.0,,,,,,
Italy,ITA,1996,0.029999999,0.829,193.32998197953148,1.02,78.52195121951222,1.02,61.9340535
Italy,ITA,1998,0.230000004,0.84,193.48796028696745,4.56,78.97560975609755,4.56,60.4186245
Italy,ITA,2000,0.560000002,0.849,192.55543456942087,23.1108742441037,79.77804878048782,23.1108742441037,63.672159699999995
Italy,ITA,2002,1.399999976,0.862,193.05495100061546,28.04,80.22926829268295,28.04,61.709815799999994
Italy,ITA,2003,1.460000038,0.866,194.10108278833212,29.04,79.98292682926831,29.04,58.1388872
Italy,ITA,2004,1.840000033,0.874,195.55177229657986,33.24,80.78048780487806,33.24,57.3093831
Italy,ITA,2005,2.339999914,0.876,196.69645405420027,35.0,80.78292682926829,35.0,58.9414358
Italy,ITA,2006,2.970000029,0.881,197.4849721694317,37.99,81.28292682926829,37.99,58.918439299999996
Italy,ITA,2007,4.03000021,0.885,198.69012708052944,40.79,81.43414634146342,40.79,55.6742618
Italy,ITA,2008,4.860000134,0.885,200.22853191215955,44.53,81.48536585365855,44.53,54.2020626
Italy,ITA,2009,6.539999962,0.884,201.3927255019985,48.83,81.63658536585366,48.83,53.680288499999996
Italy,ITA,2010,9.119999886,0.887,202.28530897679545,53.68,82.03658536585367,53.68,51.9186212
Italy,ITA,2011,9.850000381,0.89,202.9867677990518,54.3899983018814,82.1878048780488,54.3899983018814,52.898173799999995
Italy,ITA,2012,13.40999985,0.887,203.54272313487849,55.829997993283,82.23902439024391,55.829997993283,51.0646187
Italy,ITA,2013,14.89999962,0.887,203.94975280503724,58.4593,82.69024390243902,58.4593,48.7063949
Italy,ITA,2014,15.18000031,0.89,203.98050507578165,55.6384602242293,83.09024390243904,55.6384602242293,48.1208701
Italy,ITA,2015,14.84000015,0.889,203.67243454913125,58.1417349568747,82.5439024390244,58.1417349568747,49.2267197
Italy,ITA,2016,17.69000053,0.894,203.28564037359916,61.3242527666303,83.24390243902438,61.3242527666303,50.3897538
Italy,ITA,2017,17.73999977,0.897,202.9036176357205,63.0773469984291,82.94634146341465,63.0773469984291,51.7990463
Italy,ITA,2018,17.71999931,0.902,202.4808128013851,74.3871829234822,83.34634146341465,74.3871829234822,52.8685098
Italy,ITA,2019,20.20000076,0.906,201.9805455891951,67.8507102874836,83.49756097560977,67.8507102874836,53.580756799999996
Italy,ITA,2020,18.76000023,0.899,200.99910049134814,70.48342785,82.19512195121952,70.48342785,58.5820595
Italy,ITA,2021,20.93000031,0.908,199.9654162594643,74.8623274,82.64634146341464,74.8623274,58.773750799999995
Italy,ITA,2022,20.48999977,0.905,199.55926890301637,85.06074504,82.7,85.06074504,59.4705879
Italy,ITA,2023,23.59000015,0.915,199.45967807385364,87.0278292,83.35121951219513,87.0278292,59.421832099999996
Jamaica,JAM,1996,0.0,0.664,233.09907663896584,0.5910000000000001,71.328,0.5910000000000001,50.130747199999995
Jamaica,JAM,1998,0.0,0.662,237.27940904893813,1.98,71.17,1.98,50.1051234
Jamaica,JAM,2000,0.0,0.659,240.79649122807018,3.11577802729967,71.281,3.11577802729967,46.8369293
Jamaica,JAM,2002,0.0,0.672,243.82012927054478,6.1,71.478,6.1,41.625863599999995
Jamaica,JAM,2003,0.0,0.668,245.302216066482,7.8,71.585,7.8,39.984789299999996
Jamaica,JAM,2004,0.029999999,0.684,246.74284395198524,10.0,71.542,10.0,41.1902476
Jamaica,JAM,2005,0.050000001,0.687,248.11320406278855,12.80000019,71.493,12.80000019,41.4944333
Jamaica,JAM,2006,0.050000001,0.696,249.39686057248383,16.39999962,71.395,16.39999962,43.579127199999995
Jamaica,JAM,2007,0.050000001,0.704,250.58171745152356,21.10000038,71.405,21.10000038,42.0218913
Jamaica,JAM,2008,0.050000001,0.711,251.67451523545705,23.6,71.502,23.6,41.9861589
Jamaica,JAM,2009,0.059999999,0.711,252.72345337026778,24.3,71.717,24.3,42.2411597
Jamaica,JAM,2010,0.050000001,0.708,253.7920590951062,27.67,71.979,27.67,43.3871403
Jamaica,JAM,2011,0.090000004,0.711,254.8932594644506,37.438613414848,72.245,37.438613414848,46.852695399999995
Jamaica,JAM,2012,0.109999999,0.711,255.99538319482917,33.79,72.405,33.79,42.9847082
Jamaica,JAM,2013,0.119999997,0.711,257.034810710988,37.1,72.435,37.1,42.717418699999996
Jamaica,JAM,2014,0.119999997,0.712,257.9638965835642,40.4027351046672,72.357,40.4027351046672,41.9971278
Jamaica,JAM,2015,0.129999995,0.713,258.77506925207757,42.2212211907441,72.214,42.2212211907441,43.0127569
Jamaica,JAM,2016,0.209999993,0.714,259.45660203139425,44.3668563671334,72.052,44.3668563671334,44.4767583
Jamaica,JAM,2017,0.25,0.715,259.996675900277,55.0720670507751,71.879,55.0720670507751,44.551613499999995
Jamaica,JAM,2018,0.300000012,0.715,260.3967682363804,68.2145170876072,71.606,68.2145170876072,44.316922999999996
Jamaica,JAM,2019,0.270000011,0.716,260.6898430286242,70.8410169743356,71.532,70.8410169743356,46.5657717
Jamaica,JAM,2020,0.280000001,0.711,261.37940904893816,76.38400269,71.452,76.38400269,46.233857
Jamaica,JAM,2021,0.25999999,0.703,262.02049861495846,82.36071561,69.085,82.36071561,46.131208199999996
Jamaica,JAM,2022,0.270000011,0.718,262.1554939981533,85.84329987,71.481,85.84329987,46.259509099999995
Jamaica,JAM,2023,0.270000011,0.72,262.2147737765466,89.47304282,71.479,89.47304282,45.0927851
Japan,JPN,1996,0.001919192,0.88,345.01234567901236,4.37,80.21975609756099,4.37,72.2621204
Japan,JPN,1998,0.007070707,0.884,346.7764060356653,13.4,80.50146341463416,13.4,61.515901899999996
Japan,JPN,2000,0.109999999,0.889,347.9917695473251,29.9907403589142,81.07609756097563,29.9907403589142,65.0346579
Japan,JPN,2002,0.409999996,0.894,349.64334705075447,46.5942011179917,81.69073170731708,46.5942011179917,65.04451949999999
Japan,JPN,2003,0.829999983,0.896,350.3923182441701,48.4352658899653,81.76,48.4352658899653,65.67718889999999
Japan,JPN,2004,1.440000057,0.899,350.5102880658436,62.3939296327259,82.03024390243904,62.3939296327259,65.85294209999999
Japan,JPN,2005,1.909999967,0.9,350.5432098765432,66.9210661042901,81.95512195121951,66.9210661042901,66.63437259999999
Japan,JPN,2006,2.130000114,0.903,350.7654320987654,68.6852703213795,82.3219512195122,68.6852703213795,67.6808094
Japan,JPN,2007,2.74000001,0.905,351.1687242798354,74.3,82.50707317073172,74.3,65.24439459999999
Japan,JPN,2008,2.9400000569999998,0.905,351.33882030178324,75.4,82.58756097560978,75.4,67.25966
Japan,JPN,2009,3.430000067,0.905,351.2949245541838,78.0,82.93146341463415,78.0,71.4630251
Japan,JPN,2010,3.930000067,0.907,351.358024691358,78.21,82.84268292682927,78.21,75.94235119999999
Japan,JPN,2011,4.460000038,0.906,350.7078189300411,79.0541135244739,82.59121951219514,79.0541135244739,79.03912179999999
Japan,JPN,2012,4.730000019,0.909,350.14814814814815,79.4964,83.09609756097561,79.4964,78.023096
Japan,JPN,2013,5.1300001139999996,0.912,349.64334705075447,88.219428911,83.3319512195122,88.219428911,78.1758649
Japan,JPN,2014,5.010000229,0.914,349.17969821673523,89.1068330166075,83.5878048780488,89.1068330166075,79.0135912
Japan,JPN,2015,5.21999979,0.917,348.8093278463649,91.0580283929962,83.7939024390244,91.0580283929962,77.2168959
Japan,JPN,2016,5.340000153,0.918,348.6310013717421,93.1827212821617,83.9848780487805,93.1827212821617,77.1095449
Japan,JPN,2017,6.21999979,0.92,348.34567901234567,91.7265472366635,84.09975609756098,91.7265472366635,77.7326178
Japan,JPN,2018,7.3699998860000004,0.921,347.9039780521262,88.7463508901772,84.2109756097561,88.7463508901772,76.0098891
Japan,JPN,2019,7.460000038,0.922,347.4156378600823,92.7303978145525,84.35634146341464,92.7303978145525,76.8716644
Japan,JPN,2020,8.409999847,0.922,346.39506172839504,90.21945812,84.56,90.21945812,76.8027176
Japan,JPN,2021,9.539999962,0.922,344.8054677640604,82.91407928,84.44560975609757,82.91407928,77.3143791
Japan,JPN,2022,9.420000076,0.921,343.27843347050754,84.92343147,83.99634146341464,84.92343147,77.04179649999999
Japan,JPN,2023,9.960000038,0.925,341.54455749931964,85.00990295,84.04121951219513,85.00990295,74.9337419
Jordan,JOR,1996,0.0,0.657,55.672212148685404,0.0449,71.105,0.0449,51.217565699999994
Jordan,JOR,1998,0.0,0.664,58.525430643699,1.31,71.521,1.31,54.694834699999994
Jordan,JOR,2000,0.0,0.672,61.04878739800544,2.62327542156362,71.926,2.62327542156362,52.6417176
Jordan,JOR,2002,0.0,0.686,63.64535358114234,6.02553241191204,72.359,6.02553241191204,47.723836399999996
Jordan,JOR,2003,0.0,0.693,65.07058023572075,8.46600501623938,72.585,8.46600501623938,53.8299989
Jordan,JOR,2004,0.0,0.705,66.65980281051677,11.6587413706379,72.788,11.6587413706379,49.223438599999994
Jordan,JOR,2005,0.0,0.713,68.33167497733454,12.93290043,72.977,12.93290043,49.140650699999995
Jordan,JOR,2006,0.0,0.719,72.83965321849502,13.86709976,73.225,13.86709976,49.643304699999995
Jordan,JOR,2007,0.0,0.725,77.37111287398005,20.0,73.407,20.0,49.938752199999996
Jordan,JOR,2008,0.0,0.733,79.21425657298278,23.0,73.563,23.0,52.7300598
Jordan,JOR,2009,0.0,0.735,80.44326424870466,26.0,73.707,26.0,49.6474684
Jordan,JOR,2010,0.0,0.732,82.19241946384321,27.2,73.797,27.2,48.3884571
Jordan,JOR,2011,0.0,0.734,84.25798603289029,34.9,73.929,34.9,50.9036884
Jordan,JOR,2012,0.0,0.74,85.45986708718179,37.0,74.087,37.0,49.774504199999996
Jordan,JOR,2013,0.0,0.742,90.01812345122775,41.4,74.282,41.4,49.8168698
Jordan,JOR,2014,0.0,0.742,99.02804685740031,46.2,74.606,46.2,49.761592199999996
Jordan,JOR,2015,0.119999997,0.743,107.50990087857626,54.22000122,75.06,54.22000122,53.207695199999996
Jordan,JOR,2016,0.389999986,0.745,112.7096981302095,56.15000153,75.55,56.15000153,51.921517699999995
Jordan,JOR,2017,0.449999988,0.747,115.27625591349403,64.5,76.071,64.5,51.4506288
Jordan,JOR,2018,0.709999979,0.747,117.8453029961703,65.2,76.491,65.2,49.3577169
Jordan,JOR,2019,0.879999995,0.75,120.18707345090884,70.08470154,76.865,70.08470154,49.6648882
Jordan,JOR,2020,1.379999995,0.743,122.36443903867378,78.4178009,75.583,78.4178009,50.7071714
Jordan,JOR,2021,1.600000024,0.736,124.62954704146676,85.999997,74.204,85.999997,48.213321199999996
Jordan,JOR,2022,1.75,0.751,126.76828389305584,90.4999984,77.088,90.4999984,48.313456099999996
Jordan,JOR,2023,1.75,0.754,128.82867085613893,92.53443944,77.814,92.53443944,50.0010677
Kazakhstan,KAZ,1996,0.0,0.669,6.08068563173686,0.031799999999999995,63.455,0.031799999999999995,22.7065385
Kazakhstan,KAZ,1998,0.0,0.678,5.79611993925251,0.131,63.349,0.131,28.8590521
Kazakhstan,KAZ,2000,0.0,0.692,5.741787235618772,0.668594402621264,63.793,0.668594402621264,23.3936597
Kazakhstan,KAZ,2002,0.0,0.72,5.799413638552432,1.67477099516366,64.441,1.67477099516366,22.106496399999997
Kazakhstan,KAZ,2003,0.0,0.732,5.833011075304664,2.00041475265872,64.753,2.00041475265872,22.091094599999998
Kazakhstan,KAZ,2004,0.0,0.743,5.871081601659443,2.6503946570164,65.04,2.6503946570164,24.352491
Kazakhstan,KAZ,2005,0.0,0.754,5.914774604585695,2.961699963,65.356,2.961699963,25.841632399999998
Kazakhstan,KAZ,2006,0.0,0.765,5.9650020372634,3.268399954,65.722,3.268399954,23.4605073
Kazakhstan,KAZ,2007,0.0,0.772,6.021859465866577,4.02,66.18,4.02,23.227504999999997
Kazakhstan,KAZ,2008,0.0,0.771,6.084574211949476,11.0,66.759,11.0,27.1136873
Kazakhstan,KAZ,2009,0.0,0.774,6.156182538800607,18.2,67.46,18.2,27.7982722
Kazakhstan,KAZ,2010,0.0,0.781,6.236548505389488,31.6,68.257,31.6,27.8338103
Kazakhstan,KAZ,2011,0.0,0.79,6.321443864133052,50.6,69.108,50.6,29.8513205
Kazakhstan,KAZ,2012,0.0,0.799,6.410381153461496,61.9066274652008,69.939,61.9066274652008,29.377788
Kazakhstan,KAZ,2013,0.0,0.808,6.503130718227951,63.30422443,70.719,63.30422443,29.0554861
Kazakhstan,KAZ,2014,0.01,0.813,6.599357336000296,66.0,71.415,66.0,30.8019216
Kazakhstan,KAZ,2015,0.129999995,0.819,6.698584657554543,70.82993359566,72.024,70.82993359566,30.9776667
Kazakhstan,KAZ,2016,0.270000011,0.82,6.802089121013446,74.5877264735738,72.549,74.5877264735738,31.934061
Kazakhstan,KAZ,2017,0.340000004,0.824,6.908890247064488,76.4267482325439,72.996,76.4267482325439,32.8195391
Kazakhstan,KAZ,2018,0.389999986,0.828,7.012900322258028,78.9039190578816,73.369,78.9039190578816,37.635571
Kazakhstan,KAZ,2019,0.709999979,0.834,7.115440604511613,81.8776204746284,73.658,81.8776204746284,43.6609232
Kazakhstan,KAZ,2020,1.029999971,0.826,7.216400711190132,85.94259898,71.195,85.94259898,42.022846699999995
Kazakhstan,KAZ,2021,1.75,0.816,7.3132581397933105,90.9239507,70.131,90.9239507,42.3932789
Kazakhstan,KAZ,2022,2.3099999430000002,0.831,7.421050116679631,92.29685266,73.503,92.29685266,43.9682585
Kazakhstan,KAZ,2023,3.779999971,0.837,7.5305048709115825,92.87846096,74.402,92.87846096,43.3548024
Kenya,KEN,1996,0.0,0.491,48.04478862845697,0.008839999999999999,55.575,0.008839999999999999,27.217824
Kenya,KEN,1998,0.0,0.496,50.757383069192116,0.0503,55.568,0.0503,23.965952599999998
Kenya,KEN,2000,0.0,0.5,53.84068946129248,0.318059713612037,56.084,0.318059713612037,28.111220499999998
Kenya,KEN,2002,0.0,0.504,57.331777769968724,1.20777388492125,56.759,1.20777388492125,28.1579825
Kenya,KEN,2003,0.0,0.515,59.12819868573637,2.94190286101524,57.369,2.94190286101524,32.6207207
Kenya,KEN,2004,0.0,0.526,60.99282250412904,3.0235280420962,57.947,3.0235280420962,29.744014
Kenya,KEN,2005,0.0,0.532,62.89574445654848,3.101900101,58.51,3.101900101,26.681324099999998
Kenya,KEN,2006,0.0,0.541,64.84170502863971,3.5999999050000002,59.059,3.5999999050000002,28.6985428
Kenya,KEN,2007,0.0,0.548,66.83126998629511,4.400000095,59.407,4.400000095,28.4021825
Kenya,KEN,2008,0.0,0.553,68.88700671188109,5.199999809,59.955,5.199999809,26.5740278
Kenya,KEN,2009,0.01,0.553,70.99991390519028,6.1,60.483,6.1,25.417371799999998
Kenya,KEN,2010,0.02,0.552,73.09021857539446,7.2,60.915,7.2,30.5611385
Kenya,KEN,2011,0.02,0.56,75.12819517166251,8.800000191,61.283,8.800000191,29.1952417
Kenya,KEN,2012,0.01,0.565,77.11336929402256,10.5,61.537,10.5,28.120387899999997
Kenya,KEN,2013,0.01,0.57,79.04345328038795,13.0,61.729,13.0,28.9365003
Kenya,KEN,2014,0.02,0.576,80.9140808939804,16.5,61.99,16.5,30.9697705
Kenya,KEN,2015,0.059999999,0.583,82.45290087367965,16.5878548475992,62.279,16.5878548475992,28.1966398
Kenya,KEN,2016,0.059999999,0.594,84.00577713614521,16.6,62.526,16.6,29.621069
Kenya,KEN,2017,0.059999999,0.599,85.56011945221994,17.82710075,62.725,17.82710075,29.6658756
Kenya,KEN,2018,0.379999995,0.605,87.01944938698104,19.5,62.825,19.5,30.970383799999997
Kenya,KEN,2019,1.559999943,0.611,88.44538949881266,22.6687733618171,62.939,22.6687733618171,31.4670524
Kenya,KEN,2020,1.330000043,0.6,89.8940686683206,24.7227993,61.596,24.7227993,32.6627583
Kenya,KEN,2021,1.99000001,0.608,91.61875945016176,26.96290016,61.225,26.96290016,33.4673896
Kenya,KEN,2022,2.140000105,0.626,93.39761494831171,29.40589905,63.549,29.40589905,32.647666199999996
Kenya,KEN,2023,2.00999999,0.628,95.26813712317062,32.07040024,63.646,32.07040024,32.4824001
Kiribati,KIR,2004,0.0,,118.62345679012346,3.5,65.416,3.5,56.6961516
Kiribati,KIR,2005,0.0,0.588,121.03086419753086,4.0,65.517,4.0,54.369223299999994
Kiribati,KIR,2006,0.0,0.593,123.47777777777777,4.5,65.601,4.5,52.7919887
Kiribati,KIR,2007,0.0,0.596,126.00987654320987,6.0,65.677,6.0,53.555997399999995
Kiribati,KIR,2008,0.0,0.596,128.66913580246913,7.0,65.746,7.0,49.772636
Kiribati,KIR,2009,0.0,0.598,131.44074074074075,8.97,65.808,8.97,47.700615299999996
Kiribati,KIR,2010,0.0,0.6,134.20246913580246,9.07,65.859,9.07,49.240823999999996
Kiribati,KIR,2011,0.0,0.603,136.60123456790123,10.0,65.896,10.0,52.6251135
Kiribati,KIR,2012,0.0,0.608,138.62222222222223,10.74680042,65.908,10.74680042,50.7976227
Kiribati,KIR,2013,0.0,0.613,140.54074074074074,11.5,65.898,11.5,50.801932199999996
Kiribati,KIR,2014,0.0,0.615,142.37777777777777,12.25,65.869,12.25,53.564480599999996
Kiribati,KIR,2015,0.0,0.623,144.21604938271605,14.899999620000001,65.831,14.899999620000001,53.6095261
Kiribati,KIR,2016,0.0,0.627,146.26913580246912,19.41939926,65.799,19.41939926,52.9414077
Kiribati,KIR,2017,0.0,0.63,148.48765432098764,25.30960083,65.787,25.30960083,52.9154358
Kiribati,KIR,2018,0.0,0.633,150.720987654321,32.9864006,65.807,32.9864006,52.9596089
Kiribati,KIR,2019,0.0,0.635,152.98888888888888,41.79299927,65.866,41.79299927,54.949556199999996
Kiribati,KIR,2020,0.0,0.632,155.67777777777778,52.95090103,65.205,52.95090103,54.967911199999996
Kiribati,KIR,2021,0.0,0.631,158.49012345679012,67.08760071,64.148,67.08760071,54.6237606
Kiribati,KIR,2022,0.0,0.642,161.07283950617284,84.99849701,66.269,84.99849701,54.6117634
Kiribati,KIR,2023,0.0,0.644,163.6172839506173,88.0,66.473,88.0,54.570557699999995
Kuwait,KWT,1996,0.0,0.769,97.09573512906846,0.856,75.9250487804878,0.856,61.5821767
Kuwait,KWT,1998,0.0,0.77,103.49618406285073,3.05,75.96429268292685,3.05,61.556554999999996
Kuwait,KWT,2000,0.0,0.778,109.69186307519641,6.73139576837536,76.2258780487805,6.73139576837536,58.2553914
Kuwait,KWT,2002,0.0,0.783,115.5989898989899,10.2489679289296,76.53163414634147,10.2489679289296,59.4742678
Kuwait,KWT,2003,0.0,0.795,118.39960718294051,22.4029383804612,76.64456097560976,22.4029383804612,57.0985958
Kuwait,KWT,2004,0.0,0.798,121.06172839506173,22.9271120360078,76.72768292682929,22.9271120360078,56.1066675
Kuwait,KWT,2005,0.0,0.798,125.52121212121212,25.92609978,76.80078048780489,25.92609978,57.172677799999995
Kuwait,KWT,2006,0.0,0.799,132.7010662177329,28.79120064,76.88768292682929,28.79120064,51.030926699999995
Kuwait,KWT,2007,0.0,0.801,140.73439955106622,34.79999924,77.01017073170733,34.79999924,49.272777299999994
Kuwait,KWT,2008,0.0,0.805,148.78905723905723,42.0,77.18904878048781,42.0,49.6375581
Kuwait,KWT,2009,0.0,0.809,156.87340067340068,50.79999924,77.43336585365854,50.79999924,49.7453747
Kuwait,KWT,2010,0.0,0.812,165.17239057239058,61.40000153,77.72621951219513,61.40000153,50.1458089
Kuwait,KWT,2011,0.0,0.817,175.80325476992144,65.7690706867398,78.05224390243902,65.7690706867398,46.2480018
Kuwait,KWT,2012,0.0,0.822,187.26762065095397,70.44999695,78.39502439024392,70.44999695,45.107071499999996
Kuwait,KWT,2013,0.01,0.814,196.84870931537597,75.45999908,78.7418048780488,75.45999908,45.3456747
Kuwait,KWT,2014,0.01,0.818,205.71694725028058,78.69999695,79.08034146341464,78.69999695,42.3534557
Kuwait,KWT,2015,0.01,0.832,215.18372615039283,82.0,79.37656097560976,82.0,42.9579246
Kuwait,KWT,2016,0.01,0.836,224.69674523007856,85.59999847,79.67758536585367,85.59999847,40.9980663
Kuwait,KWT,2017,0.029999999,0.838,233.15443322109988,97.9999893344615,79.91607317073172,97.9999893344615,39.897104999999996
Kuwait,KWT,2018,0.039999999,0.84,242.62149270482604,99.5988495907557,80.10636585365855,99.5988495907557,42.293307999999996
Kuwait,KWT,2019,0.039999999,0.843,249.28821548821549,99.5426764518489,81.96975609756099,99.5426764518489,45.1303189
Kuwait,KWT,2020,0.029999999,0.837,246.92856341189673,99.10587017,78.7609756097561,99.10587017,44.714908
Kuwait,KWT,2021,0.07,0.839,244.71745230078562,99.7,78.73658536585367,99.7,46.627372699999995
Kuwait,KWT,2022,1.720000029,0.845,257.5557239057239,99.74729919,80.58780487804879,99.74729919,49.416334299999995
Kuwait,KWT,2023,1.720000029,0.852,272.358024691358,99.74731125,83.1878048780488,99.74731125,51.2150963
Kyrgyzstan,KGZ,1996,0.0,0.597,24.131584984358707,,66.54390243902441,,29.988671399999998
Kyrgyzstan,KGZ,1998,0.0,0.613,24.864520333680918,0.0728,67.05121951219513,0.0728,32.435555199999996
Kyrgyzstan,KGZ,2000,0.0,0.627,25.53890510948905,1.04140114469361,68.55853658536587,1.04140114469361,27.11207
Kyrgyzstan,KGZ,2002,0.0,0.635,26.020354535974974,2.99926518003089,68.15609756097561,2.99926518003089,26.9082641
Kyrgyzstan,KGZ,2003,0.0,0.642,26.294619395203338,3.90876626828521,68.25609756097562,3.90876626828521,26.8715925
Kyrgyzstan,KGZ,2004,0.0,0.646,26.614770594369134,5.09038530732863,68.15365853658537,5.09038530732863,25.169241
Kyrgyzstan,KGZ,2005,0.0,0.648,26.916788321167882,10.53380013,67.95609756097562,10.53380013,20.696374
Kyrgyzstan,KGZ,2006,0.0,0.652,27.207367049009385,12.30690002,67.6951219512195,12.30690002,20.3103962
Kyrgyzstan,KGZ,2007,0.0,0.658,27.468117831074036,14.03,67.89512195121952,14.03,20.9270303
Kyrgyzstan,KGZ,2008,0.0,0.666,27.730599582898854,15.69999981,68.45121951219512,15.69999981,21.3622031
Kyrgyzstan,KGZ,2009,0.0,0.669,28.100328467153286,16.0,69.10243902439026,16.0,20.674284399999998
Kyrgyzstan,KGZ,2010,0.0,0.668,28.50395724713243,16.299999240000002,69.3,16.299999240000002,24.727269099999997
Kyrgyzstan,KGZ,2011,0.0,0.67,28.91859749739312,17.5,69.60243902439025,17.5,23.3447237
Kyrgyzstan,KGZ,2012,0.0,0.679,29.46859228362878,19.799999240000002,70.00243902439024,19.799999240000002,24.377904299999997
Kyrgyzstan,KGZ,2013,0.0,0.686,30.12069864442127,23.0,70.20243902439024,23.0,24.075252799999998
Kyrgyzstan,KGZ,2014,0.0,0.691,30.79169968717414,28.299999240000002,70.40243902439025,28.299999240000002,24.1342306
Kyrgyzstan,KGZ,2015,0.0,0.695,31.491324296141816,30.24699974,70.65121951219513,30.24699974,23.410027
Kyrgyzstan,KGZ,2016,0.0,0.7,32.19675703858186,40.52619934,70.95121951219512,40.52619934,23.76712
Kyrgyzstan,KGZ,2017,0.0,0.704,32.88162669447341,50.80530167,71.2,50.80530167,24.4076775
Kyrgyzstan,KGZ,2018,0.0,0.708,33.597909280500524,62.8,71.4,62.8,26.710674299999997
Kyrgyzstan,KGZ,2019,0.0,0.708,34.3598070907195,64.1,71.6,64.1,27.964109099999998
Kyrgyzstan,KGZ,2020,0.0,0.7,35.07088633993744,72.0,71.8,72.0,26.6328335
Kyrgyzstan,KGZ,2021,0.0,0.704,35.72066736183525,77.11769867,71.9,77.11769867,24.4075925
Kyrgyzstan,KGZ,2022,0.0,0.717,36.36715328467153,84.1937027,72.04878048780488,84.1937027,23.5160096
Kyrgyzstan,KGZ,2023,0.0,0.72,37.01642335766423,91.04440308,72.2487804878049,91.04440308,23.634651299999998
Laos,LAO,1996,0.0,0.449,21.861689774696707,,56.821,,33.0690484
Laos,LAO,1998,0.0,0.462,22.739454072790295,0.00966,57.549,0.00966,33.012868
Laos,LAO,2000,0.0,0.473,23.5321143847487,0.111044032290124,58.317,0.111044032290124,32.848608
Laos,LAO,2002,0.0,0.488,24.310610918544196,0.267899241309349,59.302,0.267899241309349,32.732324399999996
Laos,LAO,2003,0.0,0.496,24.68780329289428,0.333912466428616,59.643,0.333912466428616,32.6926571
Laos,LAO,2004,0.0,0.505,25.0503726169844,0.361434490258043,60.08,0.361434490258043,25.345546799999997
Laos,LAO,2005,0.0,0.514,25.43120883882149,0.850399971,60.688,0.850399971,22.3272101
Laos,LAO,2006,0.0,0.515,25.837088388214905,1.16989994,61.074,1.16989994,21.518805699999998
Laos,LAO,2007,0.0,0.529,26.240190641247832,1.64,61.694,1.64,22.002347699999998
Laos,LAO,2008,0.0,0.537,26.64198006932409,3.55,62.248,3.55,22.6685269
Laos,LAO,2009,0.0,0.548,27.04350953206239,6.0,63.023,6.0,22.6682982
Laos,LAO,2010,0.0,0.556,27.44451473136915,7.0,63.69,7.0,23.7660695
Laos,LAO,2011,0.0,0.567,27.844844020797225,9.0,64.505,9.0,24.571204899999998
Laos,LAO,2012,0.0,0.577,28.24513864818024,10.74769974,65.126,10.74769974,24.6825637
Laos,LAO,2013,0.0,0.587,28.645515597920276,12.5,65.723,12.5,26.0598361
Laos,LAO,2014,0.0,0.597,29.04320623916811,14.26000023,66.35,14.26000023,27.087626399999998
Laos,LAO,2015,0.0,0.604,29.46986568457539,18.20000076,66.688,18.20000076,27.6168008
Laos,LAO,2016,0.0,0.609,29.934150779896015,21.87000084,67.014,21.87000084,28.6714232
Laos,LAO,2017,0.0,0.612,30.40791594454073,25.51040077,67.345,25.51040077,27.4339995
Laos,LAO,2018,0.0,0.613,30.88407712305026,36.27130127,67.594,36.27130127,25.3842891
Laos,LAO,2019,0.0,0.615,31.35890814558059,47.03229904,67.911,47.03229904,25.487644399999997
Laos,LAO,2020,0.0,0.616,31.830732235701905,54.0,68.339,54.0,26.3811847
Laos,LAO,2021,0.0,0.613,32.29286828422877,62.0,67.807,62.0,26.0482458
Laos,LAO,2022,0.0,0.614,32.751330155979204,64.54000092,68.715,64.54000092,27.665342
Laos,LAO,2023,0.0,0.617,33.21054159445407,64.39800262,68.964,64.39800262,28.329059899999997
Latvia,LVA,1996,0.0,0.714,39.488035740112814,0.8130000000000001,68.77658536585368,0.8130000000000001,41.8881089
Latvia,LVA,1998,0.0,0.738,38.72947434393431,3.32,69.01219512195122,3.32,47.635202799999995
Latvia,LVA,2000,0.0,0.764,38.046989249039804,6.31906208267861,70.31463414634148,6.31906208267861,42.8058337
Latvia,LVA,2002,0.01,0.786,37.12492969289858,21.94,70.96097560975612,21.94,50.0826978
Latvia,LVA,2003,0.050000001,0.798,36.76788210905234,26.98,71.2658536585366,26.98,53.401364199999996
Latvia,LVA,2004,0.050000001,0.809,36.3688109663008,38.58,72.02682926829269,38.58,51.351338
Latvia,LVA,2005,0.050000001,0.818,35.977935622800395,46.0,71.35609756097561,46.0,54.2674185
Latvia,LVA,2006,0.050000001,0.823,35.64942870458161,53.63,70.8658536585366,53.63,55.927645299999995
Latvia,LVA,2007,0.050000001,0.829,35.35965095537307,59.17,71.01951219512196,59.17,54.0517368
Latvia,LVA,2008,0.059999999,0.837,34.989988268757934,63.41,72.41951219512197,63.41,53.4767497
Latvia,LVA,2009,0.050000001,0.836,34.41703762032558,66.84,73.08048780487806,66.84,53.0977493
Latvia,LVA,2010,0.050000001,0.833,33.70811705529754,68.42,73.4829268292683,68.42,54.810940099999996
Latvia,LVA,2011,0.07,0.84,33.099924470085334,69.7499545592245,73.57560975609756,69.7499545592245,55.7561793
Latvia,LVA,2012,0.109999999,0.843,32.691902228935994,73.1199437663748,73.77804878048781,73.1199437663748,55.6749298
Latvia,LVA,2013,0.119999997,0.852,32.343628971346845,75.2344,73.98292682926831,75.2344,56.5359014
Latvia,LVA,2014,0.140000001,0.854,32.04046475002812,75.8261041383556,74.12439024390244,75.8261041383556,58.108871099999995
Latvia,LVA,2015,0.150000006,0.859,31.77924373664165,79.2005829239344,74.48048780487805,79.2005829239344,60.018117399999994
Latvia,LVA,2016,0.129999995,0.864,31.490140935606732,79.8420977843089,74.58048780487805,79.8420977843089,59.813505799999994
Latvia,LVA,2017,0.150000006,0.87,31.212303340993458,80.1140770037369,74.62926829268294,80.1140770037369,60.7688577
Latvia,LVA,2018,0.119999997,0.875,30.970061227441466,83.5771748630956,74.7829268292683,83.5771748630956,58.8799825
Latvia,LVA,2019,0.150000006,0.88,30.755491989007986,86.13545644343,75.3878048780488,86.13545644343,62.0056741
Latvia,LVA,2020,0.180000007,0.879,30.539112968021854,88.89796078,75.18536585365854,88.89796078,63.2486116
Latvia,LVA,2021,0.140000001,0.871,30.282661095934436,91.17964988,72.98048780487807,91.17964988,64.90527399999999
Latvia,LVA,2022,0.189999998,0.881,30.200594568536076,91.03009059,74.27804878048782,91.03009059,64.5316679
Latvia,LVA,2023,0.270000011,0.889,30.27012694841716,92.18791291,75.42682926829269,92.18791291,63.560646999999996
Lebanon,LBN,1996,0.0,,394.4067448680352,0.14,72.614,0.14,35.0421567
Lebanon,LBN,1998,0.0,,408.7273704789834,2.72,73.201,2.72,31.0167288
Lebanon,LBN,2000,0.0,,423.2003910068426,7.95274373635276,73.895,7.95274373635276,34.941617
Lebanon,LBN,2002,0.0,,436.3151515151515,7.0,74.836,7.0,35.4954355
Lebanon,LBN,2003,0.0,,442.3761485826002,8.0,75.275,8.0,35.4795297
Lebanon,LBN,2004,0.0,,449.5873900293255,9.0,75.693,9.0,33.612278499999995
Lebanon,LBN,2005,0.0,0.71,456.60821114369503,10.14000034,76.074,10.14000034,34.0809632
Lebanon,LBN,2006,0.0,0.713,464.4316715542522,15.0,75.677,15.0,28.3642255
Lebanon,LBN,2007,0.0,0.726,473.5208211143695,18.74,76.732,18.74,27.279548499999997
Lebanon,LBN,2008,0.0,0.734,481.4617790811339,22.53,76.956,22.53,27.8531065
Lebanon,LBN,2009,0.0,0.743,488.0045943304008,30.13999939,77.262,30.13999939,28.0314385
Lebanon,LBN,2010,0.0,0.75,492.79452590420334,43.68000031,77.529,43.68000031,28.435477799999997
Lebanon,LBN,2011,0.0,0.758,498.1446725317693,52.0,77.768,52.0,30.374066199999998
Lebanon,LBN,2012,0.0,0.762,511.80273704789835,61.24980164,77.941,61.24980164,28.855940999999998
Lebanon,LBN,2013,0.0,0.762,561.4306940371456,70.5,78.037,70.5,28.2190209
Lebanon,LBN,2014,0.01,0.761,620.4291300097751,73.0,78.148,73.0,25.4678866
Lebanon,LBN,2015,0.01,0.763,632.694916911046,74.0,78.275,74.0,27.516307599999998
Lebanon,LBN,2016,0.01,0.767,618.0899315738026,76.11000061,78.306,76.11000061,26.2159388
Lebanon,LBN,2017,0.01,0.772,602.1630498533724,78.18080139,78.192,78.18080139,26.168018999999997
Lebanon,LBN,2018,0.01,0.774,584.9578690127078,80.90000153,78.263,80.90000153,23.142336699999998
Lebanon,LBN,2019,0.01,0.771,566.4314760508308,81.48120117,78.208,81.48120117,22.984466899999997
Lebanon,LBN,2020,0.01,0.75,557.4191593352883,82.0664978,76.299,82.0664978,22.9471597
Lebanon,LBN,2021,0.01,0.733,558.9562072336266,82.65599823,73.65,82.65599823,22.377332199999998
Lebanon,LBN,2022,0.01,0.755,561.5336265884653,81.46479797,78.003,81.46479797,23.2081318
Lebanon,LBN,2023,0.01,0.752,564.3688172043011,81.7059021,77.817,81.7059021,22.4433844
Lesotho,LSO,1996,0.0,0.473,64.96765480895915,0.00285,55.136,0.00285,42.6423773
Lesotho,LSO,1998,0.0,0.469,65.8118906455863,0.011000000000000001,52.029,0.011000000000000001,38.509226
Lesotho,LSO,2000,0.0,0.462,66.0050395256917,0.211806070361977,48.783,0.211806070361977,38.3449679
Lesotho,LSO,2002,0.0,0.455,65.70088932806324,1.08394313737534,45.95,1.08394313737534,38.5292044
Lesotho,LSO,2003,0.0,0.456,65.38402503293807,1.53249659019509,44.921,1.53249659019509,38.7074169
Lesotho,LSO,2004,0.0,0.454,64.92519762845849,2.17552433931097,44.039,2.17552433931097,41.4870148
Lesotho,LSO,2005,0.0,0.454,64.33056653491437,2.580199957,43.611,2.580199957,45.3330298
Lesotho,LSO,2006,0.0,0.451,64.06663372859025,2.97970818724486,43.182,2.97970818724486,49.3771528
Lesotho,LSO,2007,0.0,0.458,64.3368906455863,3.44543125970873,43.66,3.44543125970873,48.338472599999996
Lesotho,LSO,2008,0.0,0.463,64.77407773386034,3.58,44.304,3.58,50.019726399999996
Lesotho,LSO,2009,0.0,0.468,65.24647562582345,3.72,45.055,3.72,51.852152
Lesotho,LSO,2010,0.0,0.478,65.75266798418973,3.859999895,46.045,3.859999895,51.475509699999996
Lesotho,LSO,2011,0.0,0.485,66.33758234519104,7.0,46.93,7.0,51.916259
Lesotho,LSO,2012,0.0,0.496,67.00770750988143,10.0,48.235,10.0,50.7929712
Lesotho,LSO,2013,0.0,0.502,67.73728590250329,15.0,49.547,15.0,52.8683945
Lesotho,LSO,2014,0.0,0.509,68.51413043478261,22.0,50.786,22.0,50.381645
Lesotho,LSO,2015,0.0,0.517,69.32183794466403,25.0,51.83,25.0,48.8610281
Lesotho,LSO,2016,0.0,0.526,70.17200263504611,32.4538569477365,52.908,32.4538569477365,48.272216
Lesotho,LSO,2017,0.0,0.531,71.05105401844533,39.0,53.874,39.0,48.805442799999994
Lesotho,LSO,2018,0.0,0.538,71.92368247694334,40.79999924,54.638,40.79999924,48.272236299999996
Lesotho,LSO,2019,0.0,0.541,72.77355072463769,42.301733569273,55.249,42.301733569273,47.2835466
Lesotho,LSO,2020,0.0,0.537,73.64054677206852,43.65750122,55.133,43.65750122,47.6590109
Lesotho,LSO,2021,0.0,0.532,74.49084321475625,45.05670166,54.209,45.05670166,44.7303827
Lesotho,LSO,2022,0.0,0.547,75.30006587615283,48.06959915,56.812,48.06959915,44.8920032
Lesotho,LSO,2023,0.0,0.55,76.13544137022397,48.98590088,57.375,48.98590088,41.7700137
Liberia,LBR,1996,0.0,,23.17575789036545,,44.945,,17.6055362
Liberia,LBR,1998,0.0,,27.72138704318937,0.0041,49.367,0.0041,15.770422499999999
Liberia,LBR,2000,0.0,0.443,30.399885797342193,0.0177027057169472,51.852,0.0177027057169472,36.8540311
Liberia,LBR,2002,0.0,0.453,32.130211794019935,0.0327133071190699,54.061,0.0327133071190699,25.3834005
Liberia,LBR,2003,0.0,0.429,32.38716777408638,0.0318689345450327,53.045,0.0318689345450327,25.3539551
Liberia,LBR,2004,0.0,0.442,32.7750415282392,0.0310111848040233,55.949,0.0310111848040233,22.6183704
Liberia,LBR,2005,0.0,0.446,34.271335132890364,0.551400006,56.765,0.551400006,20.1832045
Liberia,LBR,2006,0.0,0.45,36.24155938538206,0.529999971,57.495,0.529999971,31.9951439
Liberia,LBR,2007,0.0,0.455,38.09229651162791,0.551400006,58.147,0.551400006,33.2834791
Liberia,LBR,2008,0.0,0.459,39.66988164451827,0.529999971,58.675,0.529999971,35.1661645
Liberia,LBR,2009,0.0,0.463,40.93675249169435,2.0,59.106,2.0,38.973433199999995
Liberia,LBR,2010,0.0,0.467,42.13963870431893,2.3,59.358,2.3,39.5067531
Liberia,LBR,2011,0.0,0.471,43.82452242524917,2.5,59.486,2.5,36.381367
Liberia,LBR,2012,0.0,0.475,45.40119393687708,2.599999905,59.785,2.599999905,38.276187199999995
Liberia,LBR,2013,0.0,0.481,46.41028862126246,3.200000048,59.992,3.200000048,34.4103395
Liberia,LBR,2014,0.0,0.479,47.38676287375415,5.409999847,59.21,5.409999847,31.789510099999998
Liberia,LBR,2015,0.0,0.48,48.374491279069765,10.0,59.248,10.0,32.9903614
Liberia,LBR,2016,0.0,0.485,49.37300664451827,15.69999981,60.483,15.69999981,30.698742399999997
Liberia,LBR,2017,0.0,0.491,50.341829318936874,16.299999240000002,60.777,16.299999240000002,30.5931504
Liberia,LBR,2018,0.0,0.495,51.336441029900335,17.27770042,60.999,17.27770042,27.902532299999997
Liberia,LBR,2019,0.0,0.497,52.36421303986711,19.89579964,61.232,19.89579964,27.793454699999998
Liberia,LBR,2020,0.0,0.498,53.46203280730897,22.91069984,61.267,22.91069984,29.2985565
Liberia,LBR,2021,0.0,0.503,54.602605897009965,26.38229942,61.166,26.38229942,27.823511399999997
Liberia,LBR,2022,0.0,0.508,55.78585963455149,30.38010025,61.934,30.38010025,26.6433732
Liberia,LBR,2023,0.0,0.51,57.02897632890365,31.22410011,62.163,31.22410011,27.367763099999998
Libya,LBY,1996,0.0,0.716,2.834486854518795,,70.736,,33.1281496
Libya,LBY,1998,0.0,0.721,2.921618150198347,,70.657,,33.102525899999996
Libya,LBY,2000,0.0,0.727,3.0150044898098365,0.187042622337565,70.542,0.187042622337565,33.0276099
Libya,LBY,2002,0.0,0.733,3.1305966332109527,2.24441822165946,70.788,2.24441822165946,26.5220779
Libya,LBY,2003,0.0,0.739,3.1936744831035386,2.81451798740855,70.996,2.81451798740855,26.503988
Libya,LBY,2004,0.0,0.741,3.2603367925707856,3.53283816154549,71.21,3.53283816154549,25.2597024
Libya,LBY,2005,0.0,0.747,3.329732771065165,3.91779995,71.439,3.91779995,23.6517068
Libya,LBY,2006,0.0,0.751,3.398735464951067,4.301099777,71.632,4.301099777,23.6879048
Libya,LBY,2007,0.0,0.754,3.4693044773065687,4.72199937850513,71.788,4.72199937850513,24.436888099999997
Libya,LBY,2008,0.0,0.754,3.543784170862839,9.0,71.936,9.0,25.260590999999998
Libya,LBY,2009,0.0,0.753,3.6183809404730782,10.80000019,72.071,10.80000019,23.465223599999998
Libya,LBY,2010,0.0,0.755,3.692919172056333,14.0,72.196,14.0,23.0419529
Libya,LBY,2011,0.0,0.715,3.605034838651011,14.0,69.95,14.0,22.5354206
Libya,LBY,2012,0.0,0.758,3.511899701058231,15.19999981,72.188,15.19999981,25.312213
Libya,LBY,2013,0.0,0.748,3.5831114950498426,16.5,72.339,16.5,21.7098129
Libya,LBY,2014,0.0,0.728,3.6528024370005796,17.76000023,71.3,17.76000023,17.9937263
Libya,LBY,2015,0.0,0.728,3.7122310376575696,25.0,71.644,25.0,15.5495165
Libya,LBY,2016,0.0,0.725,3.7692385509849164,35.0,71.799,35.0,15.5138509
Libya,LBY,2017,0.0,0.74,3.829847573797697,47.5,72.721,47.5,15.2702096
Libya,LBY,2018,0.0,0.743,3.8925258874478557,47.5,73.151,47.5,17.168389899999998
Libya,LBY,2019,0.0,0.737,3.9504830808052103,71.40409851,72.941,71.40409851,16.5504948
Libya,LBY,2020,0.0,0.688,4.004114143469316,74.35810089,72.388,74.35810089,17.058921599999998
Libya,LBY,2021,0.0,0.729,4.055136569785285,77.438797,72.062,77.438797,16.476093
Libya,LBY,2022,0.0,0.741,4.105507689509758,80.64720154,74.462,80.64720154,16.8185109
Libya,LBY,2023,0.0,0.721,4.1520278027211655,82.10469818,69.339,82.10469818,16.6288336
Lithuania,LTU,1996,0.0,0.723,57.46032227185705,0.27699999999999997,70.1080487804878,0.27699999999999997,56.9216444
Lithuania,LTU,1998,0.0,0.751,56.62621250797702,1.97,71.21951219512195,1.97,52.0565025
Lithuania,LTU,2000,0.0,0.778,55.83178047223995,6.42706749477765,72.01951219512195,6.42706749477765,51.8015705
Lithuania,LTU,2002,0.0,0.799,54.93087109125718,17.69,71.76097560975612,17.69,52.3734039
Lithuania,LTU,2003,0.0,0.812,54.48648691767709,25.91,72.06097560975611,25.91,54.193836499999996
Lithuania,LTU,2004,0.0,0.821,53.87803126994257,31.23,71.9609756097561,31.23,58.2512419
Lithuania,LTU,2005,0.0,0.828,53.007785577536694,36.22,71.25365853658538,36.22,58.226278
Lithuania,LTU,2006,0.01,0.834,52.1682992980217,43.9,71.05609756097562,43.9,53.996275
Lithuania,LTU,2007,0.109999999,0.839,51.5522335673261,49.9,70.9,49.9,51.5036616
Lithuania,LTU,2008,0.129999995,0.849,51.028815317112084,55.22,71.81219512195122,55.22,51.411562599999996
Lithuania,LTU,2009,0.159999996,0.851,50.46535301156761,59.76,72.91463414634147,59.76,52.244355999999996
Lithuania,LTU,2010,0.219999999,0.854,49.41814120462704,62.12,73.26829268292683,62.12,57.686545599999995
Lithuania,LTU,2011,0.469999999,0.86,48.315330120943294,63.6399774002179,73.56341463414635,63.6399774002179,56.5801656
Lithuania,LTU,2012,0.540000021,0.862,47.693445447873124,67.2299893276414,73.86341463414635,67.2299893276414,59.189544299999994
Lithuania,LTU,2013,0.600000024,0.865,47.24770642201835,68.4529,73.91463414634146,68.4529,59.5910271
Lithuania,LTU,2014,0.639999986,0.866,46.883527533918596,72.1335378644566,74.5170731707317,72.1335378644566,59.9820875
Lithuania,LTU,2015,0.810000002,0.869,46.46622505985634,71.3780590101754,74.32195121951221,71.3780590101754,61.6482977
Lithuania,LTU,2016,1.139999986,0.875,45.93284058618818,74.3766455618662,74.67073170731707,74.3766455618662,62.7256291
Lithuania,LTU,2017,1.360000014,0.885,45.37984706502131,77.6152565124514,75.48048780487807,77.6152565124514,61.5419001
Lithuania,LTU,2018,1.139999986,0.889,45.01357177071691,79.7225827680518,75.68048780487806,79.7225827680518,57.027457
Lithuania,LTU,2019,1.5,0.894,44.89123283296072,81.5818683764046,76.28292682926829,81.5818683764046,63.200347699999995
Lithuania,LTU,2020,1.549999952,0.888,44.87973490897477,83.05554724,75.02926829268293,83.05554724,65.6953679
Lithuania,LTU,2021,1.360000014,0.887,44.85513496246606,86.93054425,74.03658536585367,86.93054425,66.5773988
Lithuania,LTU,2022,1.50999999,0.888,45.23095968308734,87.72420219,75.64390243902439,87.72420219,65.1627159
Lithuania,LTU,2023,2.539999962,0.895,45.87196485623003,88.50287484,77.29024390243904,88.50287484,65.83895319999999
Luxembourg,LUX,1996,0.0,0.832,,5.55,76.51951219512196,5.55,93.45262869999999
Luxembourg,LUX,1998,0.01,0.845,,11.7,77.0170731707317,11.7,87.41080389999999
Luxembourg,LUX,2000,0.02,0.861,169.47243305392197,22.8873279731211,77.87317073170732,22.8873279731211,87.54290619999999
Luxembourg,LUX,2002,0.02,0.868,173.30818890175027,39.84,77.96585365853659,39.84,87.71018029999999
Luxembourg,LUX,2003,0.029999999,0.87,175.4270798536392,54.55,77.72682926829269,54.55,82.22456849999999
Luxembourg,LUX,2004,0.039999999,0.878,177.93828608717945,65.88,79.1219512195122,65.88,82.7057645
Luxembourg,LUX,2005,0.050000001,0.879,180.681774041935,70.0,79.43170731707318,70.0,82.6471612
Luxembourg,LUX,2006,0.059999999,0.88,183.58684928101428,72.51,79.2878048780488,72.51,89.0619524
Luxembourg,LUX,2007,0.059999999,0.883,186.4441475105459,78.92,79.3829268292683,78.92,89.73448959999999
Luxembourg,LUX,2008,0.059999999,0.896,189.80679443456103,82.23,80.53902439024391,82.23,89.8108244
Luxembourg,LUX,2009,0.059999999,0.905,193.3543345012158,87.31,80.63658536585366,87.31,89.3619664
Luxembourg,LUX,2010,0.059999999,0.909,196.91624651383202,90.62,80.63170731707318,90.62,89.9645204
Luxembourg,LUX,2011,0.059999999,0.911,201.34202900802498,90.0298585646936,80.98780487804878,90.0298585646936,92.97273229999999
Luxembourg,LUX,2012,0.079999998,0.914,206.23587082339597,91.9499237417387,81.39268292682927,91.9499237417387,91.7771559
Luxembourg,LUX,2013,0.079999998,0.919,211.05785290895955,93.7765,81.8,93.7765,91.4393369
Luxembourg,LUX,2014,0.079999998,0.924,216.09152987422604,94.6702052774766,82.22926829268293,94.6702052774766,91.82225199999999
Luxembourg,LUX,2015,0.100000001,0.913,221.25183533634237,96.3767141704759,82.29268292682927,96.3767141704759,92.8749677
Luxembourg,LUX,2016,0.100000001,0.916,226.07226369801822,98.1366986657616,82.68536585365854,98.1366986657616,92.20995839999999
Luxembourg,LUX,2017,0.230000004,0.913,231.635372078028,97.3629603241751,82.09512195121953,97.3629603241751,91.323863
Luxembourg,LUX,2018,0.25,0.915,236.146609386046,97.061298705829,82.29512195121951,97.061298705829,92.589641
Luxembourg,LUX,2019,0.280000001,0.916,240.82759102879828,97.120635693272,82.63902439024392,97.120635693272,93.5806908
Luxembourg,LUX,2020,0.349999994,0.916,244.87426489438562,98.45962893,82.1439024390244,98.45962893,92.52328519999999
Luxembourg,LUX,2021,0.310000002,0.918,248.62068161866955,98.66086333,82.59756097560975,98.66086333,87.6061165
Luxembourg,LUX,2022,0.310000002,0.922,253.68543306169062,98.24203749,82.94634146341465,98.24203749,87.6782432
Luxembourg,LUX,2023,0.5,0.922,258.86205262462806,99.34785707,83.30975609756099,99.34785707,88.5890414
Madagascar,MDG,1996,0.0,,24.95221480895553,0.0036999999999999997,55.477,0.0036999999999999997,48.907478399999995
Madagascar,MDG,1998,0.0,,26.635079272277057,0.0626,56.803,0.0626,46.467086099999996
Madagascar,MDG,2000,0.0,0.443,28.401035182446606,0.196394691006341,57.974,0.196394691006341,46.3451551
Madagascar,MDG,2002,0.0,0.448,30.178341988513257,0.339720154596142,59.17,0.339720154596142,47.057738099999995
Madagascar,MDG,2003,0.0,0.458,31.075857206726965,0.423252419277809,59.693,0.423252419277809,49.4592707
Madagascar,MDG,2004,0.0,0.465,31.995405303160574,0.525353654946669,60.168,0.525353654946669,41.5653273
Madagascar,MDG,2005,0.0,0.47,32.946498951060974,0.567700028,60.664,0.567700028,41.5479195
Madagascar,MDG,2006,0.0,0.474,33.928722013962926,0.607599974,61.14,0.607599974,43.9554881
Madagascar,MDG,2007,0.0,0.482,34.93926986965643,0.649999976,61.533,0.649999976,44.697360599999996
Madagascar,MDG,2008,0.0,0.49,35.98005296282285,1.649999976,61.992,1.649999976,44.1025206
Madagascar,MDG,2009,0.0,0.493,37.05210303676445,1.629999995,62.304,1.629999995,43.5696278
Madagascar,MDG,2010,0.0,0.493,38.14585411149706,1.700000048,62.597,1.700000048,39.9560848
Madagascar,MDG,2011,0.0,0.494,39.2273910913638,1.899999976,62.86,1.899999976,39.6661248
Madagascar,MDG,2012,0.0,0.496,40.32767211818596,2.299999952,63.007,2.299999952,35.4595007
Madagascar,MDG,2013,0.0,0.497,41.43913716053627,3.0,63.161,3.0,33.4438022
Madagascar,MDG,2014,0.0,0.5,42.56505328291509,3.700000048,63.261,3.700000048,31.9887698
Madagascar,MDG,2015,0.0,0.501,43.70350979718116,4.173999786,63.362,4.173999786,31.965404999999997
Madagascar,MDG,2016,0.0,0.501,44.8606943966999,4.713699818,63.431,4.713699818,31.7653175
Madagascar,MDG,2017,0.0,0.505,46.04395840495015,6.406000137,63.433,6.406000137,29.1815665
Madagascar,MDG,2018,0.0,0.501,47.258380886902714,7.747799873,63.491,7.747799873,29.261816099999997
Madagascar,MDG,2019,0.0,0.495,48.503874183568236,9.379400253,63.504,9.379400253,29.1178563
Madagascar,MDG,2020,0.0,0.483,49.76547954623582,11.35470009,62.706,11.35470009,30.722414899999997
Madagascar,MDG,2021,0.0,0.481,51.033143691990375,13.74590015,62.516,13.74590015,28.678780999999997
Madagascar,MDG,2022,0.0,0.483,52.31567720866277,17.81170082,63.068,17.81170082,28.3020557
Madagascar,MDG,2023,0.0,0.487,53.619683740116876,18.24080086,63.632,18.24080086,27.9096229
Malawi,MWI,1996,0.0,0.375,109.80301230377599,,44.005,,39.478255
Malawi,MWI,1998,0.0,0.384,114.47683495969453,0.0181,44.3,0.0181,39.4526313
Malawi,MWI,2000,0.0,0.394,120.02484089944845,0.126780944756387,46.17,0.126780944756387,39.598095
Malawi,MWI,2002,0.0,0.407,126.01230377598642,0.21509472652259,48.176,0.21509472652259,26.1239289
Malawi,MWI,2003,0.0,0.414,129.20634280865508,0.278815116302304,49.601,0.278815116302304,28.5915906
Malawi,MWI,2004,0.0,0.421,132.59161009758168,0.347505334967577,51.073,0.347505334967577,31.890898
Malawi,MWI,2005,0.0,0.427,136.1904009333899,0.384499997,52.469,0.384499997,32.0105862
Malawi,MWI,2006,0.0,0.436,139.99470725498514,0.425099999,53.652,0.425099999,34.6169813
Malawi,MWI,2007,0.0,0.444,144.00024395417904,0.965864736553132,54.687,0.965864736553132,34.4208874
Malawi,MWI,2008,0.0,0.455,148.2437102248621,0.7,55.715,0.7,36.3237819
Malawi,MWI,2009,0.0,0.465,152.6918540517607,1.07,56.714,1.07,37.023556
Malawi,MWI,2010,0.0,0.475,157.25989605430632,2.26,57.787,2.26,38.9390772
Malawi,MWI,2011,0.0,0.483,161.91156130674585,3.33,58.859,3.33,40.7551194
Malawi,MWI,2012,0.0,0.488,166.6268243529911,4.350599766,59.87,4.350599766,37.866765699999995
Malawi,MWI,2013,0.0,0.494,171.42358930844293,5.050000191,60.816,5.050000191,34.836575599999996
Malawi,MWI,2014,0.0,0.5,176.29972422571066,5.829999924,61.651,5.829999924,31.2619732
Malawi,MWI,2015,0.0,0.504,181.22175434874842,6.0,62.324,6.0,31.071559099999998
Malawi,MWI,2016,0.0,0.506,186.22973058973272,6.300000191,63.163,6.300000191,31.0997657
Malawi,MWI,2017,0.0,0.508,191.34190708527788,7.0,63.914,7.0,33.378725599999996
Malawi,MWI,2018,0.0,0.51,196.52186041578278,8.798299789,64.464,8.798299789,31.313824
Malawi,MWI,2019,0.0,0.513,201.80050912176495,11.05860043,64.995,11.05860043,31.6146192
Malawi,MWI,2020,0.0,0.512,207.19015697921085,13.89949989,65.216,13.89949989,38.168042799999995
Malawi,MWI,2021,0.0,0.509,212.6353203224438,15.30300045,64.782,15.30300045,39.1181865
Malawi,MWI,2022,0.0,0.513,218.16639796351294,16.84830093,66.037,16.84830093,34.6004541
Malawi,MWI,2023,0.0,0.517,223.8489817564701,17.98810346,67.353,17.98810346,35.1525763
Malaysia,MYS,1996,0.0,0.701,63.460925277735505,0.852,72.119,0.852,54.976712199999994
Malaysia,MYS,1998,0.0,0.718,66.67695327956172,6.75,72.385,6.75,50.4190392
Malaysia,MYS,2000,0.0,0.733,69.90660782224927,21.3847311644538,72.732,21.3847311644538,50.861739799999995
Malaysia,MYS,2002,0.0,0.732,73.36014914016131,32.3382043389359,73.469,32.3382043389359,48.3189274
Malaysia,MYS,2003,0.0,0.737,75.11673109115812,34.9711523397291,73.727,34.9711523397291,50.7501179
Malaysia,MYS,2004,0.0,0.739,76.8734500076092,42.2522656295248,74.027,42.2522656295248,50.943044
Malaysia,MYS,2005,0.0,0.736,78.63664891188556,48.6291702459839,74.37,48.6291702459839,48.527127799999995
Malaysia,MYS,2006,0.0,0.742,80.40757571145944,51.6379889864403,74.697,51.6379889864403,50.1735924
Malaysia,MYS,2007,0.0,0.754,82.17436919799117,55.7,74.961,55.7,49.0474587
Malaysia,MYS,2008,0.0,0.765,83.91434789225384,55.8,75.151,55.8,45.9331812
Malaysia,MYS,2009,0.0,0.773,85.60273322173185,55.9,75.269,55.9,44.895304599999996
Malaysia,MYS,2010,0.0,0.779,87.21891949474966,56.3,75.376,56.3,46.859547199999994
Malaysia,MYS,2011,0.0,0.782,88.75982042307108,61.0,75.488,61.0,49.1915926
Malaysia,MYS,2012,0.0,0.787,90.28406939583016,65.8,75.552,65.8,50.9565309
Malaysia,MYS,2013,0.0,0.791,91.84070917668544,57.05751226,75.464,57.05751226,52.226128499999994
Malaysia,MYS,2014,0.0,0.795,93.42911885557754,63.6654258813225,75.345,63.6654258813225,53.8296184
Malaysia,MYS,2015,0.0,0.8,95.06254147009588,71.0640678111957,75.288,71.0640678111957,52.793573699999996
Malaysia,MYS,2016,0.0,0.805,96.75752549079287,78.7883099275229,75.371,78.7883099275229,49.9486685
Malaysia,MYS,2017,0.0,0.807,98.48012174707046,80.1404790103961,75.542,80.1404790103961,49.336186
Malaysia,MYS,2018,0.0,0.809,100.17034545731244,81.2010486181174,75.734,81.2010486181174,57.844864799999996
Malaysia,MYS,2019,0.0,0.812,101.7823649368437,84.1871450078281,75.9,84.1871450078281,57.184217499999995
Malaysia,MYS,2020,0.0,0.81,103.1488601430528,89.55501192,76.057,89.55501192,56.3668583
Malaysia,MYS,2021,0.0,0.802,104.3445411657282,96.7514278,73.917,96.7514278,53.9576967
Malaysia,MYS,2022,0.0,0.81,105.60186577385481,97.3986404,75.444,97.3986404,55.3650278
Malaysia,MYS,2023,0.0,0.819,106.91309694110485,97.69272633,76.657,97.69272633,55.5607189
Maldives,MDV,1996,0.0,,874.49,0.22699999999999998,67.734,0.22699999999999998,44.899510799999995
Maldives,MDV,1998,0.0,,909.0766666666667,0.57,69.303,0.57,44.6017315
Maldives,MDV,2000,0.0,0.639,940.0633333333334,2.2038729393788,70.892,2.2038729393788,44.4374715
Maldives,MDV,2002,0.0,0.645,972.0533333333333,5.3477651689359,72.36,5.3477651689359,44.3211879
Maldives,MDV,2003,0.0,0.654,988.3033333333333,5.97659284988557,73.263,5.97659284988557,44.2815206
Maldives,MDV,2004,0.0,0.655,1004.71,6.58825487530861,73.008,6.58825487530861,40.1022934
Maldives,MDV,2005,0.0,0.657,1021.43,6.86960506696215,74.785,6.86960506696215,38.6749717
Maldives,MDV,2006,0.0,0.672,1046.17,11.0363527828647,75.256,11.0363527828647,37.07568
Maldives,MDV,2007,0.0,0.672,1081.5966666666666,16.3,75.711,16.3,32.484485
Maldives,MDV,2008,0.0,0.681,1120.5666666666666,23.2,75.999,23.2,32.9546756
Maldives,MDV,2009,0.0,0.682,1160.9166666666667,24.8,76.371,24.8,36.882494799999996
Maldives,MDV,2010,0.0,0.689,1202.64,26.53,76.756,26.53,36.6056999
Maldives,MDV,2011,0.0,0.698,1245.58,34.0,77.141,34.0,36.873131099999995
Maldives,MDV,2012,0.0,0.704,1289.3933333333334,38.93009949,77.512,38.93009949,33.466636699999995
Maldives,MDV,2013,0.0,0.71,1333.5666666666666,44.09999847,77.847,44.09999847,32.3922261
Maldives,MDV,2014,0.0,0.718,1378.7233333333334,49.27999878,78.187,49.27999878,36.1952603
Maldives,MDV,2015,0.0,0.725,1427.18,54.4620018,78.607,54.4620018,35.9638773
Maldives,MDV,2016,0.0,0.732,1477.6933333333334,59.47750092,78.913,59.47750092,32.374203099999995
Maldives,MDV,2017,0.0,0.739,1527.6233333333332,64.95500183,79.228,64.95500183,30.2914645
Maldives,MDV,2018,0.0,0.744,1576.9966666666667,70.93689728,79.433,70.93689728,29.7799792
Maldives,MDV,2019,0.0,0.749,1625.77,77.46970367,79.707,77.46970367,37.3140909
Maldives,MDV,2020,0.0,0.73,1673.7266666666667,79.09780121,78.713,79.09780121,44.390804599999996
Maldives,MDV,2021,0.0,0.745,1720.5133333333333,81.95760345,78.052,81.95760345,44.5512592
Maldives,MDV,2022,0.0,0.764,1747.02,83.91189054,80.76,83.91189054,42.4903492
Maldives,MDV,2023,0.0,0.766,1765.0805369127518,84.55290222,81.041,84.55290222,42.461112299999996
Mali,MLI,1996,0.0,0.282,8.52922741540252,0.0020599999999999998,48.5,0.0020599999999999998,37.5170102
Mali,MLI,1998,0.0,0.303,8.949075963579443,0.019799999999999998,49.592,0.019799999999999998,31.4845775
Mali,MLI,2000,0.0,0.32,9.473352510674568,0.142545755049184,50.605,0.142545755049184,31.3626465
Mali,MLI,2002,0.0,0.34,10.070603758431064,0.2270455784917,51.995,0.2270455784917,32.9502812
Mali,MLI,2003,0.0,0.352,10.395885067079718,0.310364443230575,52.632,0.310364443230575,33.651049199999996
Mali,MLI,2004,0.0,0.359,10.738007195600686,0.432819639900985,53.253,0.432819639900985,36.9534677
Mali,MLI,2005,0.0,0.368,11.095523647956465,0.507099986,53.792,0.507099986,37.331531
Mali,MLI,2006,0.0,0.377,11.465541432072055,0.729600012,54.305,0.729600012,37.984504699999995
Mali,MLI,2007,0.0,0.386,11.848789942549931,0.81,54.756,0.81,37.5999398
Mali,MLI,2008,0.0,0.395,12.244635671493784,1.57,55.187,1.57,36.411198999999996
Mali,MLI,2009,0.0,0.403,12.650111048279367,1.799999952,55.588,1.799999952,37.481457999999996
Mali,MLI,2010,0.0,0.41,13.067799277161754,2.0,55.993,2.0,36.096848
Mali,MLI,2011,0.0,0.415,13.497118481547956,2.2,56.367,2.2,37.0033428
Mali,MLI,2012,0.0,0.411,13.897043083454216,2.799999952,56.696,2.799999952,34.370913
Mali,MLI,2013,0.0,0.409,14.308931395930141,3.5,57.052,3.5,35.7190114
Mali,MLI,2014,0.0,0.414,14.768410657356641,7.0,57.482,7.0,34.847105299999996
Mali,MLI,2015,0.0,0.413,15.23780886583237,10.32999992,57.852,10.32999992,35.0877548
Mali,MLI,2016,0.0,0.411,15.728115293519862,14.0,58.286,14.0,34.7860264
Mali,MLI,2017,0.0,0.416,16.23764413738844,18.89999962,58.562,18.89999962,33.5445868
Mali,MLI,2018,0.0,0.421,16.753153197452857,21.39999962,58.873,21.39999962,32.778301
Mali,MLI,2019,0.0,0.425,17.266495381866758,24.96030045,59.217,24.96030045,32.2290956
Mali,MLI,2020,0.0,0.414,17.795454806218704,29.11300087,58.858,29.11300087,32.159644799999995
Mali,MLI,2021,0.0,0.414,18.348478515641006,33.95650101,59.116,33.95650101,29.710309799999997
Mali,MLI,2022,0.0,0.417,18.909055147149214,35.19919968,60.035,35.19919968,30.592490599999998
Mali,MLI,2023,0.0,0.419,19.479857235348593,36.03879929,60.439,36.03879929,30.6625607
Malta,MLT,1996,0.0,0.763,1187.203125,1.05,77.34146341463416,1.05,65.89713549999999
Malta,MLT,1998,0.0,0.781,1204.021875,6.5,77.58780487804879,6.5,65.8554339
Malta,MLT,2000,0.0,0.79,1219.021875,13.1137087111024,78.34878048780489,13.1137087111024,70.1020289
Malta,MLT,2002,0.0,0.806,1237.403125,28.92,78.73902439024391,28.92,64.7647613
Malta,MLT,2003,0.0,0.818,1245.56875,31.64,78.54634146341465,31.64,65.8783311
Malta,MLT,2004,0.0,0.832,1253.9625,34.62,79.25365853658539,34.62,64.9947739
Malta,MLT,2005,0.0,0.84,1261.98125,41.24,79.3,41.24,66.6791935
Malta,MLT,2006,0.0,0.838,1266.5875,40.41,79.43902439024392,40.41,69.1871075
Malta,MLT,2007,0.0,0.845,1271.0125,46.9,79.79268292682927,46.9,68.1909831
Malta,MLT,2008,0.0,0.848,1279.309375,50.08,79.63658536585366,50.08,68.0780819
Malta,MLT,2009,0.0,0.854,1288.990625,58.86,80.24146341463415,58.86,67.3856615
Malta,MLT,2010,0.0,0.867,1295.3375,63.0,81.39756097560976,63.0,67.4065892
Malta,MLT,2011,0.0,0.862,1300.8375,68.0198237885462,80.74634146341464,68.0198237885462,66.9947914
Malta,MLT,2012,0.0,0.87,1312.5875,68.1998742928975,80.74634146341464,68.1998742928975,66.2249593
Malta,MLT,2013,0.0,0.88,1327.53125,68.9138,81.74634146341464,68.9138,66.3338587
Malta,MLT,2014,0.0,0.886,1354.628125,73.1141157845193,81.89512195121951,73.1141157845193,64.2546443
Malta,MLT,2015,0.0,0.892,1388.1875,75.9600189752747,81.79756097560977,75.9600189752747,65.08748419999999
Malta,MLT,2016,0.0,0.891,1420.328125,78.0751488032182,82.35365853658537,78.0751488032182,63.7485168
Malta,MLT,2017,0.0,0.901,1459.70625,81.0119110762945,82.19512195121952,81.0119110762945,63.9328383
Malta,MLT,2018,0.0,0.908,1512.196875,81.6580442928014,82.2487804878049,81.6580442928014,62.866216699999995
Malta,MLT,2019,0.0,0.91,1574.725,85.7785963798031,82.65853658536585,85.7785963798031,56.282560399999994
Malta,MLT,2020,0.0,0.903,1610.90625,86.85876183,82.09756097560977,86.85876183,60.229003799999994
Malta,MLT,2021,0.0,0.914,1619.21875,87.46977742,82.25853658536586,87.46977742,57.3020091
Malta,MLT,2022,0.0,0.917,1659.728125,91.54062209,82.29756097560977,91.54062209,56.9026133
Malta,MLT,2023,0.0,0.924,1727.334375,92.07266941,83.35609756097561,92.07266941,54.372051
Mauritania,MRT,1996,0.0,0.448,2.2879479965072282,,58.915,,36.5682976
Mauritania,MRT,1998,0.0,0.46,2.400942078199282,0.0406,59.89,0.0406,36.5121172
Mauritania,MRT,2000,0.0,0.468,2.5355981371883187,0.192031462434805,61.044,0.192031462434805,36.3478572
Mauritania,MRT,2002,0.0,0.475,2.6570825652469194,0.363229414608579,62.249,0.363229414608579,42.1166054
Mauritania,MRT,2003,0.0,0.482,2.718585427379451,0.424004895843197,62.805,0.424004895843197,42.0769381
Mauritania,MRT,2004,0.0,0.494,2.7832191714368877,0.481470438230954,63.369,0.481470438230954,36.297557
Mauritania,MRT,2005,0.0,0.5,2.851517415348792,0.670000017,63.92,0.670000017,34.2110252
Mauritania,MRT,2006,0.0,0.512,2.923896381100223,0.979700029,64.493,0.979700029,35.2263345
Mauritania,MRT,2007,0.0,0.512,3.0009304356262736,1.433599949,64.885,1.433599949,36.922014399999995
Mauritania,MRT,2008,0.0,0.512,3.0884534782186863,1.870000005,65.233,1.870000005,31.685345199999997
Mauritania,MRT,2009,0.0,0.522,3.186618802755409,2.279999971,65.485,2.279999971,33.502960099999996
Mauritania,MRT,2010,0.0,0.525,3.289963131852139,4.0,65.661,4.0,35.3728791
Mauritania,MRT,2011,0.0,0.53,3.398477733579121,4.5,65.754,4.5,36.8817823
Mauritania,MRT,2012,0.0,0.538,3.511238963811002,5.0,65.808,5.0,32.9850683
Mauritania,MRT,2013,0.01,0.544,3.6230891627049577,6.199999809,65.89,6.199999809,31.6834222
Mauritania,MRT,2014,0.01,0.547,3.733883768312797,11.80000019,66.207,11.80000019,29.2039577
Mauritania,MRT,2015,0.100000001,0.551,3.8478306005627245,17.60000038,66.498,17.60000038,28.5679768
Mauritania,MRT,2016,0.100000001,0.548,3.964933540312409,19.23279953,66.823,19.23279953,31.0370797
Mauritania,MRT,2017,0.100000001,0.551,4.085184825846512,21.01720047,67.088,21.01720047,30.2432877
Mauritania,MRT,2018,0.100000001,0.561,4.208484525080043,22.96699905,67.419,22.96699905,29.7489712
Mauritania,MRT,2019,0.119999997,0.566,4.334634714271854,25.0977993,67.64,25.0977993,27.997730299999997
Mauritania,MRT,2020,0.119999997,0.554,4.463113418065393,29.90649986,66.794,29.90649986,31.8331205
Mauritania,MRT,2021,0.100000001,0.553,4.593843019307267,35.63660049,66.762,35.63660049,30.059421699999998
Mauritania,MRT,2022,0.100000001,0.562,4.730413311341807,42.46450043,68.281,42.46450043,30.6941739
Mauritania,MRT,2023,0.100000001,0.563,4.872844668671776,44.95629883,68.484,44.95629883,31.7319331
Mauritius,MUS,1996,0.0,0.653,558.6187192118226,0.184,70.3229268292683,0.184,57.108323899999995
Mauritius,MUS,1998,0.0,0.667,571.635960591133,2.57,70.60731707317073,2.57,57.0660272
Mauritius,MUS,2000,0.0,0.683,584.6665024630541,7.28153511499385,71.66341463414635,7.28153511499385,55.4698911
Mauritius,MUS,2002,0.0,0.701,593.4093596059113,10.252624671916,71.96585365853659,10.252624671916,56.2464758
Mauritius,MUS,2003,0.0,0.709,597.7192118226601,12.1871062041308,72.1170731707317,12.1871062041308,54.924236
Mauritius,MUS,2004,0.0,0.716,601.4793103448276,13.6890885885342,72.2658536585366,13.6890885885342,52.2330329
Mauritius,MUS,2005,0.0,0.723,605.0512315270936,15.1722002,72.43219512195122,15.1722002,52.8317391
Mauritius,MUS,2006,0.0,0.729,607.879802955665,16.7,72.43219512195122,16.7,55.960491299999994
Mauritius,MUS,2007,0.0,0.736,610.6551724137931,20.22,72.57073170731708,20.22,55.126535999999994
Mauritius,MUS,2008,0.0,0.742,612.8674876847291,21.81,72.57073170731708,21.81,59.2783278
Mauritius,MUS,2009,0.0,0.748,614.4970443349754,22.51,72.88243902439025,22.51,58.5892938
Mauritius,MUS,2010,0.0,0.755,615.960591133005,28.33,72.96731707317073,28.33,54.4517318
Mauritius,MUS,2011,0.0,0.762,627.1427140711066,34.95000076,73.2668292682927,34.95000076,54.8076124
Mauritius,MUS,2012,0.0,0.778,628.8843264897346,35.42,73.86341463414635,35.42,56.7814191
Mauritius,MUS,2013,0.0,0.781,630.4091136705058,40.116825135,74.01707317073172,40.116825135,56.3669271
Mauritius,MUS,2014,0.0,0.79,631.5513269904857,44.8032753683379,74.19439024390245,44.8032753683379,57.091572
Mauritius,MUS,2015,0.0,0.792,632.3880821231847,50.1393184766711,74.35317073170732,50.1393184766711,53.732738299999994
Mauritius,MUS,2016,0.02,0.795,632.8227341011517,52.19129944,74.3948780487805,52.19129944,54.3800646
Mauritius,MUS,2017,0.01,0.799,633.3935903855784,55.4032403002657,74.51463414634146,55.4032403002657,53.6348098
Mauritius,MUS,2018,0.01,0.801,633.7391086629945,58.596169704299,74.41634146341464,58.596169704299,53.9597613
Mauritius,MUS,2019,0.01,0.803,633.943415122684,61.7299551453346,74.23585365853658,61.7299551453346,54.328072199999994
Mauritius,MUS,2020,0.02,0.795,633.957936905358,67.73290684,74.1770731707317,67.73290684,54.7909314
Mauritius,MUS,2021,0.01,0.789,634.1181772658988,71.59999847,73.68024390243903,71.59999847,56.275467799999994
Mauritius,MUS,2022,0.02,0.794,632.2098147220831,75.5,73.51463414634146,75.5,55.847839
Mauritius,MUS,2023,0.01,0.806,625.2613920881322,79.5,73.41219512195123,79.5,54.7731795
Mexico,MEX,1996,0.006,0.687,47.55919751022403,0.2,71.088,0.2,34.5322765
Mexico,MEX,1998,0.015,0.701,49.165485223385375,1.27,71.792,1.27,39.5043423
Mexico,MEX,2000,0.02,0.712,50.73461354458705,5.08138415338066,72.562,5.08138415338066,46.802004499999995
Mexico,MEX,2002,0.02,0.722,52.23829007947735,11.9,73.106,11.9,41.3144213
Mexico,MEX,2003,0.02,0.728,52.97384963605031,12.9,73.308,12.9,41.3423991
Mexico,MEX,2004,0.02,0.732,53.7020658967566,14.1,73.432,14.1,38.6213438
Mexico,MEX,2005,0.02,0.736,54.431185987293915,17.20999908,73.627,17.20999908,39.101630899999996
Mexico,MEX,2006,0.050000001,0.745,55.17305794902132,19.52000046,73.746,19.52000046,41.0136179
Mexico,MEX,2007,0.25,0.747,55.95532806913758,20.81,73.796,20.81,39.7064419
Mexico,MEX,2008,0.25,0.75,56.778357468041875,21.71,73.695,21.71,40.018704
Mexico,MEX,2009,0.600000024,0.749,57.614507060366776,26.34,73.628,26.34,41.4582597
Mexico,MEX,2010,1.24000001,0.751,58.45000900228916,31.05,73.718,31.05,40.097927299999995
Mexico,MEX,2011,1.649999976,0.757,59.283162632783764,37.1762954125184,73.921,37.1762954125184,39.2572276
Mexico,MEX,2012,3.6900000569999998,0.764,60.09321638931043,39.75,74.128,39.75,38.5850811
Mexico,MEX,2013,4.179999828,0.765,60.87788934900589,43.46,74.289,43.46,37.1009556
Mexico,MEX,2014,6.429999828,0.769,61.61900306077831,44.3856962723411,74.404,44.3856962723411,32.6150206
Mexico,MEX,2015,8.75,0.773,62.281594691221486,57.4310429923633,74.431,57.4310429923633,30.8336421
Mexico,MEX,2016,10.38000011,0.778,62.888114920651255,59.5404459967255,74.376,59.5404459967255,31.233143199999997
Mexico,MEX,2017,10.61999989,0.781,63.47902826718794,53.0317886110982,74.261,53.0317886110982,28.6631687
Mexico,MEX,2018,12.43999958,0.785,64.0827752771419,56.6595667981289,74.301,56.6595667981289,28.7721329
Mexico,MEX,2019,16.72999954,0.788,64.69455592993647,69.6321092705209,74.53,69.6321092705209,29.8469098
Mexico,MEX,2020,19.70000076,0.763,65.22752848581496,71.49017499,70.449,71.49017499,30.572767199999998
Mexico,MEX,2021,21.06999969,0.761,65.66431646904499,75.62650476,69.75,75.62650476,30.176140399999998
Mexico,MEX,2022,20.53000069,0.783,66.16071246688443,78.63217894,73.973,78.63217894,30.1282206
Mexico,MEX,2023,20.70000076,0.789,66.74027572725636,81.18318755,75.069,81.18318755,28.986428
Micronesia (country),FSM,2004,,0.6,159.89285714285714,11.0178673081514,64.898,11.0178673081514,53.6339354
Micronesia (country),FSM,2005,,0.601,159.16,11.88140011,64.906,11.88140011,46.898528299999995
Micronesia (country),FSM,2006,,0.602,158.18428571428572,12.75030041,64.859,12.75030041,47.0594627
Micronesia (country),FSM,2007,,0.601,156.97142857142856,13.62110043,64.844,13.62110043,45.7481533
Micronesia (country),FSM,2008,,0.6,155.62285714285716,14.49,64.849,14.49,45.778794999999995
Micronesia (country),FSM,2009,,0.601,154.2242857142857,15.35,64.865,15.35,45.7777161
Micronesia (country),FSM,2010,,0.603,153.62857142857143,20.0,64.892,20.0,45.7962148
Micronesia (country),FSM,2011,,0.605,153.8542857142857,22.79999924,64.969,22.79999924,43.2456034
Micronesia (country),FSM,2012,,0.605,154.12857142857143,25.97439957,65.08,25.97439957,46.9825631
Micronesia (country),FSM,2013,,0.603,154.45857142857142,27.799999240000002,65.179,27.799999240000002,46.9877368
Micronesia (country),FSM,2014,,0.602,154.85142857142858,29.64999962,65.294,29.64999962,65.1234777
Micronesia (country),FSM,2015,,0.604,155.30857142857144,31.50110054,65.306,31.50110054,65.1775449
Micronesia (country),FSM,2016,,0.606,155.82142857142858,33.35219955,65.576,33.35219955,63.5301127
Micronesia (country),FSM,2017,,0.607,156.40142857142857,35.30410004,65.761,35.30410004,63.4989407
Micronesia (country),FSM,2018,,0.608,157.01285714285714,36.61460114,65.943,36.61460114,63.551959399999994
Micronesia (country),FSM,2019,,0.611,157.5457142857143,37.97370148,66.196,37.97370148,63.625007
Micronesia (country),FSM,2020,,0.609,158.45142857142858,39.38330078,65.878,39.38330078,56.0333142
Micronesia (country),FSM,2021,,0.611,159.46285714285713,,66.152,,53.9356091
Micronesia (country),FSM,2022,,0.614,160.16285714285715,39.027900700000004,66.961,39.027900700000004,53.923612
Micronesia (country),FSM,2023,,0.615,160.9,39.39889908,67.198,39.39889908,53.8824063
Moldova,MDA,1996,0.0,,102.453957659819,0.00464,66.248,0.00464,44.5684646
Moldova,MDA,1998,0.0,,102.105506661565,0.261,66.84,0.261,43.3360607
Moldova,MDA,2000,0.0,,101.844482362364,1.28284641670022,67.462,1.28284641670022,38.0075577
Moldova,MDA,2002,0.0,,101.381934046035,3.78724279887342,67.793,3.78724279887342,27.310590899999998
Moldova,MDA,2003,0.0,,101.132058382973,7.40754458415897,67.9,7.40754458415897,27.293148799999997
Moldova,MDA,2004,0.0,,100.846989588049,10.629390841654,68.017,10.629390841654,24.2445834
Moldova,MDA,2005,0.0,0.702,100.566888293243,14.6302704551796,68.197,14.6302704551796,29.0008704
Moldova,MDA,2006,0.0,0.711,100.287778048526,19.6206477051634,68.423,19.6206477051634,30.7349748
Moldova,MDA,2007,0.0,0.718,100.055661920841,20.45,68.674,20.45,31.031877599999998
Moldova,MDA,2008,0.0,0.728,99.8653879625439,23.39,69.0,23.39,31.614291299999998
Moldova,MDA,2009,0.0,0.729,99.739374107982,27.5,69.406,27.5,32.221691199999995
Moldova,MDA,2010,0.0,0.739,99.7787848154216,29.68000031,69.876,29.68000031,33.9307447
Moldova,MDA,2011,0.0,0.748,99.7210931780946,32.06999969,70.173,32.06999969,34.628247699999996
Moldova,MDA,2012,0.0,0.754,99.6732759521901,34.65000153,70.344,34.65000153,33.2866004
Moldova,MDA,2013,0.0,0.758,99.5771842462653,37.43999863,70.291,37.43999863,31.4288991
Moldova,MDA,2014,0.0,0.762,99.5164884911377,66.9999982002077,70.241,66.9999982002077,28.2268604
Moldova,MDA,2015,0.0,0.759,98.7560678343838,69.0000044661932,70.118,69.0000044661932,26.8325729
Moldova,MDA,2016,0.0,0.763,97.614165825121,70.9999991066624,70.179,70.9999991066624,25.5966693
Moldova,MDA,2017,0.01,0.769,95.9093883802694,71.76709747,70.375,71.76709747,28.883829799999997
Moldova,MDA,2018,0.02,0.772,94.2543946689506,72.54239655,70.236,72.54239655,30.2179756
Moldova,MDA,2019,0.039999999,0.775,92.756093569939,73.32610321,70.181,73.32610321,32.2024192
Moldova,MDA,2020,0.050000001,0.77,91.7473260542588,74.11830139,69.914,74.11830139,33.0615489
Moldova,MDA,2021,0.079999998,0.773,90.3612977338393,74.91899872,68.991,74.91899872,36.7150609
Moldova,MDA,2022,0.140000001,0.784,88.05425357802,74.91899872,71.546,74.91899872,39.3227656
Moldova,MDA,2023,0.189999998,0.785,85.437584732506,76.50330353,71.198,76.50330353,42.4695611
Mongolia,MNG,1996,0.0,0.578,1.4601592545625952,0.0182,60.99400000000001,0.0182,52.8783148
Mongolia,MNG,1998,0.0,0.594,1.5017130804134928,0.146,62.08307317073171,0.146,52.8366112
Mongolia,MNG,2000,0.0,0.611,1.5433883973418059,1.25565200358112,63.210487804878056,1.25565200358112,42.7784449
Mongolia,MNG,2002,0.0,0.631,1.5826323691235877,2.0395726034818,63.54024390243902,2.0395726034818,45.1021852
Mongolia,MNG,2003,0.0,0.643,1.595417921989238,,63.57536585365854,,41.1594865
Mongolia,MNG,2004,0.0,0.658,1.6137036582466981,,64.63024390243903,,41.5182576
Mongolia,MNG,2005,0.0,0.671,1.6317132373466625,9.0,65.28073170731709,9.0,37.3665367
Mongolia,MNG,2006,0.0,0.683,1.648305250223352,9.0,65.90219512195122,9.0,36.3486871
Mongolia,MNG,2007,0.0,0.696,1.6705735718478996,9.0,66.59341463414636,9.0,34.8435185
Mongolia,MNG,2008,0.0,0.707,1.6971173364093524,9.800000191,67.24609756097561,9.800000191,34.274035
Mongolia,MNG,2009,0.0,0.711,1.7278813767653818,10.0,67.9690243902439,10.0,36.1968128
Mongolia,MNG,2010,0.0,0.714,1.7585791649311169,10.2,68.50560975609758,10.2,35.1420325
Mongolia,MNG,2011,0.0,0.725,1.7892525389791663,12.4999911084745,69.10926829268296,12.4999911084745,36.068441
Mongolia,MNG,2012,0.0,0.735,1.8235360087175412,16.4,69.50024390243904,16.4,35.5911638
Mongolia,MNG,2013,0.050000001,0.744,1.8616184405065987,17.699984237,70.09804878048782,17.699984237,36.508730799999995
Mongolia,MNG,2014,0.129999995,0.748,1.9027821107551484,19.9424474349209,70.58317073170731,19.9424474349209,36.533680499999996
Mongolia,MNG,2015,0.150000006,0.753,1.9437171320773716,22.5000041337688,70.81024390243903,22.5000041337688,35.9799025
Mongolia,MNG,2016,0.150000006,0.759,1.9835256310557665,22.2657705007562,70.2239024390244,22.2657705007562,35.4996134
Mongolia,MNG,2017,0.140000001,0.759,2.0220941279124798,23.71430016,70.54341463414633,23.71430016,37.0853514
Mongolia,MNG,2018,0.300000012,0.767,2.0601564933167658,47.1300018848989,70.82707317073172,47.1300018848989,36.2392472
Mongolia,MNG,2019,0.479999989,0.758,2.0983504339036947,51.079994082603,71.05317073170733,51.079994082603,35.4019257
Mongolia,MNG,2020,0.479999989,0.741,2.1362372180919453,62.50002848,71.3490243902439,62.50002848,35.290536599999996
Mongolia,MNG,2021,0.579999983,0.727,2.1725366242334707,81.60682285,71.64512195121952,81.60682285,34.4049674
Mongolia,MNG,2022,0.50999999,0.742,2.204639456568497,81.07720184,71.90073170731708,81.07720184,34.451591799999996
Mongolia,MNG,2023,0.50999999,0.747,2.233651253128886,83.74320221,72.12243902439025,83.74320221,35.329744399999996
Montenegro,MNE,2005,0.0,0.773,,27.10000038,73.9829268292683,27.10000038,42.4233517
Montenegro,MNE,2006,0.0,0.785,45.726765799256505,28.89999962,73.8390243902439,28.89999962,46.9392138
Montenegro,MNE,2007,0.0,0.795,45.78996282527881,30.799999240000002,74.33902439024392,30.799999240000002,45.917700499999995
Montenegro,MNE,2008,0.0,0.806,45.871301115241636,32.90000153,75.13658536585366,32.90000153,42.6070012
Montenegro,MNE,2009,0.0,0.809,45.96981412639405,35.09999847,75.1439024390244,35.09999847,42.5277313
Montenegro,MNE,2010,0.0,0.815,46.05412639405205,37.5,75.99024390243903,37.5,36.5190297
Montenegro,MNE,2011,0.0,0.822,46.12230483271375,35.6115412460109,76.08292682926832,35.6115412460109,36.522017399999996
Montenegro,MNE,2012,0.0,0.825,46.202081784386614,56.8387825490631,76.3,56.8387825490631,41.020576999999996
Montenegro,MNE,2013,0.0,0.83,46.28899628252788,60.31,76.49024390243903,60.31,40.9249195
Montenegro,MNE,2014,0.0,0.833,46.37501858736059,63.8868840056697,76.3390243902439,63.8868840056697,44.6770766
Montenegro,MNE,2015,0.0,0.839,46.44245353159851,68.1197860085679,76.60243902439025,68.1197860085679,44.7276905
Montenegro,MNE,2016,0.0,0.836,46.4946468401487,69.8816468416779,76.54146341463417,69.8816468416779,44.5664768
Montenegro,MNE,2017,0.100000001,0.843,46.5414126394052,71.2723325399382,76.68536585365854,71.2723325399382,45.6355193
Montenegro,MNE,2018,0.140000001,0.849,46.57531598513011,71.5171004874886,77.88536585365854,71.5171004874886,46.1365641
Montenegro,MNE,2019,0.300000012,0.851,46.598736059479556,73.4766657478691,76.6829268292683,73.4766657478691,46.5868208
Montenegro,MNE,2020,0.319999993,0.841,46.58661710037175,77.60879306,75.93170731707318,77.60879306,47.1263711
Montenegro,MNE,2021,0.319999993,0.84,46.472342007434946,82.21969752,73.82439024390244,82.21969752,48.630997199999996
Montenegro,MNE,2022,0.319999993,0.853,46.36364312267658,88.22192026,76.1878048780488,88.22192026,47.596841
Montenegro,MNE,2023,0.310000002,0.862,46.35903345724907,88.5515976,77.58780487804879,88.5515976,46.4768304
Italy,ITA,1990,0.0,0.787,192.8504301111829,0.0175,76.97073170731707,0.0175,
Italy,ITA,1991,0.0,0.792,192.98398898371357,0.0351,77.01951219512195,0.0351,
Italy,ITA,1992,0.0,0.8,193.1151167930366,0.0701,77.41951219512197,0.0701,
Italy,ITA,1993,0.0,0.806,193.23321546360205,0.122,77.72195121951219,0.122,
Italy,ITA,1994,0.01,0.816,193.27258508721226,0.192,77.92195121951221,0.192,
Italy,ITA,1995,0.01,0.823,193.27565536703955,0.524,78.17073170731707,0.524,
Italy,ITA,1997,0.119999997,0.836,193.43229403964503,2.28,78.82439024390244,2.28,
Italy,ITA,1999,0.400000006,0.845,193.52050933324267,14.4,79.42439024390244,14.4,
Italy,ITA,2001,1.179999948,0.856,192.67336110754164,27.2221169788811,80.12682926829268,27.2221169788811,
Jamaica,JAM,1990,0.0,0.662,219.74856879039706,0.0,71.705,0.0,
Jamaica,JAM,1991,0.0,0.662,221.68688827331488,,71.787,,
Jamaica,JAM,1992,0.0,0.664,223.88744228993536,,71.816,,
Jamaica,JAM,1993,0.0,0.664,226.2156971375808,,71.758,,
Jamaica,JAM,1994,0.0,0.664,228.5521698984303,0.0368,71.624,0.0368,
Jamaica,JAM,1995,0.0,0.665,230.85420129270545,0.109,71.488,0.109,
Jamaica,JAM,1997,0.0,0.663,235.25835641735918,0.7979999999999999,71.216,0.7979999999999999,
Jamaica,JAM,1999,0.0,0.662,239.1315789473684,2.36,71.189,2.36,
Jamaica,JAM,2001,0.0,0.668,242.32714681440444,3.8630203874764,71.287,3.8630203874764,
Japan,JPN,1990,0.0,0.853,338.6670323642348,0.0203,78.83707317073173,0.0203,
Japan,JPN,1991,0.0,0.857,340.0,0.0404,79.0368292682927,0.0404,
Japan,JPN,1992,0.0,0.859,341.26439934174437,0.0967,79.08024390243904,0.0967,
Japan,JPN,1993,0.000959596,0.865,342.37246297312123,0.40099999999999997,79.30365853658537,0.40099999999999997,
Japan,JPN,1994,0.000959596,0.872,343.3296763576522,0.8,79.69682926829269,0.8,
Japan,JPN,1995,0.000959596,0.874,344.13603949533734,1.59,79.5360975609756,1.59,
Japan,JPN,1997,0.000959596,0.883,345.83539094650206,9.16,80.42414634146341,9.16,
Japan,JPN,1999,0.036363635,0.885,347.4101508916324,21.4,80.4609756097561,21.4,
Japan,JPN,2001,0.25,0.892,348.8312757201646,38.5320608612719,81.41634146341464,38.5320608612719,
Jordan,JOR,1990,0.0,0.619,41.04610154125113,0.0,70.094,0.0,
Jordan,JOR,1991,0.0,0.625,44.36932230281052,,70.24,,
Jordan,JOR,1992,0.0,0.638,46.77802583862194,,70.4,,
Jordan,JOR,1993,0.0,0.643,49.274932003626475,,70.568,,
Jordan,JOR,1994,0.0,0.647,51.69317769718948,,70.738,,
Jordan,JOR,1995,0.0,0.653,53.85421577515866,0.0232,70.915,0.0232,
Jordan,JOR,1997,0.0,0.661,57.188179963735266,0.599,71.324,0.599,
Jordan,JOR,1999,0.0,0.668,59.7965095194923,2.53,71.737,2.53,
Jordan,JOR,2001,0.0,0.679,62.31747506799638,4.70571958094159,72.141,4.70571958094159,
Kazakhstan,KAZ,1990,0.0,0.689,,0.0,65.701,0.0,
Kazakhstan,KAZ,1991,0.0,0.683,,,65.379,,
Kazakhstan,KAZ,1992,0.0,0.68,6.420204096751491,,64.978,,
Kazakhstan,KAZ,1993,0.0,0.673,6.3986691113827465,,64.538,,
Kazakhstan,KAZ,1994,0.0,0.666,6.313209245471719,0.000521,64.108,0.000521,
Kazakhstan,KAZ,1995,0.0,0.665,6.19718339074712,0.0113,63.717,0.0113,
Kazakhstan,KAZ,1997,0.0,0.673,5.942605104270845,0.0646,63.318,0.0646,
Kazakhstan,KAZ,1999,0.0,0.683,5.725033892654739,0.464,63.528,0.464,
Kazakhstan,KAZ,2001,0.0,0.707,5.769363262584732,1.00612421099739,64.108,1.00612421099739,
Kenya,KEN,1990,0.0,0.485,40.223233299363955,0.0,58.334,0.0,
Kenya,KEN,1991,0.0,0.485,41.547798432723056,,57.826,,
Kenya,KEN,1992,0.0,0.484,42.840882735355095,,57.095,,
Kenya,KEN,1993,0.0,0.483,44.131826967002844,,56.668,,
Kenya,KEN,1994,0.0,0.484,45.43193238921882,,56.101,,
Kenya,KEN,1995,0.0,0.488,46.74025898724391,0.000727,55.856,0.000727,
Kenya,KEN,1997,0.0,0.493,49.37584425624627,0.0344,55.478,0.0344,
Kenya,KEN,1999,0.0,0.499,52.242695997469866,0.11399999999999999,55.866,0.11399999999999999,
Kenya,KEN,2001,0.0,0.505,55.556049478160034,0.619782266151425,56.501,0.619782266151425,
Kiribati,KIR,1990,0.0,,92.41358024691358,0.0,61.018,0.0,
Kiribati,KIR,1991,0.0,,94.28024691358024,,61.502,,
Kiribati,KIR,1992,0.0,,95.85308641975308,,61.968,,
Kiribati,KIR,1993,0.0,,97.33456790123456,,62.406,,
Kiribati,KIR,1994,0.0,,98.79135802469136,,62.797,,
Kiribati,KIR,1995,0.0,,100.28888888888889,,63.146,,
Kiribati,KIR,1996,0.0,,102.0037037037037,,63.47,,
Kiribati,KIR,1997,0.0,,103.88518518518518,,63.797,,
Kiribati,KIR,1998,0.0,,105.74938271604938,0.617,64.1,0.617,
Kiribati,KIR,1999,0.0,,107.56296296296296,1.21,64.393,1.21,
Kiribati,KIR,2000,0.0,,109.39876543209877,1.78522547397736,64.674,1.78522547397736,
Kiribati,KIR,2001,0.0,,111.5246913580247,2.33745894837722,64.918,2.33745894837722,
Kiribati,KIR,2002,0.0,,113.90617283950617,2.5,65.123,2.5,
Kiribati,KIR,2003,0.0,,116.26543209876543,3.0,65.287,3.0,
Kuwait,KWT,1990,0.0,0.698,94.54652076318743,0.0,73.41714634146342,0.0,
Kuwait,KWT,1991,0.0,0.685,75.83608305274971,,73.90724390243903,,
Kuwait,KWT,1992,0.0,0.699,91.7486531986532,,76.00239024390245,,
Kuwait,KWT,1993,0.0,0.704,93.83563411896745,0.0911,76.05148780487806,0.0911,
Kuwait,KWT,1994,0.0,0.734,93.39848484848486,0.147,76.03282926829269,0.147,
Kuwait,KWT,1995,0.0,0.763,94.36099887766555,0.203,75.979756097561,0.203,
Kuwait,KWT,1997,0.0,0.765,100.31891133557801,2.17,75.90714634146343,2.17,
Kuwait,KWT,1999,0.0,0.773,106.62345679012346,4.76,76.07795121951222,4.76,
Kuwait,KWT,2001,0.0,0.777,112.68916947250281,8.55179243431475,76.38434146341464,8.55179243431475,
Kyrgyzstan,KGZ,1992,0.0,0.631,23.5422314911366,,68.10243902439025,,
Kyrgyzstan,KGZ,1993,0.0,0.615,23.549410844629822,,67.19268292682928,,
Kyrgyzstan,KGZ,1994,0.0,0.595,23.540505735140773,,66.03902439024391,,
Kyrgyzstan,KGZ,1995,0.0,0.59,23.77713242961418,,65.79024390243903,,
Kyrgyzstan,KGZ,1997,0.0,0.608,24.486032325338893,,66.89268292682927,,
Kyrgyzstan,KGZ,1999,0.0,0.619,25.23681960375391,0.205,68.65609756097562,0.205,
Kyrgyzstan,KGZ,2001,0.0,0.634,25.782445255474453,3.00294132719239,68.70731707317073,3.00294132719239,
Laos,LAO,1990,0.0,0.409,18.682647313691508,0.0,54.035,0.0,
Laos,LAO,1991,0.0,0.415,19.216282495667244,,54.7,,
Laos,LAO,1992,0.0,0.42,19.755831889081456,,55.098,,
Laos,LAO,1993,0.0,0.426,20.299220103986134,,55.583,,
Laos,LAO,1994,0.0,0.434,20.837175043327555,,55.81,,
Laos,LAO,1995,0.0,0.436,21.35792461005199,,56.344,,
Laos,LAO,1997,0.0,0.455,22.322404679376085,,57.302,,
Laos,LAO,1999,0.0,0.469,23.140311958405547,0.0378,57.866,0.0378,
Laos,LAO,2001,0.0,0.479,23.923232235701906,0.181664460654566,58.887,0.181664460654566,
Latvia,LVA,1990,0.0,0.736,,0.0,69.27317073170732,0.0,
Latvia,LVA,1991,0.0,0.733,,,69.03243902439026,,
Latvia,LVA,1992,0.0,0.709,42.01292043646649,,68.3960975609756,,
Latvia,LVA,1993,0.0,0.692,41.19256914201231,,66.72268292682926,,
Latvia,LVA,1994,0.0,0.686,40.508814501743615,,65.66439024390246,,
Latvia,LVA,1995,0.0,0.695,39.93533353688913,,66.39121951219514,,
Latvia,LVA,1997,0.0,0.727,39.09638902727112,2.05,69.34926829268294,2.05,
Latvia,LVA,1999,0.0,0.753,38.415510951837625,4.39,69.7429268292683,4.39,
Latvia,LVA,2001,0.0,0.775,37.558776736786285,7.21934580836289,70.7609756097561,7.21934580836289,
Lebanon,LBN,1990,0.0,,351.4345063538612,0.0,65.479,0.0,
Lebanon,LBN,1991,0.0,,358.6424242424242,,70.865,,
Lebanon,LBN,1992,0.0,,366.3119257086999,,71.169,,
Lebanon,LBN,1993,0.0,,373.47478005865105,,71.559,,
Lebanon,LBN,1994,0.0,,380.2345063538612,,72.03,,
Lebanon,LBN,1995,0.0,,387.1686217008798,0.0716,72.383,0.0716,
Lebanon,LBN,1997,0.0,,401.60361681329425,1.24,72.94,1.24,
Lebanon,LBN,1999,0.0,,415.96060606060604,5.38,73.513,5.38,
Lebanon,LBN,2001,0.0,,430.2950146627566,6.78321977527715,74.354,6.78321977527715,
Lesotho,LSO,1990,0.0,0.483,59.60790513833992,0.0,59.317,0.0,
Lesotho,LSO,1991,0.0,0.482,60.68442028985507,,59.061,,
Lesotho,LSO,1992,0.0,0.481,61.70204216073781,,58.638,,
Lesotho,LSO,1993,0.0,0.477,62.64140316205533,,58.06,,
Lesotho,LSO,1994,0.0,0.478,63.4949604743083,,57.288,,
Lesotho,LSO,1995,0.0,0.476,64.27658102766799,,56.368,,
Lesotho,LSO,1997,0.0,0.469,65.48517786561264,0.00558,53.733,0.00558,
Lesotho,LSO,1999,0.0,0.462,65.982674571805,0.053799999999999994,50.385,0.053799999999999994,
Lesotho,LSO,2001,0.0,0.457,65.9042490118577,0.261150063093855,47.153,0.261150063093855,
Liberia,LBR,1990,0.0,,23.08624377076412,0.0,37.644,0.0,
Liberia,LBR,1991,0.0,,20.312686877076413,,43.575,,
Liberia,LBR,1992,0.0,,21.51641403654485,,43.566,,
Liberia,LBR,1993,0.0,,22.37464700996678,,43.022,,
Liberia,LBR,1994,0.0,,22.320681063122922,,42.621,,
Liberia,LBR,1995,0.0,,22.520369601328905,,44.573,,
Liberia,LBR,1997,0.0,,25.051796096345516,0.00449,48.302,0.00449,
Liberia,LBR,1999,0.0,0.403,29.294892026578072,0.0113,50.412,0.0113,
Liberia,LBR,2001,0.0,0.448,31.305419435215946,0.033812227177592,53.109,0.033812227177592,
Libya,LBY,1990,0.0,0.69,2.5263642770269503,0.0,69.312,0.0,
Libya,LBY,1991,0.0,0.7,2.5827204837628015,,69.635,,
Libya,LBY,1992,0.0,0.703,2.6372529183763938,,69.974,,
Libya,LBY,1993,0.0,0.705,2.6899331643497733,,70.247,,
Libya,LBY,1994,0.0,0.71,2.7405100196642302,,70.472,,
Libya,LBY,1995,0.0,0.712,2.788707844095616,,70.641,,
Libya,LBY,1997,0.0,0.721,2.8783881014356023,,70.72,,
Libya,LBY,1999,0.0,0.724,2.9655694101867534,0.134,70.601,0.134,
Libya,LBY,2001,0.0,0.73,3.0710520931607124,0.366533175284228,70.653,0.366533175284228,
Lithuania,LTU,1990,0.0,0.745,,0.0,71.16073170731708,0.0,
Lithuania,LTU,1991,0.0,0.738,,,70.36414634146342,,
Lithuania,LTU,1992,0.0,0.723,59.031812380344604,,70.23439024390245,,
Lithuania,LTU,1993,0.0,0.705,58.752600510529675,,68.91048780487806,,
Lithuania,LTU,1994,0.0,0.699,58.346266751754946,,68.53024390243903,,
Lithuania,LTU,1995,0.0,0.706,57.89888321633695,,69.00634146341466,,
Lithuania,LTU,1997,0.0,0.739,57.03792278238673,0.9780000000000001,70.9090243902439,0.9780000000000001,
Lithuania,LTU,1999,0.0,0.762,56.22587747287811,2.92,71.5707317073171,2.92,
Lithuania,LTU,2001,0.0,0.787,55.37361199744735,7.17935699381369,71.65853658536585,7.17935699381369,
Luxembourg,LUX,1990,0.0,0.787,,0.0,74.77548780487805,0.0,
Luxembourg,LUX,1991,0.0,0.796,,,75.46341463414635,,
Luxembourg,LUX,1992,0.0,0.801,,0.153,75.77073170731707,0.153,
Luxembourg,LUX,1993,0.0,0.812,,0.302,75.71219512195123,0.302,
Luxembourg,LUX,1994,0.0,0.82,,0.496,76.37073170731708,0.496,
Luxembourg,LUX,1995,0.0,0.824,,1.59,76.51219512195124,1.59,
Luxembourg,LUX,1997,0.0,0.837,,7.14,76.88048780487804,7.14,
Luxembourg,LUX,1999,0.02,0.858,,17.4,77.77073170731708,17.4,
Luxembourg,LUX,2001,0.02,0.863,171.50198488226658,36.163422506306,77.82439024390246,36.163422506306,
Madagascar,MDG,1990,0.0,,20.730541321319254,0.0,52.14,0.0,
Madagascar,MDG,1991,0.0,,21.359514392819065,,52.555,,
Madagascar,MDG,1992,0.0,,22.012019809471404,,52.946,,
Madagascar,MDG,1993,0.0,,22.693787185748185,,53.733,,
Madagascar,MDG,1994,0.0,,23.409997592598963,,54.247,,
Madagascar,MDG,1995,0.0,,24.162181449255424,,54.845,,
Madagascar,MDG,1997,0.0,,25.777786566702204,0.0143,56.127,0.0143,
Madagascar,MDG,1999,0.0,0.436,27.51402483062214,0.169,57.434,0.169,
Madagascar,MDG,2001,0.0,0.451,29.289367885270146,0.222511586178292,58.674,0.222511586178292,
Malawi,MWI,1990,0.0,0.306,101.25002121340687,0.0,43.575,0.0,
Malawi,MWI,1991,0.0,0.31,104.41479635129402,,43.54,,
Malawi,MWI,1992,0.0,0.318,107.49977725922783,,43.636,,
Malawi,MWI,1993,0.0,0.324,109.07959270258803,,43.648,,
Malawi,MWI,1994,0.0,0.325,107.81601612218923,,43.8,,
Malawi,MWI,1995,0.0,0.37,107.659280865507,,43.804,,
Malawi,MWI,1997,0.0,0.379,112.02837293169283,0.00467,44.2,0.00467,
Malawi,MWI,1999,0.0,0.392,117.18078065337293,0.0873,45.06,0.0873,
Malawi,MWI,2001,0.0,0.4,122.96412812897752,0.164020725330811,47.205,0.164020725330811,
Malaysia,MYS,1990,0.0,0.653,54.27840815705372,0.0,70.952,0.0,
Malaysia,MYS,1991,0.0,0.661,55.82853142596256,,71.219,,
Malaysia,MYS,1992,0.0,0.67,57.326349109724546,0.00105,71.483,0.00105,
Malaysia,MYS,1993,0.0,0.677,58.81194338761224,0.025500000000000002,71.721,0.025500000000000002,
Malaysia,MYS,1994,0.0,0.684,60.32703089331913,0.0996,71.865,0.0996,
Malaysia,MYS,1995,0.0,0.691,61.879771724242886,0.146,71.979,0.146,
Malaysia,MYS,1997,0.0,0.713,65.05925429919343,2.31,72.296,2.31,
Malaysia,MYS,1999,0.0,0.723,68.28650433723938,12.3,72.428,12.3,
Malaysia,MYS,2001,0.0,0.731,71.60717698980368,26.6959725007084,73.08,26.6959725007084,
Maldives,MDV,1990,0.0,,749.2066666666667,0.0,63.148,0.0,
Maldives,MDV,1991,0.0,,772.6733333333333,0.0,63.911,0.0,
Maldives,MDV,1992,0.0,,795.1433333333333,0.0,64.664,0.0,
Maldives,MDV,1993,0.0,,816.28,0.0,65.434,0.0,
Maldives,MDV,1994,0.0,,836.0733333333334,0.0,66.197,0.0,
Maldives,MDV,1995,0.0,,855.4966666666667,0.0,66.962,0.0,
Maldives,MDV,1997,0.0,,892.3566666666667,0.309,68.517,0.309,
Maldives,MDV,1999,0.0,,924.7066666666667,1.12,70.157,1.12,
Maldives,MDV,2001,0.0,0.639,955.89,3.61729064930367,71.659,3.61729064930367,
Mali,MLI,1990,0.0,0.24,7.522459616944902,0.0,46.541,0.0,
Mali,MLI,1991,0.0,0.247,7.673303338004737,,46.889,,
Mali,MLI,1992,0.0,0.251,7.8295511354789005,,47.238,,
Mali,MLI,1993,0.0,0.259,7.994481187356068,,47.586,,
Mali,MLI,1994,0.0,0.266,8.16842540915759,,47.914,,
Mali,MLI,1995,0.0,0.273,8.347359837402372,,48.292,,
Mali,MLI,1997,0.0,0.293,8.72527639138167,0.0101,49.086,0.0101,
Mali,MLI,1999,0.0,0.314,9.20136618067678,0.060899999999999996,50.06,0.060899999999999996,
Mali,MLI,2001,0.0,0.332,9.762543538301411,0.185897413256084,51.3,0.185897413256084,
Malta,MLT,1990,0.0,0.735,1106.78125,0.0,76.04592682926831,0.0,
Malta,MLT,1991,0.0,0.742,1137.015625,,76.37763414634148,,
Malta,MLT,1992,0.0,0.748,1148.80625,,76.56512195121952,,
Malta,MLT,1993,0.0,0.754,1160.3375,,76.71960975609755,,
Malta,MLT,1994,0.0,0.758,1171.240625,,76.83297560975612,,
Malta,MLT,1995,0.0,0.763,1179.434375,0.225,77.29024390243903,0.225,
Malta,MLT,1997,0.0,0.772,1196.221875,3.92,77.73902439024391,3.92,
Malta,MLT,1999,0.0,0.784,1211.18125,7.76,77.5,7.76,
Malta,MLT,2001,0.0,0.801,1228.2125,17.8778483243348,78.84390243902439,17.8778483243348,
Mauritania,MRT,1990,0.0,0.396,1.893740176579024,0.0,58.087,0.0,
Mauritania,MRT,1991,0.0,0.401,1.949876782768992,,58.291,,
Mauritania,MRT,1992,0.0,0.409,2.025938682448821,,58.568,,
Mauritania,MRT,1993,0.0,0.421,2.1095643737265934,,58.733,,
Mauritania,MRT,1994,0.0,0.432,2.1824527020471525,,58.763,,
Mauritania,MRT,1995,0.0,0.439,2.243152226642088,,58.861,,
Mauritania,MRT,1997,0.0,0.45,2.3394838459299505,0.00417,59.417,0.00417,
Mauritania,MRT,1999,0.0,0.467,2.4659920442417773,0.11800000000000001,60.443,0.11800000000000001,
Mauritania,MRT,2001,0.0,0.47,2.5989715727175704,0.261448551967195,61.662,0.261448551967195,
Mauritius,MUS,1990,0.0,0.627,521.564039408867,0.0,69.40487804878049,0.0,
Mauritius,MUS,1991,0.0,0.632,527.2246305418719,,69.95609756097562,,
Mauritius,MUS,1992,0.0,0.637,534.2073891625615,,70.05853658536586,,
Mauritius,MUS,1993,0.0,0.641,540.5783251231527,,70.10731707317075,,
Mauritius,MUS,1994,0.0,0.645,548.2,,70.15853658536585,,
Mauritius,MUS,1995,0.0,0.65,552.9344827586207,,70.3258536585366,,
Mauritius,MUS,1997,0.0,0.659,565.6571428571428,0.47600000000000003,70.40487804878049,0.47600000000000003,
Mauritius,MUS,1999,0.0,0.675,578.9492610837439,4.65,70.96097560975612,4.65,
Mauritius,MUS,2001,0.0,0.697,589.3039408866995,8.78090401892036,71.7658536585366,8.78090401892036,
Mexico,MEX,1990,0.001,0.668,42.60406389053217,0.0,69.034,0.0,
Mexico,MEX,1991,0.001,0.67,43.43248128809898,0.00588,69.368,0.00588,
Mexico,MEX,1992,0.001,0.672,44.262871473031716,0.0173,69.663,0.0173,
Mexico,MEX,1993,0.001,0.675,45.09056662980015,0.0283,69.961,0.0283,
Mexico,MEX,1994,0.005,0.68,45.91640988708557,0.0433,70.302,0.0433,
Mexico,MEX,1995,0.007,0.68,46.74114817767947,0.10300000000000001,70.703,0.10300000000000001,
Mexico,MEX,1997,0.012,0.694,48.366062398724246,0.627,71.472,0.627,
Mexico,MEX,1999,0.017000001,0.706,49.95792432932946,1.86,72.203,1.86,
Mexico,MEX,2001,0.02,0.715,51.49263046889066,7.0380231165045,72.912,7.0380231165045,
Micronesia (country),FSM,1990,,,,0.0,63.722,0.0,
Micronesia (country),FSM,1991,,,146.79142857142858,,63.881,,
Micronesia (country),FSM,1992,,,149.72285714285715,,63.996,,
Micronesia (country),FSM,1993,,,152.95142857142858,,64.041,,
Micronesia (country),FSM,1994,,,155.82142857142858,,64.082,,
Micronesia (country),FSM,1995,,,157.47142857142856,,64.142,,
Micronesia (country),FSM,1996,,,158.15714285714284,0.27799999999999997,64.253,0.27799999999999997,
Micronesia (country),FSM,1997,,,158.67285714285714,0.571,64.371,0.571,
Micronesia (country),FSM,1998,,,159.11,1.86,64.509,1.86,
Micronesia (country),FSM,1999,,,159.54285714285714,2.8,64.626,2.8,
Micronesia (country),FSM,2000,,0.596,160.06285714285715,3.73486213690137,64.317,3.73486213690137,
Micronesia (country),FSM,2001,,0.599,160.52142857142857,4.66052719883673,64.801,4.66052719883673,
Micronesia (country),FSM,2002,,0.596,160.64,5.57009970478472,63.907,5.57009970478472,
Micronesia (country),FSM,2003,,0.601,160.40714285714284,9.23250210039423,64.915,9.23250210039423,
Moldova,MDA,1992,0.0,,103.841049221444,,66.749,,
Moldova,MDA,1993,0.0,,103.37881682704,,66.66,,
Moldova,MDA,1994,0.0,,103.094311429266,0.0008250000000000001,66.319,0.0008250000000000001,
Moldova,MDA,1995,0.0,,102.659297111273,0.00346,66.218,0.00346,
Moldova,MDA,1997,0.0,,102.111242480092,0.0281,66.484,0.0281,
Moldova,MDA,1999,0.0,,101.980791314333,0.601,67.205,0.601,
Moldova,MDA,2001,0.0,,101.616986454017,1.48781295215565,67.672,1.48781295215565,
Mongolia,MNG,1990,0.0,0.593,1.3562475483116734,0.0,58.801195121951224,0.0,
Mongolia,MNG,1991,0.0,0.591,1.3993070880475604,,59.804731707317075,,
Mongolia,MNG,1992,0.0,0.581,1.4008890569705021,,60.43070731707317,,
Mongolia,MNG,1993,0.0,0.567,1.3991700874709005,,60.82421951219513,,
Mongolia,MNG,1994,0.0,0.568,1.4148508374362518,,60.85900000000001,,
Mongolia,MNG,1995,0.0,0.572,1.4378242831922068,0.00881,60.89251219512197,0.00881,
Mongolia,MNG,1997,0.0,0.585,1.4809956205684813,0.11299999999999999,61.41451219512196,0.11299999999999999,
Mongolia,MNG,1999,0.0,0.602,1.5230412267912574,0.508,62.78953658536586,0.508,
Mongolia,MNG,2001,0.0,0.622,1.5624211378313806,1.65323823906982,63.39170731707318,1.65323823906982,
Italy,ITA,2024,22.21999931,,,89.2207202,83.95121951219514,89.2207202,59.0516772
Jamaica,JAM,2024,0.289999992,,,90.10870361,71.606,90.10870361,45.9061284
Japan,JPN,2024,11.53999996,,,85.54153081,84.03634146341463,85.54153081,75.322857
Jordan,JOR,2024,1.75,,,95.62244985,77.981,95.62244985,53.3644396
Kazakhstan,KAZ,2024,4.909999847,,,93.39167254,74.531,93.39167254,46.4968168
Kenya,KEN,2024,2.170000076,,,34.97622513,63.834,34.97622513,31.6245639
Kiribati,KIR,2024,0.0,,,89.44029999,66.6,89.44029999,55.436614
Kosovo,XKX,2000,0.0,,,,71.321,,55.447406799999996
Kosovo,XKX,2002,0.0,,,,72.227,,54.205829599999994
Kosovo,XKX,2003,0.0,,,,72.678,,50.9822053
Kosovo,XKX,2004,0.0,,,,73.132,,49.7208318
Kosovo,XKX,2005,0.0,,,,73.437,,42.817752
Kosovo,XKX,2006,0.0,,,,73.63,,40.150614
Kosovo,XKX,2007,0.0,,,,74.422,,39.9701344
Kosovo,XKX,2008,0.0,,,,74.711,,36.578626899999996
Kosovo,XKX,2009,0.0,,,,74.79,,39.390927
Kosovo,XKX,2010,0.0,,,,74.609,,38.6443139
Kosovo,XKX,2011,0.0,,,,75.323,,38.7553954
Kosovo,XKX,2012,0.0,,,,75.75,,38.645139799999995
Kosovo,XKX,2013,0.0,,,,76.336,,38.7108883
Kosovo,XKX,2014,0.0,,,,76.179,,40.776474199999996
Kosovo,XKX,2015,0.0,,,,76.024,,40.3571141
Kosovo,XKX,2016,0.0,,,,76.748,,41.8207613
Kosovo,XKX,2017,0.0,,,83.8935968102791,77.105,83.8935968102791,39.5772523
Kosovo,XKX,2018,0.029999999,,,89.4430319734879,77.117,89.4430319734879,40.008194599999996
Kosovo,XKX,2019,0.090000004,,,,77.249,,40.8818961
Kosovo,XKX,2020,0.090000004,,,,74.212,,39.2807159
Kosovo,XKX,2021,0.129999995,,,,74.981,,39.921832099999996
Kosovo,XKX,2022,0.129999995,,,,77.623,,41.8811357
Kosovo,XKX,2023,0.400000006,,,,78.033,,44.8584508
Kosovo,XKX,2024,0.360000014,,,,78.222,,42.6987358
Kuwait,KWT,2024,1.860000014,,,99.74729919,84.58048780487805,99.74729919,52.274475499999994
Kyrgyzstan,KGZ,2024,0.0,,,92.0286026,72.4,92.0286026,24.851033899999997
Laos,LAO,2024,0.0,,,65.59269714,69.225,65.59269714,28.0202267
Latvia,LVA,2024,0.280000001,,,92.70757011,76.42926829268293,92.70757011,64.5567977
Lebanon,LBN,2024,0.01,,,80.63400269,77.945,80.63400269,21.457145999999998
Lesotho,LSO,2024,0.0,,,51.79660034,57.798,51.79660034,41.7332409
Liberia,LBR,2024,0.0,,,32.23360062,62.324,32.23360062,26.6541519
Libya,LBY,2024,0.0,,,81.95449829,71.121,81.95449829,16.852980199999998
Lithuania,LTU,2024,3.410000086,,,89.16116293,77.19512195121952,89.16116293,67.9504044
Luxembourg,LUX,2024,0.460000008,,,98.7606147,83.19512195121952,98.7606147,88.656893
Macao,MAC,1996,0.0,,20755.0,0.7270000000000001,77.5439024390244,0.7270000000000001,56.488882399999994
Macao,MAC,1998,0.0,,21115.0,7.0,78.24634146341464,7.0,56.3984412
Macao,MAC,2000,0.0,,21530.0,13.6085897418451,80.1829268292683,13.6085897418451,56.134017899999996
Macao,MAC,2002,0.0,,16237.037037037036,25.1718801643395,80.94634146341464,25.1718801643395,46.473077599999996
Macao,MAC,2003,0.0,,16429.62962962963,25.7421239826498,81.0439024390244,25.7421239826498,65.3567128
Macao,MAC,2004,0.0,,16239.285714285714,31.4840973824121,80.99268292682929,31.4840973824121,71.24170219999999
Macao,MAC,2005,0.0,,16910.714285714286,34.86289978,81.34146341463415,34.86289978,55.7702755
Macao,MAC,2006,0.0,,17444.055944055945,46.4,81.72926829268295,46.4,55.935924099999994
Macao,MAC,2007,0.0,,17839.04109589041,47.32699966,81.72926829268295,47.32699966,46.3435237
Macao,MAC,2008,0.0,,18517.123287671235,49.24,82.02682926829267,49.24,46.375063999999995
Macao,MAC,2009,0.0,,18135.593220338982,54.0,82.17560975609757,54.0,54.7290955
Macao,MAC,2010,0.0,,18080.80808080808,55.198,82.27317073170734,55.198,54.7371597
Macao,MAC,2011,0.0,,18381.270903010034,60.2036967182195,82.47073170731709,60.2036967182195,54.716960699999994
Macao,MAC,2012,0.0,,18993.3110367893,61.31,82.47073170731709,61.31,48.6953531
Macao,MAC,2013,0.0,,19534.653465346535,65.8,82.72195121951219,65.8,48.698543199999996
Macao,MAC,2014,0.0,,20518.151815181518,69.7809492200465,83.0219512195122,69.7809492200465,59.3615144
Macao,MAC,2015,0.0,,21148.026315789473,77.6001318608868,83.22439024390245,77.6001318608868,59.394858299999996
Macao,MAC,2016,0.0,,21393.44262295082,81.6429854646415,83.27560975609757,81.6429854646415,64.7719207
Macao,MAC,2017,0.0,,21051.948051948053,83.1740890688259,83.52682926829269,83.1740890688259,59.402503499999995
Macao,MAC,2018,0.0,,20027.355623100306,83.7940896091516,83.67804878048783,83.7940896091516,59.4352017
Macao,MAC,2019,0.0,,20425.531914893618,86.4679257062588,83.92926829268293,86.4679257062588,59.480249199999996
Macao,MAC,2020,0.0,,20832.826747720366,87.46230316,84.12926829268292,87.46230316,59.4915683
Macao,MAC,2021,0.0,,20681.81818181818,88.46810492,83.72926829268295,88.46810492,59.469527299999996
Macao,MAC,2022,0.0,,20524.242424242424,89.48549652,83.08048780487806,89.48549652,59.4619569
Macao,MAC,2023,0.0,,20569.696969696968,89.82640076,83.18048780487806,89.82640076,59.4359567
Macao,MAC,2024,0.0,,,89.82640076,83.33170731707317,89.82640076,59.461007599999995
Madagascar,MDG,2024,0.0,,,18.67790031,63.835,18.67790031,27.412567799999998
Malawi,MWI,2024,0.0,,,18.96159935,67.561,18.96159935,34.7249395
Malaysia,MYS,2024,0.0,,,98.0206059,76.821,98.0206059,57.943153599999995
Maldives,MDV,2024,0.0,,,85.23999786,81.285,85.23999786,41.054607
Mali,MLI,2024,0.0,,,36.80149841,60.675,36.80149841,28.000738199999997
Malta,MLT,2024,0.0,,,93.86029816,82.95609756097562,93.86029816,53.255139299999996
Mauritania,MRT,2024,0.100000001,,,45.77939987,68.713,45.77939987,28.9543958
Mauritius,MUS,2024,0.01,,,73.30793533,73.7890243902439,73.30793533,54.7467036
Mexico,MEX,2024,19.75,,,83.12233799,75.264,83.12233799,28.810029099999998
Moldova,MDA,2024,0.209999993,,,77.3687973,71.332,77.3687973,41.9527948
Mongolia,MNG,2024,0.50999999,,,85.12349701,72.39804878048781,85.12349701,38.018293899999996
Montenegro,MNE,2024,0.270000011,,,88.88258428,77.89024390243904,88.88258428,46.651784
Italy,ITA,1960,0.0,,,,69.1239024390244,,
Italy,ITA,1961,0.0,,171.82805752949577,,69.76024390243904,,
Italy,ITA,1962,0.0,,172.99462786032436,,69.14975609756098,,
Italy,ITA,1963,0.0,,174.26133079460067,,69.24804878048782,,
Italy,ITA,1964,0.0,,175.70075821971372,,70.31170731707319,,
Italy,ITA,1965,0.0,,177.18659685151815,,70.17170731707319,,
Italy,ITA,1966,0.0,,178.56924280031282,,70.92609756097562,,
Italy,ITA,1967,0.0,,179.86637652578966,,70.95658536585367,,
Italy,ITA,1968,0.0,,181.00625616266024,,70.78,,
Italy,ITA,1969,0.0,,182.03376287783482,,70.81195121951221,,
Italy,ITA,1970,0.0,,182.99904797524735,,71.55878048780488,,
Italy,ITA,1971,0.0,,183.85464622080175,,71.80682926829269,,
Italy,ITA,1972,0.0,,184.90138043589133,,72.07536585365855,,
Italy,ITA,1973,0.0,,186.1596205501343,,72.02634146341464,,
Italy,ITA,1974,0.0,,187.3818231274013,,72.73439024390245,,
Italy,ITA,1975,0.0,,188.5043045119173,,72.64731707317075,,
Italy,ITA,1976,0.0,,189.4470096222502,,72.9919512195122,,
Italy,ITA,1977,0.0,,190.25334398694366,,73.36463414634147,,
Italy,ITA,1978,0.0,,190.93245044371153,,73.69317073170733,,
Italy,ITA,1979,0.0,,191.48532521845567,,74.00268292682927,,
Italy,ITA,1980,0.0,,191.8801910849682,,73.94317073170733,,
Italy,ITA,1981,0.0,,192.11068987793684,,74.3539024390244,,
Italy,ITA,1982,0.0,,192.25306177960627,,74.81463414634148,,
Italy,ITA,1983,0.0,,192.32285199415185,,74.64024390243902,,
Italy,ITA,1984,0.0,,192.36584271191052,,75.38951219512195,,
Italy,ITA,1985,0.0,,192.4214443575533,,75.47073170731709,,
Italy,ITA,1986,0.0,,192.431930230186,,75.77073170731707,,
Italy,ITA,1987,0.0,,192.45156914079766,,76.21951219512196,,
Italy,ITA,1988,0.0,,192.54458535921933,,76.37073170731708,,
Italy,ITA,1989,0.002,,192.6890653156982,,76.81951219512197,,
Italy,ITA,2025,21.47999954,,,,,,
Jamaica,JAM,1980,0.0,,198.12169898430287,,68.992,,
Jamaica,JAM,1981,0.0,,200.7218836565097,,69.12,,
Jamaica,JAM,1982,0.0,,203.49852262234535,,69.253,,
Jamaica,JAM,1983,0.0,,206.3556786703601,,69.546,,
Jamaica,JAM,1984,0.0,,209.10083102493076,,69.809,,
Jamaica,JAM,1985,0.0,,211.51024930747923,,70.101,,
Jamaica,JAM,1986,0.0,,213.49261311172668,,70.446,,
Jamaica,JAM,1987,0.0,,215.1258541089566,,70.87,,
Jamaica,JAM,1988,0.0,,216.59990766389657,,71.161,,
Jamaica,JAM,1989,0.0,,218.09012003693445,,71.512,,
Japan,JPN,1960,0.0,,,,67.69560975609757,,
Japan,JPN,1961,0.0,,256.49031906190345,,68.35195121951222,,
Japan,JPN,1962,0.0,,258.88464685028634,,68.6348780487805,,
Japan,JPN,1963,0.0,,261.52167984728663,,69.71243902439025,,
Japan,JPN,1964,0.0,,264.25688573766024,,70.20658536585366,,
Japan,JPN,1965,0.0,,267.1175347695664,,70.26682926829268,,
Japan,JPN,1966,0.0,,269.5691300790837,,70.91585365853659,,
Japan,JPN,1967,0.0,,272.3725115898555,,71.46609756097563,,
Japan,JPN,1968,0.0,,275.4595036814835,,71.61097560975611,,
Japan,JPN,1969,0.0,,278.7537496591219,,71.85804878048782,,
Japan,JPN,1970,0.0,,281.98254704117807,,71.91975609756098,,
Japan,JPN,1971,0.0,,288.2383419689119,,72.8090243902439,,
Japan,JPN,1972,0.0,,292.38406983087833,,73.15365853658537,,
Japan,JPN,1973,0.0,,296.5275504637207,,73.29512195121951,,
Japan,JPN,1974,0.0,,300.49645390070924,,73.67219512195123,,
Japan,JPN,1975,0.0,,304.4283765347885,,74.24707317073171,,
Japan,JPN,1976,0.0,,307.7080491132333,,74.68658536585367,,
Japan,JPN,1977,0.0,,310.7860262008734,,75.25585365853658,,
Japan,JPN,1978,0.0,,313.62718340611355,,75.58463414634147,,
Japan,JPN,1979,0.0,,316.29366812227073,,76.10878048780488,,
Japan,JPN,1980,0.0,,318.8834288834289,,75.98902439024391,,
Japan,JPN,1981,0.0,,321.12718340611355,,76.39487804878051,,
Japan,JPN,1982,0.0,,323.5390496996177,,76.87365853658538,,
Japan,JPN,1983,0.0,,325.79737848170396,,76.9219512195122,,
Japan,JPN,1984,0.0,,329.26514943789414,,77.29121951219513,,
Japan,JPN,1985,0.0,,331.4234777838727,,77.56048780487806,,
Japan,JPN,1986,0.0,,333.10117905127504,,78.01048780487805,,
Japan,JPN,1987,0.0,,334.80252331322,,78.42951219512197,,
Japan,JPN,1988,0.0,,336.1985737794844,,78.349756097561,,
Japan,JPN,1989,0.0,,337.5452550740538,,78.76853658536587,,
Japan,JPN,2025,12.85000038,,,,,,
Jordan,JOR,1980,0.0,,25.31942429737081,,66.493,,
Jordan,JOR,1981,0.0,,26.354453762466,,66.92,,
Jordan,JOR,1982,0.0,,27.503705802357207,,67.36,,
Jordan,JOR,1983,0.0,,28.7546124206709,,67.778,,
Jordan,JOR,1984,0.0,,30.084859474161377,,68.206,,
Jordan,JOR,1985,0.0,,31.491500453309158,,68.587,,
Jordan,JOR,1986,0.0,,32.97696056210336,,68.962,,
Jordan,JOR,1987,0.0,,34.53800997280145,,69.297,,
Jordan,JOR,1988,0.0,,36.18584542157752,,69.605,,
Jordan,JOR,1989,0.0,,37.96041477787851,,69.865,,
Kazakhstan,KAZ,1985,0.0,,,,65.376,,
Kazakhstan,KAZ,1986,0.0,,,,65.788,,
Kazakhstan,KAZ,1987,0.0,,,,65.996,,
Kazakhstan,KAZ,1988,0.0,,,,66.032,,
Kazakhstan,KAZ,1989,0.0,,,,65.915,,
Kazakhstan,KAZ,2025,5.829999924,,,,,,
Kenya,KEN,1980,0.0,,28.14502407140598,,59.175,,
Kenya,KEN,1981,0.0,,29.16946094106898,,59.562,,
Kenya,KEN,1982,0.0,,30.231884949221634,,59.904,,
Kenya,KEN,1983,0.0,,31.356738236637735,,60.342,,
Kenya,KEN,1984,0.0,,32.531373651474155,,60.611,,
Kenya,KEN,1985,0.0,,33.73821555329093,,60.856,,
Kenya,KEN,1986,0.0,,34.96792704782654,,60.818,,
Kenya,KEN,1987,0.0,,36.223242084548616,,60.721,,
Kenya,KEN,1988,0.0,,37.52366553044945,,60.32,,
Kenya,KEN,1989,0.0,,38.86290543627227,,59.99,,
Kenya,KEN,2025,2.299999952,,,,,,
Kiribati,KIR,1980,0.0,,75.49135802469135,,57.303,,
Kiribati,KIR,1981,0.0,,76.69259259259259,,57.525,,
Kiribati,KIR,1982,0.0,,77.94320987654321,,57.773,,
Kiribati,KIR,1983,0.0,,79.220987654321,,58.05,,
Kiribati,KIR,1984,0.0,,80.52839506172839,,58.357,,
Kiribati,KIR,1985,0.0,,82.09382716049383,,58.719,,
Kiribati,KIR,1986,0.0,,84.02345679012346,,59.118,,
Kiribati,KIR,1987,0.0,,86.09012345679012,,59.576,,
Kiribati,KIR,1988,0.0,,88.18148148148148,,60.055,,
Kiribati,KIR,1989,0.0,,90.30493827160494,,60.539,,
Kosovo,XKX,2001,0.0,,,,71.782,,
Kosovo,XKX,2025,0.349999994,,,,,,
Kuwait,KWT,1960,0.0,,,,59.20334146341464,,
Kuwait,KWT,1961,0.0,,19.413299663299664,,60.235,,
Kuwait,KWT,1962,0.0,,21.604657687991022,,61.259512195121964,,
Kuwait,KWT,1963,0.0,,24.000785634118966,,62.269414634146344,,
Kuwait,KWT,1964,0.0,,26.5496632996633,,63.25670731707318,,
Kuwait,KWT,1965,0.0,,29.24657687991021,,64.21748780487805,,
Kuwait,KWT,1966,0.0,,32.131874298540964,,65.14826829268293,,
Kuwait,KWT,1967,0.0,,35.24629629629629,,66.03100000000002,,
Kuwait,KWT,1968,0.0,,38.59236812570146,,66.84604878048782,,
Kuwait,KWT,1969,0.0,,42.05679012345679,,67.57478048780489,,
Kuwait,KWT,1970,0.0,,45.40482603815937,,68.20204878048783,,
Kuwait,KWT,1971,0.0,,48.545230078563414,,68.71473170731709,,
Kuwait,KWT,1972,0.0,,51.64713804713805,,69.1198048780488,,
Kuwait,KWT,1973,0.0,,54.86273849607183,,69.44397560975612,,
Kuwait,KWT,1974,0.0,,58.2685746352413,,69.7139512195122,,
Kuwait,KWT,1975,0.0,,62.00129068462402,,69.9550243902439,,
Kuwait,KWT,1976,0.0,,66.14539842873177,,70.20143902439027,,
Kuwait,KWT,1977,0.0,,70.59612794612795,,70.46841463414634,,
Kuwait,KWT,1978,0.0,,75.21430976430976,,70.76541463414634,,
Kuwait,KWT,1979,0.0,,79.88294051627385,,71.09431707317074,,
Kuwait,KWT,1980,0.0,,84.44343434343435,,71.45548780487806,,
Kuwait,KWT,1981,0.0,,88.85667789001123,,71.84931707317074,,
Kuwait,KWT,1982,0.0,,93.29292929292929,,72.27168292682927,,
Kuwait,KWT,1983,0.0,,97.8841189674523,,72.71370731707319,,
Kuwait,KWT,1984,0.0,,102.17104377104377,,73.16556097560975,,
Kuwait,KWT,1985,0.0,,106.2986531986532,,73.62039024390245,,
Kuwait,KWT,1986,0.0,,110.69135802469135,,74.07034146341464,,
Kuwait,KWT,1987,0.0,,115.20729517396184,,74.51053658536586,,
Kuwait,KWT,1988,0.0,,119.79276094276095,,74.92826829268294,,
Kuwait,KWT,1989,0.0,,124.43703703703704,,75.30363414634148,,
Kuwait,KWT,2025,1.860000014,,,100.0,,100.0,
Kyrgyzstan,KGZ,2025,0.0,,,,,,
Laos,LAO,1980,0.0,,14.265914211438474,,48.56,,
Laos,LAO,1981,0.0,,14.586789428076257,,49.237,,
Laos,LAO,1982,0.0,,14.94811958405546,,49.931,,
Laos,LAO,1983,0.0,,15.342292027729636,,50.485,,
Laos,LAO,1984,0.0,,15.761884748700174,,51.014,,
Laos,LAO,1985,0.0,,16.204441074523398,,51.579,,
Laos,LAO,1986,0.0,,16.666876083188907,,52.144,,
Laos,LAO,1987,0.0,,17.14736568457539,,52.597,,
Laos,LAO,1988,0.0,,17.6455849220104,,53.077,,
Laos,LAO,1989,0.0,,18.158466204506066,,53.589,,
Latvia,LVA,1985,0.0,,,,69.29146341463417,,
Latvia,LVA,1986,0.0,,,,70.62243902439026,,
Latvia,LVA,1987,0.0,,,,70.6929268292683,,
Latvia,LVA,1988,0.0,,,,70.61536585365855,,
Latvia,LVA,1989,0.0,,,,70.15536585365855,,
Latvia,LVA,2025,0.219999999,,,,,,
Lebanon,LBN,1980,0.0,,287.8556207233627,,59.909,,
Lebanon,LBN,1981,0.0,,294.13304007820136,,60.279,,
Lebanon,LBN,1982,0.0,,298.6247311827957,,47.19,,
Lebanon,LBN,1983,0.0,,302.54115347018575,,60.752,,
Lebanon,LBN,1984,0.0,,308.186119257087,,61.167,,
Lebanon,LBN,1985,0.0,,314.50400782013685,,61.574,,
Lebanon,LBN,1986,0.0,,322.6163245356794,,62.011,,
Lebanon,LBN,1987,0.0,,330.9437927663734,,62.539,,
Lebanon,LBN,1988,0.0,,337.6978494623656,,62.92,,
Lebanon,LBN,1989,0.0,,344.6026392961877,,65.114,,
Lesotho,LSO,1980,0.0,,46.328096179183134,,56.534,,
Lesotho,LSO,1981,0.0,,47.696607378129116,,57.307,,
Lesotho,LSO,1982,0.0,,49.101844532279316,,57.976,,
Lesotho,LSO,1983,0.0,,50.54061264822134,,58.495,,
Lesotho,LSO,1984,0.0,,52.008761528326744,,58.955,,
Lesotho,LSO,1985,0.0,,53.503919631093545,,59.211,,
Lesotho,LSO,1986,0.0,,54.87938076416337,,59.346,,
Lesotho,LSO,1987,0.0,,56.106389986824766,,59.557,,
Lesotho,LSO,1988,0.0,,57.30701581027668,,59.572,,
Lesotho,LSO,1989,0.0,,58.479446640316205,,59.505,,
Liberia,LBR,1980,0.0,,20.029620016611297,,44.088,,
Liberia,LBR,1981,0.0,,20.627772009966776,,44.344,,
Liberia,LBR,1982,0.0,,21.232070182724254,,44.447,,
Liberia,LBR,1983,0.0,,21.876173172757476,,44.576,,
Liberia,LBR,1984,0.0,,22.56345514950166,,44.683,,
Liberia,LBR,1985,0.0,,23.26140988372093,,44.026,,
Liberia,LBR,1986,0.0,,23.967099252491693,,44.494,,
Liberia,LBR,1987,0.0,,24.680533637873754,,44.267,,
Liberia,LBR,1988,0.0,,25.404287790697673,,44.065,,
Liberia,LBR,1989,0.0,,26.140552325581396,,43.863,,
Libya,LBY,1960,0.0,,,,40.752,,
Libya,LBY,1961,0.0,,0.8841509712765836,,42.362,,
Libya,LBY,1962,0.0,,0.9218091091989952,,44.075,,
Libya,LBY,1963,0.0,,0.9607380338042898,,45.584,,
Libya,LBY,1964,0.0,,0.996675835729793,,47.652,,
Libya,LBY,1965,0.0,,1.025276492719688,,49.278,,
Libya,LBY,1966,0.0,,1.0508786387351239,,50.946,,
Libya,LBY,1967,0.0,,1.0788041192584426,,52.462,,
Libya,LBY,1968,0.0,,1.1098247269172625,,53.849,,
Libya,LBY,1969,0.0,,1.1447838639644452,,55.173,,
Libya,LBY,1970,0.0,,1.1835985541675664,,56.379,,
Libya,LBY,1971,0.0,,1.2239187514918672,,57.583,,
Libya,LBY,1972,0.0,,1.2651550973549905,,58.685,,
Libya,LBY,1973,0.0,,1.3152261386498745,,59.71,,
Libya,LBY,1974,0.0,,1.3822993509667298,,60.709,,
Libya,LBY,1975,0.0,,1.4614933448514953,,61.621,,
Libya,LBY,1976,0.0,,1.5465616013276198,,62.448,,
Libya,LBY,1977,0.0,,1.6376626845652842,,63.129,,
Libya,LBY,1978,0.0,,1.7348431976539322,,63.796,,
Libya,LBY,1979,0.0,,1.837892858360708,,64.328,,
Libya,LBY,1980,0.0,,1.9461779783352466,,64.797,,
Libya,LBY,1981,0.0,,2.058200438751037,,65.255,,
Libya,LBY,1982,0.0,,2.1168970299055436,,65.768,,
Libya,LBY,1983,0.0,,2.113598440501495,,66.26,,
Libya,LBY,1984,0.0,,2.1446701978926312,,66.748,,
Libya,LBY,1985,0.0,,2.215775145776737,,67.285,,
Libya,LBY,1986,0.0,,2.2832120895233983,,67.806,,
Libya,LBY,1987,0.0,,2.3470560487400114,,68.258,,
Libya,LBY,1988,0.0,,2.4084448208054376,,68.608,,
Libya,LBY,1989,0.0,,2.4682132830171524,,68.979,,
Lithuania,LTU,1985,0.0,,,,70.50121951219514,,
Lithuania,LTU,1986,0.0,,,,72.08073170731707,,
Lithuania,LTU,1987,0.0,,,,71.93463414634148,,
Lithuania,LTU,1988,0.0,,,,71.76219512195124,,
Lithuania,LTU,1989,0.0,,,,71.42536585365855,,
Lithuania,LTU,2025,3.99000001,,,,,,
Luxembourg,LUX,1965,0.0,,,,69.2268536585366,,
Luxembourg,LUX,1966,0.0,,,,68.90036585365854,,
Luxembourg,LUX,1967,0.0,,,,69.4889268292683,,
Luxembourg,LUX,1968,0.0,,,,69.974756097561,,
Luxembourg,LUX,1969,0.0,,,,69.71668292682926,,
Luxembourg,LUX,1970,0.0,,,,69.20809756097562,,
Luxembourg,LUX,1971,0.0,,,,69.23985365853659,,
Luxembourg,LUX,1972,0.0,,,,70.44336585365855,,
Luxembourg,LUX,1973,0.0,,,,70.33443902439026,,
Luxembourg,LUX,1974,0.0,,,,70.19963414634147,,
Luxembourg,LUX,1975,0.0,,,,70.31821951219513,,
Luxembourg,LUX,1976,0.0,,,,70.22041463414635,,
Luxembourg,LUX,1977,0.0,,,,71.42414634146343,,
Luxembourg,LUX,1978,0.0,,,,71.41463414634147,,
Luxembourg,LUX,1979,0.0,,,,72.17665853658538,,
Luxembourg,LUX,1980,0.0,,,,72.25817073170732,,
Luxembourg,LUX,1981,0.0,,,,71.9679268292683,,
Luxembourg,LUX,1982,0.0,,,,72.05558536585367,,
Luxembourg,LUX,1983,0.0,,,,72.85119512195122,,
Luxembourg,LUX,1984,0.0,,,,72.58070731707319,,
Luxembourg,LUX,1985,0.0,,,,73.13360975609757,,
Luxembourg,LUX,1986,0.0,,,,73.95251219512197,,
Luxembourg,LUX,1987,0.0,,,,73.72234146341464,,
Luxembourg,LUX,1988,0.0,,,,74.12019512195121,,
Luxembourg,LUX,1989,0.0,,,,74.12265853658538,,
Luxembourg,LUX,2025,0.469999999,,,99.12902211,,99.12902211,
Macao,MAC,1980,0.0,,11982.5,,72.76482926829269,,
Macao,MAC,1981,0.0,,12240.0,,73.19197560975611,,
Macao,MAC,1982,0.0,,12732.5,,73.75529268292684,,
Macao,MAC,1983,0.0,,13465.0,,73.90651219512196,,
Macao,MAC,1984,0.0,,14142.5,,74.06739024390245,,
Macao,MAC,1985,0.0,,14485.0,,74.5358048780488,,
Macao,MAC,1986,0.0,,14802.5,,74.81451219512196,,
Macao,MAC,1987,0.0,,15342.5,,74.99582926829268,,
Macao,MAC,1988,0.0,,15800.0,,75.37185365853658,,
Macao,MAC,1989,0.0,,16255.0,,76.04936585365856,,
Macao,MAC,1990,0.0,,16747.5,0.0,76.39868292682928,0.0,
Macao,MAC,1991,0.0,,17582.5,,76.46012195121952,,
Macao,MAC,1992,0.0,,18545.0,,76.89331707317075,,
Macao,MAC,1993,0.0,,19200.0,,77.30126829268293,,
Macao,MAC,1994,0.0,,19840.0,0.037,77.26648780487805,0.037,
Macao,MAC,1995,0.0,,20465.0,0.28,76.75853658536587,0.28,
Macao,MAC,1997,0.0,,20865.0,2.36,77.64634146341464,2.36,
Macao,MAC,1999,0.0,,21370.0,9.21,78.99512195121952,9.21,
Macao,MAC,2001,0.0,,16688.46153846154,22.5212167700561,80.58780487804879,22.5212167700561,
Madagascar,MDG,1960,0.0,,,,43.349,,
Madagascar,MDG,1961,0.0,,9.02114729855212,,43.79,,
Madagascar,MDG,1962,0.0,,9.258434501496028,,44.185,,
Madagascar,MDG,1963,0.0,,9.500954362554596,,44.626,,
Madagascar,MDG,1964,0.0,,9.749738625030092,,45.037,,
Madagascar,MDG,1965,0.0,,10.00638993018537,,45.447,,
Madagascar,MDG,1966,0.0,,10.273203906867971,,45.98,,
Madagascar,MDG,1967,0.0,,10.55213054991918,,46.457,,
Madagascar,MDG,1968,0.0,,10.844469855899852,,46.932,,
Madagascar,MDG,1969,0.0,,11.150937166832891,,47.322,,
Madagascar,MDG,1970,0.0,,11.472990679918837,,47.898,,
Madagascar,MDG,1971,0.0,,11.811514255253293,,48.204,,
Madagascar,MDG,1972,0.0,,12.164937923444647,,48.507,,
Madagascar,MDG,1973,0.0,,12.532324517660006,,48.921,,
Madagascar,MDG,1974,0.0,,12.91351583725969,,49.303,,
Madagascar,MDG,1975,0.0,,13.308346803315334,,49.596,,
Madagascar,MDG,1976,0.0,,13.71673659593493,,49.8,,
Madagascar,MDG,1977,0.0,,14.138735082711422,,49.945,,
Madagascar,MDG,1978,0.0,,14.574859854868109,,50.017,,
Madagascar,MDG,1979,0.0,,15.0249011246002,,50.059,,
Madagascar,MDG,1980,0.0,,15.48652199332806,,49.984,,
Madagascar,MDG,1981,0.0,,15.95592908484369,,49.806,,
Madagascar,MDG,1982,0.0,,16.435105065859613,,50.009,,
Madagascar,MDG,1983,0.0,,16.925824534855728,,50.107,,
Madagascar,MDG,1984,0.0,,17.427090139973174,,50.209,,
Madagascar,MDG,1985,0.0,,17.940540633490386,,50.406,,
Madagascar,MDG,1986,0.0,,18.462800495236785,,50.651,,
Madagascar,MDG,1987,0.0,,18.996614162396394,,51.098,,
Madagascar,MDG,1988,0.0,,19.55061044812051,,51.425,,
Madagascar,MDG,1989,0.0,,20.1275888159026,,51.816,,
Malawi,MWI,1980,0.0,,66.45660797624099,,44.331,,
Malawi,MWI,1981,0.0,,69.1180950360628,,44.72,,
Malawi,MWI,1982,0.0,,71.90155918540518,,44.84,,
Malawi,MWI,1983,0.0,,74.79538608400509,,44.974,,
Malawi,MWI,1984,0.0,,77.77694102672889,,44.807,,
Malawi,MWI,1985,0.0,,80.82846839202377,,44.568,,
Malawi,MWI,1986,0.0,,83.8616885871871,,44.298,,
Malawi,MWI,1987,0.0,,87.96323716588884,,43.902,,
Malawi,MWI,1988,0.0,,92.84325413661433,,43.569,,
Malawi,MWI,1989,0.0,,97.32944420873993,,43.515,,
Malaysia,MYS,1960,0.0,,,,57.168,,
Malaysia,MYS,1961,0.0,,24.84992542991934,,58.015,,
Malaysia,MYS,1962,0.0,,25.506534774007,,58.855,,
Malaysia,MYS,1963,0.0,,26.18219449094506,,59.667,,
Malaysia,MYS,1964,0.0,,26.87081418353371,,60.448,,
Malaysia,MYS,1965,0.0,,27.5647785725156,,61.144,,
Malaysia,MYS,1966,0.0,,28.259589103637193,,61.679,,
Malaysia,MYS,1967,0.0,,28.936536295845382,,62.044,,
Malaysia,MYS,1968,0.0,,29.600611779029066,,62.443,,
Malaysia,MYS,1969,0.0,,30.27726982194491,,62.868,,
Malaysia,MYS,1970,0.0,,30.980983107593975,,63.298,,
Malaysia,MYS,1971,0.0,,31.72562167097854,,63.77,,
Malaysia,MYS,1972,0.0,,32.49683457616801,,64.232,,
Malaysia,MYS,1973,0.0,,33.284495510576775,,64.725,,
Malaysia,MYS,1974,0.0,,34.091937300258714,,65.204,,
Malaysia,MYS,1975,0.0,,34.91679805204687,,65.697,,
Malaysia,MYS,1976,0.0,,35.763497184599,,66.233,,
Malaysia,MYS,1977,0.0,,36.632819966519556,,66.72,,
Malaysia,MYS,1978,0.0,,37.52292497336783,,67.17,,
Malaysia,MYS,1979,0.0,,38.43513011718156,,67.607,,
Malaysia,MYS,1980,0.0,,39.517160249581494,,68.061,,
Malaysia,MYS,1981,0.0,,40.78284279409527,,68.461,,
Malaysia,MYS,1982,0.0,,42.10256581950997,,68.876,,
Malaysia,MYS,1983,0.0,,43.48168315324912,,69.205,,
Malaysia,MYS,1984,0.0,,44.92165271648151,,69.551,,
Malaysia,MYS,1985,0.0,,46.4229432354284,,69.863,,
Malaysia,MYS,1986,0.0,,47.96962106224319,,70.133,,
Malaysia,MYS,1987,0.0,,49.54112616040177,,70.351,,
Malaysia,MYS,1988,0.0,,51.12343631106376,,70.551,,
Malaysia,MYS,1989,0.0,,52.70125399482575,,70.759,,
Malaysia,MYS,2025,0.0,,,,,,
Maldives,MDV,1980,0.0,,549.45,,54.819,,
Maldives,MDV,1981,0.0,,565.1066666666667,,55.729,,
Maldives,MDV,1982,0.0,,581.11,,56.614,,
Maldives,MDV,1983,0.0,,597.0933333333334,,57.484,,
Maldives,MDV,1984,0.0,,613.9933333333333,,58.341,,
Maldives,MDV,1985,0.0,,633.8966666666666,,59.18,,
Maldives,MDV,1986,0.0,,656.45,,59.993,,
Maldives,MDV,1987,0.0,,679.8133333333334,,60.789,,
Maldives,MDV,1988,0.0,,702.95,,61.59,,
Maldives,MDV,1989,0.0,,725.7933333333333,,62.375,,
Mali,MLI,1980,0.0,,6.171592129094649,,40.266,,
Mali,MLI,1981,0.0,,6.304564043304731,,40.984,,
Mali,MLI,1982,0.0,,6.441778739376654,,41.804,,
Mali,MLI,1983,0.0,,6.584548308050386,,42.748,,
Mali,MLI,1984,0.0,,6.7273121399126365,,43.396,,
Mali,MLI,1985,0.0,,6.863408977290422,,43.921,,
Mali,MLI,1986,0.0,,6.991761119169965,,44.62,,
Mali,MLI,1987,0.0,,7.114600185217056,,45.228,,
Mali,MLI,1988,0.0,,7.239852809808308,,45.72,,
Mali,MLI,1989,0.0,,7.37584966275744,,46.237,,
Malta,MLT,1980,0.0,,989.515625,,72.21839024390246,,
Malta,MLT,1981,0.0,,996.81875,,72.27165853658538,,
Malta,MLT,1982,0.0,,1018.43125,,72.72558536585366,,
Malta,MLT,1983,0.0,,1032.8875,,73.00114634146342,,
Malta,MLT,1984,0.0,,1033.103125,,73.21117073170733,,
Malta,MLT,1985,0.0,,1051.4125,,73.76407317073172,,
Malta,MLT,1986,0.0,,1069.128125,,74.39351219512197,,
Malta,MLT,1987,0.0,,1076.515625,,75.19331707317073,,
Malta,MLT,1988,0.0,,1085.390625,,75.7509024390244,,
Malta,MLT,1989,0.0,,1096.00625,,76.05129268292683,,
Malta,MLT,2025,0.0,,,,,,
Mauritania,MRT,1980,0.0,,1.4301377704472689,,53.204,,
Mauritania,MRT,1981,0.0,,1.4716959348015912,,53.684,,
Mauritania,MRT,1982,0.0,,1.5146754632773842,,54.229,,
Mauritania,MRT,1983,0.0,,1.5588881342776755,,54.58,,
Mauritania,MRT,1984,0.0,,1.6044367905307073,,55.195,,
Mauritania,MRT,1985,0.0,,1.6514087513340447,,55.808,,
Mauritania,MRT,1986,0.0,,1.699655573881828,,56.323,,
Mauritania,MRT,1987,0.0,,1.7493101775492383,,56.964,,
Mauritania,MRT,1988,0.0,,1.8005811584360143,,57.483,,
Mauritania,MRT,1989,0.0,,1.8463646065780537,,57.699,,
Mauritius,MUS,1980,0.0,,475.8812807881773,,66.77090243902441,,
Mauritius,MUS,1981,0.0,,482.9862068965517,,67.40614634146341,,
Mauritius,MUS,1982,0.0,,488.9266009852217,,68.08197560975609,,
Mauritius,MUS,1983,0.0,,493.44384236453203,,68.5459024390244,,
Mauritius,MUS,1984,0.0,,498.6310344827586,,68.77602439024392,,
Mauritius,MUS,1985,0.0,,502.7231527093596,,68.85551219512196,,
Mauritius,MUS,1986,0.0,,506.58128078817737,,68.99780487804878,,
Mauritius,MUS,1987,0.0,,510.38522167487685,,69.28770731707318,,
Mauritius,MUS,1988,0.0,,513.9108374384236,,69.56060975609758,,
Mauritius,MUS,1989,0.0,,517.8620689655172,,69.67912195121951,,
Mexico,MEX,1960,0.0,,,,53.573,,
Mexico,MEX,1961,0.0,,19.491302759844647,,54.422,,
Mexico,MEX,1962,0.0,,20.128707014069292,,55.057,,
Mexico,MEX,1963,0.0,,20.794806965199722,,55.501,,
Mexico,MEX,1964,0.0,,21.48823220761851,,55.916,,
Mexico,MEX,1965,0.0,,22.209664343218705,,56.688,,
Mexico,MEX,1966,0.0,,22.95794953573909,,57.355,,
Mexico,MEX,1967,0.0,,23.729832557421744,,57.959,,
Mexico,MEX,1968,0.0,,24.52136268936958,,58.22,,
Mexico,MEX,1969,0.0,,25.326368476555466,,58.413,,
Mexico,MEX,1970,0.0,,26.140051441652307,,58.893,,
Mexico,MEX,1971,0.0,,26.961885850973534,,59.415,,
Mexico,MEX,1972,0.0,,27.79401116283855,,60.051,,
Mexico,MEX,1973,0.0,,28.63617068340235,,60.518,,
Mexico,MEX,1974,0.0,,29.486431749787805,,61.18,,
Mexico,MEX,1975,0.0,,30.341521129658684,,61.883,,
Mexico,MEX,1976,0.0,,31.19705342215592,,62.475,,
Mexico,MEX,1977,0.0,,32.05251832608863,,62.988,,
Mexico,MEX,1978,0.0,,32.911878391933946,,63.435,,
Mexico,MEX,1979,0.0,,33.77086087605134,,63.862,,
Mexico,MEX,1980,0.0,,34.6204038169706,,64.282,,
Mexico,MEX,1981,0.0,,35.43923866354587,,64.722,,
Mexico,MEX,1982,0.0,,36.23203271689086,,65.256,,
Mexico,MEX,1983,0.0,,37.02319504102472,,65.756,,
Mexico,MEX,1984,0.0,,37.81313614033283,,66.215,,
Mexico,MEX,1985,0.0,,38.60357210833612,,66.775,,
Mexico,MEX,1986,0.0,,39.39691710177731,,67.377,,
Mexico,MEX,1987,0.0,,40.19478433087271,,67.904,,
Mexico,MEX,1988,0.0,,40.99669796033849,,68.299,,
Mexico,MEX,1989,0.0,,41.79489287275907,,68.621,,
Mexico,MEX,2025,21.37999916,,,,,,
Micronesia (country),FSM,1980,,,,,62.556,,
Micronesia (country),FSM,1981,,,,,62.668,,
Micronesia (country),FSM,1982,,,,,62.747,,
Micronesia (country),FSM,1983,,,,,62.829,,
Micronesia (country),FSM,1984,,,,,62.923,,
Micronesia (country),FSM,1985,,,,,63.028,,
Micronesia (country),FSM,1986,,,,,63.151,,
Micronesia (country),FSM,1987,,,,,63.206,,
Micronesia (country),FSM,1988,,,,,63.461,,
Micronesia (country),FSM,1989,,,,,63.617,,
Moldova,MDA,2025,0.159999996,,,,,,
Mongolia,MNG,1960,0.0,,,,44.53104878048781,,
Mongolia,MNG,1961,0.0,,0.6522287264796942,,45.39268292682927,,
Mongolia,MNG,1962,0.0,,0.6730114554673597,,46.247414634146345,,
Mongolia,MNG,1963,0.0,,0.6923453387339323,,47.10624390243903,,
Mongolia,MNG,1964,0.0,,0.7110032663250977,,47.917195121951224,,
Mongolia,MNG,1965,0.0,,0.7309995344552386,,48.68314634146342,,
Mongolia,MNG,1966,0.0,,0.7520517409922778,,49.33448780487805,,
Mongolia,MNG,1967,0.0,,0.7735336899042173,,50.09,,
Mongolia,MNG,1968,0.0,,0.7948166002425188,,50.73919512195123,,
Mongolia,MNG,1969,0.0,,0.8157246976824108,,51.3599756097561,,
Mongolia,MNG,1970,0.0,,0.8370425043940125,,51.95058536585366,,
Mongolia,MNG,1971,0.0,,0.8595306320694407,,52.520219512195126,,
Mongolia,MNG,1972,0.0,,0.8832795527876218,,53.072829268292686,,
Mongolia,MNG,1973,0.0,,0.9082763419658522,,53.56714634146341,,
Mongolia,MNG,1974,0.0,,0.9344796409394797,,53.98763414634147,,
Mongolia,MNG,1975,0.0,,0.9617802369846574,,54.30097560975611,,
Mongolia,MNG,1976,0.0,,0.9899874925065048,,54.54841463414635,,
Mongolia,MNG,1977,0.0,,1.0186154431953598,,54.73578048780488,,
Mongolia,MNG,1978,0.0,,1.046547405105617,,54.886170731707324,,
Mongolia,MNG,1979,0.0,,1.0731662294131705,,55.02704878048781,,
Mongolia,MNG,1980,0.0,,1.0994522457161022,,55.1848780487805,,
Mongolia,MNG,1981,0.0,,1.1262849718674035,,55.37304878048781,,
Mongolia,MNG,1982,0.0,,1.1537542337168654,,55.59402439024391,,
Mongolia,MNG,1983,0.0,,1.1820125413403926,,55.84541463414635,,
Mongolia,MNG,1984,0.0,,1.2112589333116233,,56.120609756097565,,
Mongolia,MNG,1985,0.0,,1.2417383304727938,,56.416756097560985,,
Mongolia,MNG,1986,0.0,,1.2736950074370053,,56.737804878048784,,
Mongolia,MNG,1987,0.0,,1.3071922946595065,,57.09285365853659,,
Mongolia,MNG,1988,0.0,,1.341779770433071,,57.48034146341464,,
Mongolia,MNG,1989,0.0,,1.3727102355306031,,58.102024390243905,,
Mongolia,MNG,2025,0.540000021,,,,,,
Montenegro,MNE,2025,0.280000001,,,,,,
Italy,ITA,1953,0.0,,,,,,
Italy,ITA,1954,0.0,,,,,,
Italy,ITA,1955,0.0,,,,,,
Italy,ITA,1956,0.0,,,,,,
Italy,ITA,1957,0.0,,,,,,
Italy,ITA,1958,0.0,,,,,,
Italy,ITA,1959,0.0,,,,,,
Japan,JPN,1900,0.0,,,,,,
Japan,JPN,1901,0.0,,,,,,
Japan,JPN,1902,0.0,,,,,,
Japan,JPN,1903,0.0,,,,,,
Japan,JPN,1904,0.0,,,,,,
Japan,JPN,1905,0.0,,,,,,
Japan,JPN,1906,0.0,,,,,,
Japan,JPN,1907,0.0,,,,,,
Japan,JPN,1908,0.0,,,,,,
Japan,JPN,1909,0.0,,,,,,
Japan,JPN,1910,0.0,,,,,,
Japan,JPN,1911,0.0,,,,,,
Japan,JPN,1912,0.0,,,,,,
Japan,JPN,1913,0.0,,,,,,
Japan,JPN,1914,0.0,,,,,,
Japan,JPN,1915,0.0,,,,,,
Japan,JPN,1916,0.0,,,,,,
Japan,JPN,1917,0.0,,,,,,
Japan,JPN,1918,0.0,,,,,,
Japan,JPN,1919,0.0,,,,,,
Japan,JPN,1920,0.0,,,,,,
Japan,JPN,1921,0.0,,,,,,
Japan,JPN,1922,0.0,,,,,,
Japan,JPN,1923,0.0,,,,,,
Japan,JPN,1924,0.0,,,,,,
Japan,JPN,1925,0.0,,,,,,
Japan,JPN,1926,0.0,,,,,,
Japan,JPN,1927,0.0,,,,,,
Japan,JPN,1928,0.0,,,,,,
Japan,JPN,1929,0.0,,,,,,
Japan,JPN,1930,0.0,,,,,,
Japan,JPN,1931,0.0,,,,,,
Japan,JPN,1932,0.0,,,,,,
Japan,JPN,1933,0.0,,,,,,
Japan,JPN,1934,0.0,,,,,,
Japan,JPN,1935,0.0,,,,,,
Japan,JPN,1936,0.0,,,,,,
Japan,JPN,1937,0.0,,,,,,
Japan,JPN,1938,0.0,,,,,,
Japan,JPN,1939,0.0,,,,,,
Japan,JPN,1940,0.0,,,,,,
Japan,JPN,1941,0.0,,,,,,
Japan,JPN,1942,0.0,,,,,,
Japan,JPN,1943,0.0,,,,,,
Japan,JPN,1944,0.0,,,,,,
Japan,JPN,1945,0.0,,,,,,
Japan,JPN,1946,0.0,,,,,,
Japan,JPN,1947,0.0,,,,,,
Japan,JPN,1948,0.0,,,,,,
Japan,JPN,1949,0.0,,,,,,
Japan,JPN,1950,0.0,,,,,,
Japan,JPN,1951,0.0,,,,,,
Japan,JPN,1952,0.0,,,,,,
Japan,JPN,1953,0.0,,,,,,
Japan,JPN,1954,0.0,,,,,,
Japan,JPN,1955,0.0,,,,,,
Japan,JPN,1956,0.0,,,,,,
Japan,JPN,1957,0.0,,,,,,
Japan,JPN,1958,0.0,,,,,,
Japan,JPN,1959,0.0,,,,,,
Kuwait,KWT,1900,0.0,,,,,,
Kuwait,KWT,1901,0.0,,,,,,
Kuwait,KWT,1902,0.0,,,,,,
Kuwait,KWT,1903,0.0,,,,,,
Kuwait,KWT,1904,0.0,,,,,,
Kuwait,KWT,1905,0.0,,,,,,
Kuwait,KWT,1906,0.0,,,,,,
Kuwait,KWT,1907,0.0,,,,,,
Kuwait,KWT,1908,0.0,,,,,,
Kuwait,KWT,1909,0.0,,,,,,
Kuwait,KWT,1910,0.0,,,,,,
Kuwait,KWT,1911,0.0,,,,,,
Kuwait,KWT,1912,0.0,,,,,,
Kuwait,KWT,1913,0.0,,,,,,
Kuwait,KWT,1914,0.0,,,,,,
Kuwait,KWT,1915,0.0,,,,,,
Kuwait,KWT,1916,0.0,,,,,,
Kuwait,KWT,1917,0.0,,,,,,
Kuwait,KWT,1918,0.0,,,,,,
Kuwait,KWT,1919,0.0,,,,,,
Kuwait,KWT,1920,0.0,,,,,,
Kuwait,KWT,1921,0.0,,,,,,
Kuwait,KWT,1922,0.0,,,,,,
Kuwait,KWT,1923,0.0,,,,,,
Kuwait,KWT,1924,0.0,,,,,,
Kuwait,KWT,1925,0.0,,,,,,
Kuwait,KWT,1926,0.0,,,,,,
Kuwait,KWT,1927,0.0,,,,,,
Kuwait,KWT,1928,0.0,,,,,,
Kuwait,KWT,1929,0.0,,,,,,
Kuwait,KWT,1930,0.0,,,,,,
Kuwait,KWT,1931,0.0,,,,,,
Kuwait,KWT,1932,0.0,,,,,,
Kuwait,KWT,1933,0.0,,,,,,
Kuwait,KWT,1934,0.0,,,,,,
Kuwait,KWT,1935,0.0,,,,,,
Kuwait,KWT,1936,0.0,,,,,,
Kuwait,KWT,1937,0.0,,,,,,
Kuwait,KWT,1938,0.0,,,,,,
Kuwait,KWT,1939,0.0,,,,,,
Kuwait,KWT,1940,0.0,,,,,,
Kuwait,KWT,1941,0.0,,,,,,
Kuwait,KWT,1942,0.0,,,,,,
Kuwait,KWT,1943,0.0,,,,,,
Kuwait,KWT,1944,0.0,,,,,,
Kuwait,KWT,1945,0.0,,,,,,
Kuwait,KWT,1946,0.0,,,,,,
Kuwait,KWT,1947,0.0,,,,,,
Kuwait,KWT,1948,0.0,,,,,,
Kuwait,KWT,1949,0.0,,,,,,
Kuwait,KWT,1950,0.0,,,,,,
Kuwait,KWT,1951,0.0,,,,,,
Kuwait,KWT,1952,0.0,,,,,,
Kuwait,KWT,1953,0.0,,,,,,
Kuwait,KWT,1954,0.0,,,,,,
Kuwait,KWT,1955,0.0,,,,,,
Kuwait,KWT,1956,0.0,,,,,,
Kuwait,KWT,1957,0.0,,,,,,
Kuwait,KWT,1958,0.0,,,,,,
Kuwait,KWT,1959,0.0,,,,,,
Libya,LBY,1900,0.0,,,,,,
Libya,LBY,1901,0.0,,,,,,
Libya,LBY,1902,0.0,,,,,,
Libya,LBY,1903,0.0,,,,,,
Libya,LBY,1904,0.0,,,,,,
Libya,LBY,1905,0.0,,,,,,
Libya,LBY,1906,0.0,,,,,,
Libya,LBY,1907,0.0,,,,,,
Libya,LBY,1908,0.0,,,,,,
Libya,LBY,1909,0.0,,,,,,
Libya,LBY,1910,0.0,,,,,,
Libya,LBY,1911,0.0,,,,,,
Libya,LBY,1912,0.0,,,,,,
Libya,LBY,1913,0.0,,,,,,
Libya,LBY,1914,0.0,,,,,,
Libya,LBY,1915,0.0,,,,,,
Libya,LBY,1916,0.0,,,,,,
Libya,LBY,1917,0.0,,,,,,
Libya,LBY,1918,0.0,,,,,,
Libya,LBY,1919,0.0,,,,,,
Libya,LBY,1920,0.0,,,,,,
Libya,LBY,1921,0.0,,,,,,
Libya,LBY,1922,0.0,,,,,,
Libya,LBY,1923,0.0,,,,,,
Libya,LBY,1924,0.0,,,,,,
Libya,LBY,1925,0.0,,,,,,
Libya,LBY,1926,0.0,,,,,,
Libya,LBY,1927,0.0,,,,,,
Libya,LBY,1928,0.0,,,,,,
Libya,LBY,1929,0.0,,,,,,
Libya,LBY,1930,0.0,,,,,,
Libya,LBY,1931,0.0,,,,,,
Libya,LBY,1932,0.0,,,,,,
Libya,LBY,1933,0.0,,,,,,
Libya,LBY,1934,0.0,,,,,,
Libya,LBY,1935,0.0,,,,,,
Libya,LBY,1936,0.0,,,,,,
Libya,LBY,1937,0.0,,,,,,
Libya,LBY,1938,0.0,,,,,,
Libya,LBY,1939,0.0,,,,,,
Libya,LBY,1940,0.0,,,,,,
Libya,LBY,1941,0.0,,,,,,
Libya,LBY,1942,0.0,,,,,,
Libya,LBY,1943,0.0,,,,,,
Libya,LBY,1944,0.0,,,,,,
Libya,LBY,1945,0.0,,,,,,
Libya,LBY,1946,0.0,,,,,,
Libya,LBY,1947,0.0,,,,,,
Libya,LBY,1948,0.0,,,,,,
Libya,LBY,1949,0.0,,,,,,
Libya,LBY,1950,0.0,,,,,,
Libya,LBY,1951,0.0,,,,,,
Libya,LBY,1952,0.0,,,,,,
Libya,LBY,1953,0.0,,,,,,
Libya,LBY,1954,0.0,,,,,,
Libya,LBY,1955,0.0,,,,,,
Libya,LBY,1956,0.0,,,,,,
Libya,LBY,1957,0.0,,,,,,
Libya,LBY,1958,0.0,,,,,,
Libya,LBY,1959,0.0,,,,,,
Madagascar,MDG,1900,0.0,,,,,,
Madagascar,MDG,1901,0.0,,,,,,
Madagascar,MDG,1902,0.0,,,,,,
Madagascar,MDG,1903,0.0,,,,,,
Madagascar,MDG,1904,0.0,,,,,,
Madagascar,MDG,1905,0.0,,,,,,
Madagascar,MDG,1906,0.0,,,,,,
Madagascar,MDG,1907,0.0,,,,,,
Madagascar,MDG,1908,0.0,,,,,,
Madagascar,MDG,1909,0.0,,,,,,
Madagascar,MDG,1910,0.0,,,,,,
Madagascar,MDG,1911,0.0,,,,,,
Madagascar,MDG,1912,0.0,,,,,,
Madagascar,MDG,1913,0.0,,,,,,
Madagascar,MDG,1914,0.0,,,,,,
Madagascar,MDG,1915,0.0,,,,,,
Madagascar,MDG,1916,0.0,,,,,,
Madagascar,MDG,1917,0.0,,,,,,
Madagascar,MDG,1918,0.0,,,,,,
Madagascar,MDG,1919,0.0,,,,,,
Madagascar,MDG,1920,0.0,,,,,,
Madagascar,MDG,1921,0.0,,,,,,
Madagascar,MDG,1922,0.0,,,,,,
Madagascar,MDG,1923,0.0,,,,,,
Madagascar,MDG,1924,0.0,,,,,,
Madagascar,MDG,1925,0.0,,,,,,
Madagascar,MDG,1926,0.0,,,,,,
Madagascar,MDG,1927,0.0,,,,,,
Madagascar,MDG,1928,0.0,,,,,,
Madagascar,MDG,1929,0.0,,,,,,
Madagascar,MDG,1930,0.0,,,,,,
Madagascar,MDG,1931,0.0,,,,,,
Madagascar,MDG,1932,0.0,,,,,,
Madagascar,MDG,1933,0.0,,,,,,
Madagascar,MDG,1934,0.0,,,,,,
Madagascar,MDG,1935,0.0,,,,,,
Madagascar,MDG,1936,0.0,,,,,,
Madagascar,MDG,1937,0.0,,,,,,
Madagascar,MDG,1938,0.0,,,,,,
Madagascar,MDG,1939,0.0,,,,,,
Madagascar,MDG,1940,0.0,,,,,,
Madagascar,MDG,1941,0.0,,,,,,
Madagascar,MDG,1942,0.0,,,,,,
Madagascar,MDG,1943,0.0,,,,,,
Madagascar,MDG,1944,0.0,,,,,,
Madagascar,MDG,1945,0.0,,,,,,
Madagascar,MDG,1946,0.0,,,,,,
Madagascar,MDG,1947,0.0,,,,,,
Madagascar,MDG,1948,0.0,,,,,,
Madagascar,MDG,1949,0.0,,,,,,
Madagascar,MDG,1950,0.0,,,,,,
Madagascar,MDG,1951,0.0,,,,,,
Madagascar,MDG,1952,0.0,,,,,,
Madagascar,MDG,1953,0.0,,,,,,
Madagascar,MDG,1954,0.0,,,,,,
Madagascar,MDG,1955,0.0,,,,,,
Madagascar,MDG,1956,0.0,,,,,,
Madagascar,MDG,1957,0.0,,,,,,
Madagascar,MDG,1958,0.0,,,,,,
Madagascar,MDG,1959,0.0,,,,,,
Malaysia,MYS,1900,0.0,,,,,,
Malaysia,MYS,1901,0.0,,,,,,
Malaysia,MYS,1902,0.0,,,,,,
Malaysia,MYS,1903,0.0,,,,,,
Malaysia,MYS,1904,0.0,,,,,,
Malaysia,MYS,1905,0.0,,,,,,
Malaysia,MYS,1906,0.0,,,,,,
Malaysia,MYS,1907,0.0,,,,,,
Malaysia,MYS,1908,0.0,,,,,,
Malaysia,MYS,1909,0.0,,,,,,
Malaysia,MYS,1910,0.0,,,,,,
Malaysia,MYS,1911,0.0,,,,,,
Malaysia,MYS,1912,0.0,,,,,,
Malaysia,MYS,1913,0.0,,,,,,
Malaysia,MYS,1914,0.0,,,,,,
Malaysia,MYS,1915,0.0,,,,,,
Malaysia,MYS,1916,0.0,,,,,,
Malaysia,MYS,1917,0.0,,,,,,
Malaysia,MYS,1918,0.0,,,,,,
Malaysia,MYS,1919,0.0,,,,,,
Malaysia,MYS,1920,0.0,,,,,,
Malaysia,MYS,1921,0.0,,,,,,
Malaysia,MYS,1922,0.0,,,,,,
Malaysia,MYS,1923,0.0,,,,,,
Malaysia,MYS,1924,0.0,,,,,,
Malaysia,MYS,1925,0.0,,,,,,
Malaysia,MYS,1926,0.0,,,,,,
Malaysia,MYS,1927,0.0,,,,,,
Malaysia,MYS,1928,0.0,,,,,,
Malaysia,MYS,1929,0.0,,,,,,
Malaysia,MYS,1930,0.0,,,,,,
Malaysia,MYS,1931,0.0,,,,,,
Malaysia,MYS,1932,0.0,,,,,,
Malaysia,MYS,1933,0.0,,,,,,
Malaysia,MYS,1934,0.0,,,,,,
Malaysia,MYS,1935,0.0,,,,,,
Malaysia,MYS,1936,0.0,,,,,,
Malaysia,MYS,1937,0.0,,,,,,
Malaysia,MYS,1938,0.0,,,,,,
Malaysia,MYS,1939,0.0,,,,,,
Malaysia,MYS,1940,0.0,,,,,,
Malaysia,MYS,1941,0.0,,,,,,
Malaysia,MYS,1942,0.0,,,,,,
Malaysia,MYS,1943,0.0,,,,,,
Malaysia,MYS,1944,0.0,,,,,,
Malaysia,MYS,1945,0.0,,,,,,
Malaysia,MYS,1946,0.0,,,,,,
Malaysia,MYS,1947,0.0,,,,,,
Malaysia,MYS,1948,0.0,,,,,,
Malaysia,MYS,1949,0.0,,,,,,
Malaysia,MYS,1950,0.0,,,,,,
Malaysia,MYS,1951,0.0,,,,,,
Malaysia,MYS,1952,0.0,,,,,,
Malaysia,MYS,1953,0.0,,,,,,
Malaysia,MYS,1954,0.0,,,,,,
Malaysia,MYS,1955,0.0,,,,,,
Malaysia,MYS,1956,0.0,,,,,,
Malaysia,MYS,1957,0.0,,,,,,
Malaysia,MYS,1958,0.0,,,,,,
Malaysia,MYS,1959,0.0,,,,,,
Martinique,MTQ,1980,0.0,,,,,,
Martinique,MTQ,1981,0.0,,,,,,
Martinique,MTQ,1982,0.0,,,,,,
Martinique,MTQ,1983,0.0,,,,,,
Martinique,MTQ,1984,0.0,,,,,,
Martinique,MTQ,1985,0.0,,,,,,
Martinique,MTQ,1986,0.0,,,,,,
Martinique,MTQ,1987,0.0,,,,,,
Martinique,MTQ,1988,0.0,,,,,,
Martinique,MTQ,1989,0.0,,,,,,
Martinique,MTQ,1990,0.0,,,,,,
Martinique,MTQ,1991,0.0,,,,,,
Martinique,MTQ,1992,0.0,,,,,,
Martinique,MTQ,1993,0.0,,,,,,
Martinique,MTQ,1994,0.0,,,,,,
Martinique,MTQ,1995,0.0,,,,,,
Martinique,MTQ,1997,0.0,,,,,,
Martinique,MTQ,1999,0.0,,,,,,
Martinique,MTQ,2001,0.0,,,,,,
Mexico,MEX,1900,0.0,,,,,,
Mexico,MEX,1901,0.0,,,,,,
Mexico,MEX,1902,0.0,,,,,,
Mexico,MEX,1903,0.0,,,,,,
Mexico,MEX,1904,0.0,,,,,,
Mexico,MEX,1905,0.0,,,,,,
Mexico,MEX,1906,0.0,,,,,,
Mexico,MEX,1907,0.0,,,,,,
Mexico,MEX,1908,0.0,,,,,,
Mexico,MEX,1909,0.0,,,,,,
Mexico,MEX,1910,0.0,,,,,,
Mexico,MEX,1911,0.0,,,,,,
Mexico,MEX,1912,0.0,,,,,,
Mexico,MEX,1913,0.0,,,,,,
Mexico,MEX,1914,0.0,,,,,,
Mexico,MEX,1915,0.0,,,,,,
Mexico,MEX,1916,0.0,,,,,,
Mexico,MEX,1917,0.0,,,,,,
Mexico,MEX,1918,0.0,,,,,,
Mexico,MEX,1919,0.0,,,,,,
Mexico,MEX,1920,0.0,,,,,,
Mexico,MEX,1921,0.0,,,,,,
Mexico,MEX,1922,0.0,,,,,,
Mexico,MEX,1923,0.0,,,,,,
Mexico,MEX,1924,0.0,,,,,,
Mexico,MEX,1925,0.0,,,,,,
Mexico,MEX,1926,0.0,,,,,,
Mexico,MEX,1927,0.0,,,,,,
Mexico,MEX,1928,0.0,,,,,,
Mexico,MEX,1929,0.0,,,,,,
Mexico,MEX,1930,0.0,,,,,,
Mexico,MEX,1931,0.0,,,,,,
Mexico,MEX,1932,0.0,,,,,,
Mexico,MEX,1933,0.0,,,,,,
Mexico,MEX,1934,0.0,,,,,,
Mexico,MEX,1935,0.0,,,,,,
Mexico,MEX,1936,0.0,,,,,,
Mexico,MEX,1937,0.0,,,,,,
Mexico,MEX,1938,0.0,,,,,,
Mexico,MEX,1939,0.0,,,,,,
Mexico,MEX,1940,0.0,,,,,,
Mexico,MEX,1941,0.0,,,,,,
Mexico,MEX,1942,0.0,,,,,,
Mexico,MEX,1943,0.0,,,,,,
Mexico,MEX,1944,0.0,,,,,,
Mexico,MEX,1945,0.0,,,,,,
Mexico,MEX,1946,0.0,,,,,,
Mexico,MEX,1947,0.0,,,,,,
Mexico,MEX,1948,0.0,,,,,,
Mexico,MEX,1949,0.0,,,,,,
Mexico,MEX,1950,0.0,,,,,,
Mexico,MEX,1951,0.0,,,,,,
Mexico,MEX,1952,0.0,,,,,,
Mexico,MEX,1953,0.0,,,,,,
Mexico,MEX,1954,0.0,,,,,,
Mexico,MEX,1955,0.0,,,,,,
Mexico,MEX,1956,0.0,,,,,,
Mexico,MEX,1957,0.0,,,,,,
Mexico,MEX,1958,0.0,,,,,,
Mexico,MEX,1959,0.0,,,,,,
Mongolia,MNG,1900,0.0,,,,,,
Mongolia,MNG,1901,0.0,,,,,,
Mongolia,MNG,1902,0.0,,,,,,
Mongolia,MNG,1903,0.0,,,,,,
Mongolia,MNG,1904,0.0,,,,,,
Mongolia,MNG,1905,0.0,,,,,,
Mongolia,MNG,1906,0.0,,,,,,
Mongolia,MNG,1907,0.0,,,,,,
Mongolia,MNG,1908,0.0,,,,,,
Mongolia,MNG,1909,0.0,,,,,,
Mongolia,MNG,1910,0.0,,,,,,
Mongolia,MNG,1911,0.0,,,,,,
Mongolia,MNG,1912,0.0,,,,,,
Mongolia,MNG,1913,0.0,,,,,,
Mongolia,MNG,1914,0.0,,,,,,
Mongolia,MNG,1915,0.0,,,,,,
Mongolia,MNG,1916,0.0,,,,,,
Mongolia,MNG,1917,0.0,,,,,,
Mongolia,MNG,1918,0.0,,,,,,
Mongolia,MNG,1919,0.0,,,,,,
Mongolia,MNG,1920,0.0,,,,,,
Mongolia,MNG,1921,0.0,,,,,,
Mongolia,MNG,1922,0.0,,,,,,
Mongolia,MNG,1923,0.0,,,,,,
Mongolia,MNG,1924,0.0,,,,,,
Mongolia,MNG,1925,0.0,,,,,,
Mongolia,MNG,1926,0.0,,,,,,
Mongolia,MNG,1927,0.0,,,,,,
Mongolia,MNG,1928,0.0,,,,,,
Mongolia,MNG,1929,0.0,,,,,,
Mongolia,MNG,1930,0.0,,,,,,
Mongolia,MNG,1931,0.0,,,,,,
Mongolia,MNG,1932,0.0,,,,,,
Mongolia,MNG,1933,0.0,,,,,,
Mongolia,MNG,1934,0.0,,,,,,
Mongolia,MNG,1935,0.0,,,,,,
Mongolia,MNG,1936,0.0,,,,,,
Mongolia,MNG,1937,0.0,,,,,,
Mongolia,MNG,1938,0.0,,,,,,
Mongolia,MNG,1939,0.0,,,,,,
Mongolia,MNG,1940,0.0,,,,,,
Mongolia,MNG,1941,0.0,,,,,,
Mongolia,MNG,1942,0.0,,,,,,
Mongolia,MNG,1943,0.0,,,,,,
Mongolia,MNG,1944,0.0,,,,,,
Mongolia,MNG,1945,0.0,,,,,,
Mongolia,MNG,1946,0.0,,,,,,
Mongolia,MNG,1947,0.0,,,,,,
Mongolia,MNG,1948,0.0,,,,,,
Mongolia,MNG,1949,0.0,,,,,,
Mongolia,MNG,1950,0.0,,,,,,
Mongolia,MNG,1951,0.0,,,,,,
Mongolia,MNG,1952,0.0,,,,,,
Mongolia,MNG,1953,0.0,,,,,,
Mongolia,MNG,1954,0.0,,,,,,
Mongolia,MNG,1955,0.0,,,,,,
Mongolia,MNG,1956,0.0,,,,,,
Mongolia,MNG,1957,0.0,,,,,,
Mongolia,MNG,1958,0.0,,,,,,
Mongolia,MNG,1959,0.0,,,,,,
Montserrat,MSR,1980,0.0,,,,,,
Montserrat,MSR,1981,0.0,,,,,,
Montserrat,MSR,1982,0.0,,,,,,
Montserrat,MSR,1983,0.0,,,,,,
Montserrat,MSR,1984,0.0,,,,,,
Montserrat,MSR,1985,0.0,,,,,,
Montserrat,MSR,1986,0.0,,,,,,
Montserrat,MSR,1987,0.0,,,,,,
Montserrat,MSR,1988,0.0,,,,,,
Montserrat,MSR,1989,0.0,,,,,,
Montserrat,MSR,1990,0.0,,,,,,
Montserrat,MSR,1991,0.0,,,,,,
Montserrat,MSR,1992,0.0,,,,,,
Montserrat,MSR,1993,0.0,,,,,,
Montserrat,MSR,1994,0.0,,,,,,
Montserrat,MSR,1995,0.0,,,,,,
Montserrat,MSR,1996,0.0,,,,,,
Montserrat,MSR,1997,0.0,,,,,,
Montserrat,MSR,1998,0.0,,,,,,
Montserrat,MSR,1999,0.0,,,,,,
Montserrat,MSR,2000,0.0,,,,,,
Montserrat,MSR,2001,0.0,,,,,,
Montserrat,MSR,2002,0.0,,,,,,
Montserrat,MSR,2003,0.0,,,,,,
Montserrat,MSR,2004,0.0,,,,,,
Montserrat,MSR,2005,0.0,,,,,,
Montserrat,MSR,2006,0.0,,,,,,
Montserrat,MSR,2007,0.0,,,,,,
Montserrat,MSR,2008,0.0,,,,,,
Montserrat,MSR,2009,0.0,,,,,,
Montserrat,MSR,2010,0.0,,,,,,
Morocco,MAR,1996,0.0,0.495,60.06745910822317,0.00568,65.226,0.00568,45.7286061
Morocco,MAR,1998,0.0,0.507,61.89031593098812,0.14200000000000002,66.008,0.14200000000000002,46.0197765
Morocco,MAR,2000,0.059999999,0.528,63.68683620882814,0.693791244805455,66.794,0.693791244805455,42.1241151
Morocco,MAR,2002,0.189999998,0.55,65.4226798117858,2.37325319241544,67.582,2.37325319241544,45.3636816
Morocco,MAR,2003,0.200000003,0.56,66.25905220703562,3.35336668122363,67.958,3.35336668122363,39.8868304
Morocco,MAR,2004,0.200000003,0.567,67.11408917768317,11.6079347729582,68.272,11.6079347729582,39.993855499999995
Morocco,MAR,2005,0.209999993,0.573,68.02183284786018,15.0844445240204,68.748,15.0844445240204,37.3171069
Morocco,MAR,2006,0.180000007,0.579,68.94729554111584,19.7711915653115,69.157,19.7711915653115,40.7841477
Morocco,MAR,2007,0.280000001,0.586,69.8778131301815,21.5,69.62,21.5,41.624738199999996
Morocco,MAR,2008,0.300000012,0.593,70.81955411158414,33.1,70.051,33.1,40.2221051
Morocco,MAR,2009,0.389999986,0.598,71.76961236836209,41.3,70.454,41.3,40.0639458
Morocco,MAR,2010,0.660000026,0.607,72.74706699529465,52.0,70.821,52.0,41.7595428
Morocco,MAR,2011,0.689999998,0.619,73.74543580551199,46.107482597,71.263,46.107482597,37.6161269
Morocco,MAR,2012,0.730000019,0.629,74.73726417208157,55.4160531914894,71.674,55.4160531914894,37.674701899999995
Morocco,MAR,2013,1.360000014,0.639,75.70596235715887,56.0,72.117,56.0,39.407606
Morocco,MAR,2014,1.919999957,0.648,76.64077974456643,56.7746379160074,72.522,56.7746379160074,39.422776999999996
Morocco,MAR,2015,2.519999981,0.659,77.54332959892449,57.0799993486116,72.894,57.0799993486116,40.72869
Morocco,MAR,2016,3.019999981,0.665,78.47514452162223,58.271236420398,73.228,58.271236420398,41.4857456
Morocco,MAR,2017,3.039999962,0.674,79.42279184405109,61.7622120123071,73.608,61.7622120123071,39.9374342
Morocco,MAR,2018,3.859999895,0.68,80.30419000672194,64.8038651924043,73.946,64.8038651924043,38.2372182
Morocco,MAR,2019,4.71999979,0.687,81.13577862424378,84.1203630467602,74.245,84.1203630467602,39.238828
Morocco,MAR,2020,4.590000153,0.683,81.97223392336993,84.12036305,73.133,84.12036305,39.5851081
Morocco,MAR,2021,5.110000134,0.69,82.80179699753529,88.13031937,73.385,88.13031937,38.171346199999995
Morocco,MAR,2022,5.360000134,0.704,83.64119202330271,89.9,75.161,89.9,37.978752
Morocco,MAR,2023,6.550000191,0.71,84.50034730002241,91.0,75.313,91.0,36.6776525
Mozambique,MOZ,1996,0.0,0.269,20.97265952847224,0.00304,47.121,0.00304,43.3608829
Mozambique,MOZ,1998,0.0,0.292,22.05099824512322,0.0202,48.212,0.0202,43.335259199999996
Mozambique,MOZ,2000,0.0,0.311,23.05457030951957,0.109592530041641,49.476,0.109592530041641,36.6012427
Mozambique,MOZ,2002,0.0,0.335,24.108367455937334,0.259612611253739,50.879,0.259612611253739,34.4104691
Mozambique,MOZ,2003,0.0,0.35,24.66043770187441,0.419538843913707,51.383,0.419538843913707,35.4156798
Mozambique,MOZ,2004,0.0,0.36,25.229930822248786,0.679447835392438,51.855,0.679447835392438,33.4811802
Mozambique,MOZ,2005,0.0,0.371,25.82030188967166,0.854399979,52.322,0.854399979,34.4233042
Mozambique,MOZ,2006,0.0,0.379,26.43389582644523,0.842954488044236,52.748,0.842954488044236,35.597147199999995
Mozambique,MOZ,2007,0.0,0.392,27.070417609806963,0.91,53.255,0.91,37.4384751
Mozambique,MOZ,2008,0.0,0.403,27.746173605635953,1.56,53.799,1.56,38.9262502
Mozambique,MOZ,2009,0.0,0.411,28.47445891299372,2.68,54.4,2.68,36.9061491
Mozambique,MOZ,2010,0.0,0.419,29.24697347338437,4.17,55.04,4.17,34.8580762
Mozambique,MOZ,2011,0.0,0.424,30.07329662504133,4.599999905,55.733,4.599999905,34.735985299999996
Mozambique,MOZ,2012,0.0,0.431,30.94921793534932,5.0,56.46,5.0,36.0252415
Mozambique,MOZ,2013,0.0,0.443,31.856877082326612,5.5,57.189,5.5,32.621289499999996
Mozambique,MOZ,2014,0.0,0.45,32.793910068923424,6.0,57.965,6.0,30.4199558
Mozambique,MOZ,2015,0.0,0.457,33.759215646379616,6.5,58.711,6.5,30.2695652
Mozambique,MOZ,2016,0.0,0.46,34.7632251583204,7.0,59.455,7.0,27.782271299999998
Mozambique,MOZ,2017,0.0,0.461,35.817789109590784,7.7963266079129,60.148,7.7963266079129,28.3304728
Mozambique,MOZ,2018,0.0,0.469,36.901553956102646,10.89999962,60.79,10.89999962,30.192086699999997
Mozambique,MOZ,2019,0.0,0.475,38.00246700068669,12.47929955,61.306,12.47929955,30.128006
Mozambique,MOZ,2020,0.0,0.477,39.14607187364887,14.28740025,61.39,14.28740025,32.416252799999995
Mozambique,MOZ,2021,0.0,0.478,40.32121874920522,16.35759926,60.268,16.35759926,31.477995
Mozambique,MOZ,2022,0.0,0.49,41.527309951931635,18.96220016,63.011,18.96220016,29.6104098
Mozambique,MOZ,2023,0.0,0.493,42.77214578193749,19.94560051,63.611,19.94560051,29.550683099999997
Myanmar,MMR,1996,0.0,0.391,66.0324693209291,,59.169,,17.736911799999998
Myanmar,MMR,1998,0.0,0.399,67.72009823423203,,59.896,,17.7112881
Myanmar,MMR,2000,0.0,0.415,69.30079413654865,,60.357,,17.6363721
Myanmar,MMR,2002,0.0,0.433,70.7418872601524,0.00042649350636189,60.925,0.00042649350636189,17.5833373
Myanmar,MMR,2003,0.0,0.443,71.40678764880496,0.0240641491408465,61.196,0.0240641491408465,17.5652454
Myanmar,MMR,2004,0.0,0.453,72.03448318080255,0.024337392002823,61.443,0.024337392002823,15.6155767
Myanmar,MMR,2005,0.0,0.463,72.60677880494674,0.065200001,61.72,0.065200001,15.614554499999999
Myanmar,MMR,2006,0.0,0.473,73.12521615376376,0.18204833106115,62.026,0.18204833106115,15.6499489
Myanmar,MMR,2007,0.0,0.483,73.63974017627616,0.217128445069958,62.367,0.217128445069958,16.8411328
Myanmar,MMR,2008,0.0,0.468,74.07018566989638,0.22,56.364,0.22,16.8478712
Myanmar,MMR,2009,0.0,0.504,74.4840945966631,0.219999999,63.095,0.219999999,16.4719394
Myanmar,MMR,2010,0.0,0.515,75.045742889508,0.25,63.479,0.25,23.8276726
Myanmar,MMR,2011,0.0,0.525,75.64759907544888,0.98,63.859,0.98,23.8563467
Myanmar,MMR,2012,0.0,0.535,76.30321671897727,1.399999976,64.251,1.399999976,21.1524927
Myanmar,MMR,2013,0.0,0.546,76.96248239113126,1.799999952,64.617,1.799999952,24.5845116
Myanmar,MMR,2014,0.0,0.557,77.60402094689778,7.400000095,64.994,7.400000095,26.5791044
Myanmar,MMR,2015,0.0,0.566,78.22786794879647,10.89999962,65.288,10.89999962,27.542052899999998
Myanmar,MMR,2016,0.0,0.574,78.88675510891878,16.0,65.64,16.0,30.5629663
Myanmar,MMR,2017,0.0,0.587,79.50201148985063,23.621081950267,65.909,23.621081950267,32.4364438
Myanmar,MMR,2018,0.0,0.6,80.08617588478627,29.37899971,66.232,29.37899971,32.3109118
Myanmar,MMR,2019,0.0,0.61,80.65070170062816,36.54050064,66.457,36.54050064,32.3701851
Myanmar,MMR,2020,0.0,0.609,81.23021128594849,45.4477005,66.612,45.4477005,35.1475625
Myanmar,MMR,2021,0.0,0.605,81.79800205310494,,65.553,,28.8456805
Myanmar,MMR,2022,0.0,0.606,82.36442153002282,,66.506,,24.8475504
Myanmar,MMR,2023,0.0,0.609,82.94206566871466,,66.889,,25.3535321
Namibia,NAM,1996,0.0,0.587,1.999420617279452,0.00903,56.639,0.00903,66.4355097
Namibia,NAM,1998,0.0,0.574,2.104659354540927,0.28700000000000003,54.767,0.28700000000000003,59.1838342
Namibia,NAM,2000,0.0,0.561,2.2089992590703154,1.64473954726899,52.946,1.64473954726899,59.1089183
Namibia,NAM,2002,0.0,0.555,2.29563094413876,2.63369976876116,51.988,2.63369976876116,49.8948361
Namibia,NAM,2003,0.0,0.558,2.329026224052278,3.35983988553801,51.918,3.35983988553801,49.1682662
Namibia,NAM,2004,0.0,0.563,2.3589282026989276,3.8047156152631,52.175,3.8047156152631,47.6352149
Namibia,NAM,2005,0.0,0.564,2.3886868539639736,4.010000229,52.557,4.010000229,47.412181499999996
Namibia,NAM,2006,0.0,0.569,2.419424504123699,4.39887064732726,53.183,4.39887064732726,54.3282423
Namibia,NAM,2007,0.0,0.576,2.4518699364743894,4.83561077833704,54.026,4.83561077833704,53.560796599999996
Namibia,NAM,2008,0.0,0.581,2.4864336989396203,5.32900377208954,54.74,5.32900377208954,59.621215299999996
Namibia,NAM,2009,0.0,0.585,2.5232834116775376,6.5,55.347,6.5,57.50891
Namibia,NAM,2010,0.0,0.591,2.562658358537089,11.6,56.093,11.6,54.701423299999995
Namibia,NAM,2011,0.0,0.598,2.6070096806714522,12.0,56.647,12.0,54.0895278
Namibia,NAM,2012,0.0,0.607,2.665711960548531,12.94139957,57.733,12.94139957,57.797641299999995
Namibia,NAM,2013,0.0,0.616,2.7359836752541633,13.899999620000001,58.468,13.899999620000001,57.384503499999994
Namibia,NAM,2014,0.0,0.624,2.8084138031556316,14.84000015,59.311,14.84000015,56.683045199999995
Namibia,NAM,2015,0.0,0.63,2.8839169672897764,25.68790054,60.008,25.68790054,57.039024999999995
Namibia,NAM,2016,0.0,0.634,2.9627628174762233,31.0333004,60.81,31.0333004,56.1091512
Namibia,NAM,2017,0.0,0.638,3.044920987744294,36.83739853,61.661,36.83739853,55.294672299999995
Namibia,NAM,2018,0.02,0.642,3.1305214444484935,42.8207016,62.579,42.8207016,56.813449299999995
Namibia,NAM,2019,0.02,0.647,3.219392923514193,49.77590179,63.546,49.77590179,56.596725199999995
Namibia,NAM,2020,0.02,0.647,3.3144602752371584,57.8608017,64.071,57.8608017,55.784495199999995
Namibia,NAM,2021,0.02,0.631,3.4138007263540184,60.25999832,60.85,60.25999832,54.455229599999996
Namibia,NAM,2022,0.02,0.649,3.509895662524748,62.99720001,64.19,62.99720001,54.2668355
Namibia,NAM,2023,0.02,0.665,3.5990902355184686,63.69549942,67.385,63.69549942,51.1932476
Nauru,NRU,2007,0.0,0.581,501.0,,59.49,,43.856403799999995
Nauru,NRU,2008,0.0,0.614,500.45,,59.675,,44.016696499999995
Nauru,NRU,2009,0.0,0.607,500.8,,59.852,,44.0110491
Nauru,NRU,2010,0.0,0.616,502.15,,60.074,,50.3643243
Nauru,NRU,2011,0.0,0.624,504.9,54.0,60.287,54.0,50.1219441
Nauru,NRU,2012,0.0,0.633,513.35,,60.533,,49.618282099999995
Nauru,NRU,2013,0.0,0.64,525.85,,60.701,,43.400048299999995
Nauru,NRU,2014,0.0,0.655,537.1,,60.834,,42.9511295
Nauru,NRU,2015,0.0,0.66,547.7,,60.897,,57.923727799999995
Nauru,NRU,2016,0.0,0.67,557.5,,60.996,,56.789331499999996
Nauru,NRU,2017,0.0,0.67,566.2,62.38510132,61.101,62.38510132,56.7452353
Nauru,NRU,2018,0.0,0.668,573.85,,61.238,,56.8202363
Nauru,NRU,2019,0.0,0.678,579.35,74.73789978,61.393,74.73789978,56.923567299999995
Nauru,NRU,2020,0.0,0.684,582.15,77.46659851,61.527,77.46659851,56.949531099999994
Nauru,NRU,2021,0.0,0.692,585.45,80.29499817,61.331,80.29499817,56.8989718
Nauru,NRU,2022,0.0,0.7,590.05,83.22660065,61.93,83.22660065,56.8816086
Nauru,NRU,2023,0.0,0.703,593.75,83.03970337,62.109,83.03970337,56.821968999999996
Nepal,NPL,1996,0.0,0.447,159.034,0.00451,60.044,0.00451,37.2628919
Nepal,NPL,1998,0.0,0.459,165.5969020979021,0.0644,61.532,0.0644,37.2067116
Nepal,NPL,2000,0.0,0.471,171.23480292989188,0.204651683653029,62.642,0.204651683653029,37.0726519
Nepal,NPL,2002,0.0,0.479,176.69327520055808,0.312956060108532,63.507,0.312956060108532,37.2885663
Nepal,NPL,2003,0.0,0.486,179.2030554586676,0.382810917017044,64.229,0.382810917017044,40.9434183
Nepal,NPL,2004,0.0,0.493,181.4904499476805,0.449843651215974,64.744,0.449843651215974,29.1610437
Nepal,NPL,2005,0.0,0.5,183.53301709103593,0.82655126590551,65.275,0.82655126590551,30.186915
Nepal,NPL,2006,0.0,0.512,185.31862574119288,1.14138916388191,65.891,1.14138916388191,32.965741699999995
Nepal,NPL,2007,0.0,0.516,186.87472619462852,1.41,66.169,1.41,31.9959718
Nepal,NPL,2008,0.0,0.526,188.28069061737008,1.73,66.442,1.73,30.382680999999998
Nepal,NPL,2009,0.0,0.538,189.55727241018485,1.97,66.6,1.97,32.5198794
Nepal,NPL,2010,0.0,0.551,190.73562608998952,7.93,66.772,7.93,33.1255587
Nepal,NPL,2011,0.0,0.559,191.59047087547958,9.0,67.123,9.0,31.023114999999997
Nepal,NPL,2012,0.0,0.565,192.08172305545867,11.14929962,67.364,11.14929962,28.1465541
Nepal,NPL,2013,0.0,0.57,192.46596442274154,13.30000019,67.598,13.30000019,29.269267
Nepal,NPL,2014,0.01,0.574,193.04059993024066,15.43999958,67.812,15.43999958,30.7932724
Nepal,NPL,2015,0.01,0.575,194.0957725845832,17.58160019,67.374,17.58160019,31.0375655
Nepal,NPL,2016,0.01,0.58,195.01543076386466,20.70000076,68.444,20.70000076,30.7270583
Nepal,NPL,2017,0.01,0.588,195.40465992326475,24.3,68.74,24.3,32.043254
Nepal,NPL,2018,0.01,0.596,195.88202999651205,28.60000038,69.036,28.60000038,32.9082193
Nepal,NPL,2019,0.01,0.604,198.214607603767,33.33660126,69.299,33.33660126,32.9410774
Nepal,NPL,2020,0.01,0.599,202.06888036274853,36.96530151,69.106,36.96530151,33.6623338
Nepal,NPL,2021,0.01,0.596,205.61569584931985,40.98910141,68.385,40.98910141,35.2135742
Nepal,NPL,2022,0.01,0.605,207.29289152424136,45.45080185,70.087,45.45080185,34.656326799999995
Nepal,NPL,2023,0.01,0.622,207.14763864666898,45.80680084,70.354,45.80680084,35.1184511
Netherlands,NLD,1996,0.439999998,0.89,460.0265995260664,9.65,77.43560975609756,9.65,93.4109838
Netherlands,NLD,1998,0.639999986,0.893,465.2609300947867,22.2,77.88292682926831,22.2,93.06341839999999
Netherlands,NLD,2000,0.829999983,0.9,471.7272808056872,43.984351373138,77.98780487804879,43.984351373138,91.7702839
Netherlands,NLD,2002,0.949999988,0.898,478.34505331753553,61.29,78.29268292682927,61.29,88.8302193
Netherlands,NLD,2003,1.320000052,0.901,480.60728672985783,64.35,78.49268292682929,64.35,88.48191709999999
Netherlands,NLD,2004,1.870000005,0.904,482.2801836492891,68.52,79.09512195121953,68.52,86.428713
Netherlands,NLD,2005,2.069999933,0.907,483.4084123222749,81.0,79.34634146341465,81.0,87.98720589999999
Netherlands,NLD,2006,2.74000001,0.914,484.18545616113744,83.7,79.69756097560976,83.7,89.5538521
Netherlands,NLD,2007,3.4400000569999998,0.92,485.23981042654026,85.82,80.09756097560975,85.82,90.3250546
Netherlands,NLD,2008,4.260000229,0.92,487.13249407582936,87.42,80.25121951219512,87.42,89.79731729999999
Netherlands,NLD,2009,4.579999924,0.92,490.0796916691373,89.63,80.54878048780489,89.63,89.1209282
Netherlands,NLD,2010,3.99000001,0.925,492.59988141120664,90.72,80.70243902439024,90.72,88.1208911
Netherlands,NLD,2011,5.099999905,0.935,495.04964412811387,91.4199957622284,81.2048780487805,91.4199957622284,88.64431689999999
Netherlands,NLD,2012,4.980000019,0.935,496.8849940688019,92.859992359525,81.10487804878049,92.859992359525,89.5616977
Netherlands,NLD,2013,5.6300001139999996,0.937,498.7958444642327,93.9564,81.3048780487805,93.9564,86.8837892
Netherlands,NLD,2014,5.800000191,0.939,500.5938854259424,91.6666666666667,81.70731707317074,91.6666666666667,87.2954575
Netherlands,NLD,2015,7.550000191,0.94,503.11621621621623,91.7241379310345,81.509756097561,91.7241379310345,85.56712999999999
Netherlands,NLD,2016,8.170000076,0.941,505.8008316008316,90.4109589041096,81.5609756097561,90.4109589041096,86.4710077
Netherlands,NLD,2017,10.56999969,0.945,508.8,93.1972789115646,81.76097560975612,93.1972789115646,84.8361738
Netherlands,NLD,2018,10.55000019,0.947,511.7797445797446,91.8918918918919,81.81219512195123,91.8918918918919,87.2560999
Netherlands,NLD,2019,11.51000023,0.95,515.1432729432729,93.2885906040269,82.11219512195122,93.2885906040269,87.32143959999999
Netherlands,NLD,2020,15.27000046,0.945,518.013068013068,91.33333333,81.35853658536585,91.33333333,89.6456515
Netherlands,NLD,2021,18.12999916,0.951,520.7319275319276,92.05298013,81.30975609756098,92.05298013,88.90511699999999
Netherlands,NLD,2022,21.56999969,0.953,525.7196911196911,92.51968504,81.61463414634147,92.51968504,86.6695427
Netherlands,NLD,2023,29.52000046,0.955,530.9509058509059,97.00680272,81.86341463414635,97.00680272,85.9839538
New Zealand,NZL,1996,0.008326262,0.862,14.173407770308762,8.04,76.7878048780488,8.04,95.26110249999999
New Zealand,NZL,1998,0.022069696,0.881,14.488625574417986,31.6,78.08536585365854,31.6,96.18566899999999
New Zealand,NZL,2000,0.119999997,0.896,14.650791842315142,47.3795565432096,78.63658536585366,47.3795565432096,94.0207944
New Zealand,NZL,2002,0.150000006,0.905,14.995632524400897,59.0807532812931,78.84634146341463,59.0807532812931,93.0825871
New Zealand,NZL,2003,0.150000006,0.91,15.294519767574341,60.9625398663824,79.14634146341464,60.9625398663824,93.43258349999999
New Zealand,NZL,2004,0.360000014,0.912,15.523527401162129,61.8476278106481,79.54878048780488,61.8476278106481,92.5651953
New Zealand,NZL,2005,0.610000014,0.917,15.69974554707379,62.72019958,79.85121951219514,62.72019958,92.3893591
New Zealand,NZL,2006,0.620000005,0.918,15.892294253921234,69.0,80.04878048780489,69.0,94.30261929999999
New Zealand,NZL,2007,0.920000017,0.921,16.041168204777637,69.76000214,80.15121951219513,69.76000214,93.68324249999999
New Zealand,NZL,2008,1.049999952,0.92,16.177889180053928,72.02999878,80.35121951219514,72.02999878,93.515592
New Zealand,NZL,2009,1.460000038,0.923,16.34043522843796,79.7,80.70243902439024,79.7,93.98808609999999
New Zealand,NZL,2010,1.620000005,0.926,16.52310964262656,80.45999908,80.90487804878049,80.45999908,92.9682447
New Zealand,NZL,2011,1.940000057,0.927,16.64957654475713,81.23000336,81.15609756097562,81.23000336,93.3650456
New Zealand,NZL,2012,2.0599999430000002,0.929,16.74110364209487,81.644470179502,81.40731707317073,81.644470179502,92.0675693
New Zealand,NZL,2013,2.0,0.933,16.870229007633586,82.77999878,81.40487804878049,82.77999878,92.2882486
New Zealand,NZL,2014,2.1900000569999998,0.932,17.152785689871255,84.0,81.4568292682927,84.0,91.70464869999999
New Zealand,NZL,2015,2.339999914,0.934,17.50560176218146,85.19999695,81.61243902439026,85.19999695,92.3812524
New Zealand,NZL,2016,2.319999933,0.938,17.90323193194334,86.5,81.65853658536587,86.5,92.5625335
New Zealand,NZL,2017,2.069999933,0.936,18.281113516387528,87.69999695,81.85853658536587,87.69999695,91.7750306
New Zealand,NZL,2018,2.049999952,0.938,18.611522539971897,89.0,81.70731707317074,89.0,90.2412708
New Zealand,NZL,2019,2.230000019,0.938,18.87622953932627,89.86370087,82.05609756097562,89.86370087,91.4284732
New Zealand,NZL,2020,2.279999971,0.94,19.263985416429303,90.92099762,82.25609756097562,90.92099762,91.4612665
New Zealand,NZL,2021,2.619999886,0.939,19.31031863582849,91.99060059,82.20731707317074,91.99060059,90.8571721
New Zealand,NZL,2022,2.890000105,0.933,19.299305001709012,93.07289886,81.95853658536585,93.07289886,90.0036271
New Zealand,NZL,2023,3.50999999,0.938,19.748585317686377,93.32610321,81.75853658536587,93.32610321,88.6538001
Nicaragua,NIC,1996,0.0,0.559,39.305085590825996,0.0841,65.215,0.0841,37.9478533
Nicaragua,NIC,1998,0.0,0.569,40.582142263586505,0.304,64.111,0.304,32.6287242
Nicaragua,NIC,2000,0.0,0.593,41.73702010968921,0.980216486692385,66.36,0.980216486692385,30.5290172
Nicaragua,NIC,2002,0.0,0.609,42.79465680571713,1.71472958428668,67.95,1.71472958428668,31.1589843
Nicaragua,NIC,2003,0.0,0.615,43.302002659132455,1.88041253242301,68.749,1.88041253242301,32.772841899999996
Nicaragua,NIC,2004,0.0,0.623,43.81678577364135,2.32066460863941,69.51,2.32066460863941,36.6115679
Nicaragua,NIC,2005,0.0,0.63,44.39176499916902,2.566400051,70.374,2.566400051,33.531255699999996
Nicaragua,NIC,2006,0.0,0.636,45.02954129965099,2.8055730627337,70.958,2.8055730627337,33.0788655
Nicaragua,NIC,2007,0.0,0.642,45.680929034402524,3.900000095,71.197,3.900000095,31.237655099999998
Nicaragua,NIC,2008,0.0,0.646,46.34031078610603,5.300000191,71.404,5.300000191,31.139833799999998
Nicaragua,NIC,2009,0.109999999,0.646,47.00516037892638,7.300000191,71.499,7.300000191,31.2991833
Nicaragua,NIC,2010,0.159999996,0.651,47.67699850423799,10.0,71.761,10.0,30.684883
Nicaragua,NIC,2011,0.209999993,0.657,48.35508559082599,10.6,72.033,10.6,30.677389599999998
Nicaragua,NIC,2012,0.330000013,0.664,49.038449393385406,13.5,72.435,13.5,30.7862749
Nicaragua,NIC,2013,0.560000002,0.668,49.724488947980724,15.5,72.551,15.5,31.3427349
Nicaragua,NIC,2014,0.850000024,0.674,50.41126807379093,17.60000038,72.792,17.60000038,27.706661099999998
Nicaragua,NIC,2015,0.870000005,0.679,51.10035732092405,19.70429993,72.899,19.70429993,27.2776863
Nicaragua,NIC,2016,0.730000019,0.684,51.792138939670934,24.57180023,73.18,24.57180023,25.7077346
Nicaragua,NIC,2017,0.629999995,0.688,52.48654645172012,30.39999962,73.389,30.39999962,25.666982299999997
Nicaragua,NIC,2018,0.800000012,0.69,53.18331394382583,33.9129982,73.879,33.9129982,23.196798599999997
Nicaragua,NIC,2019,0.730000019,0.69,53.8778211733422,39.01079941,73.764,39.01079941,23.466674899999997
Nicaragua,NIC,2020,0.550000012,0.676,54.55598304803058,44.87490082,70.766,44.87490082,24.8323227
Nicaragua,NIC,2021,0.660000026,0.682,55.216395213561576,51.62039948,70.478,51.62039948,22.8056451
Nicaragua,NIC,2022,0.560000002,0.701,55.930314110021605,59.38000107,74.463,59.38000107,22.659993099999998
Nicaragua,NIC,2023,0.560000002,0.706,56.702783779292005,60.30120087,74.947,60.30120087,22.3529169
Niger,NER,1996,0.0,0.245,7.929937633220178,0.0010400000000000001,46.313,0.0010400000000000001,31.977547899999998
Niger,NER,1998,0.0,0.258,8.479839741059445,0.00291,47.807,0.00291,21.6581302
Niger,NER,2000,0.0,0.266,9.086310886555617,0.0362612938065891,49.172,0.0362612938065891,27.6614334
Niger,NER,2002,0.0,0.278,9.749067656114313,0.127152468779619,50.645,0.127152468779619,27.575115399999998
Niger,NER,2003,0.0,0.284,10.10261624694087,0.155698703668983,51.545,0.155698703668983,27.545669999999998
Niger,NER,2004,0.0,0.292,10.47275282229415,0.189933733703092,52.402,0.189933733703092,30.0008244
Niger,NER,2005,0.0,0.302,10.859865793005447,0.221300006,53.32,0.221300006,32.0545245
Niger,NER,2006,0.0,0.309,11.264372779663693,0.294,54.223,0.294,32.2270876
Niger,NER,2007,0.0,0.313,11.686752980184732,0.390399992,55.063,0.390399992,34.079932899999996
Niger,NER,2008,0.0,0.323,12.127508486618773,0.7,55.852,0.7,36.726803
Niger,NER,2009,0.0,0.329,12.586780611036552,0.76,56.487,0.76,35.0563339
Niger,NER,2010,0.0,0.339,13.064525933528065,0.829999983,57.08,0.829999983,35.6697455
Niger,NER,2011,0.0,0.346,13.559866582458357,0.9,57.6,0.9,37.5098974
Niger,NER,2012,0.0,0.356,14.081289176600615,1.049999952,57.987,1.049999952,39.048300499999996
Niger,NER,2013,0.0,0.362,14.620587352964396,1.149999976,58.364,1.149999976,40.2703852
Niger,NER,2014,0.0,0.369,15.17005526170364,1.24867568902241,58.693,1.24867568902241,38.8780814
Niger,NER,2015,0.0,0.374,15.741294702770979,2.476200104,58.85,2.476200104,39.136563699999996
Niger,NER,2016,0.0,0.38,16.33042788347675,4.322800159,59.228,4.322800159,39.3456082
Niger,NER,2017,0.0,0.384,16.922275203284123,10.2243115586561,59.524,10.2243115586561,39.0456145
Niger,NER,2018,0.0,0.391,17.51643562011526,10.74180031,59.765,10.74180031,38.8029994
Niger,NER,2019,0.0,0.4,18.116173521749428,11.28549957,60.031,11.28549957,38.9720972
Niger,NER,2020,0.0,0.404,18.72393858056367,11.85680008,59.89,11.85680008,37.1269984
Niger,NER,2021,0.0,0.413,19.343285703007815,12.45689964,59.542,12.45689964,36.453764899999996
Niger,NER,2022,0.0,0.414,19.982610720770506,13.087499620000001,60.398,13.087499620000001,36.455339699999996
Niger,NER,2023,0.0,0.419,20.651983105707746,12.98079967,61.183,12.98079967,37.3811895
Nigeria,NGA,1996,0.0,0.408,124.89956739901402,0.008830000000000001,45.833,0.008830000000000001,24.3359173
Nigeria,NGA,1998,0.0,0.419,131.58783666567848,0.0252,46.148,0.0252,21.084049999999998
Nigeria,NGA,2000,0.0,0.435,138.76444546921834,0.0640808079494101,47.143,0.0640808079494101,18.9614741
Nigeria,NGA,2002,0.0,0.451,146.5485127968642,0.320461975542327,48.02,0.320461975542327,13.6798869
Nigeria,NGA,2003,0.0,0.464,150.6446676987604,0.558576244860521,48.618,0.558576244860521,17.1752052
Nigeria,NGA,2004,0.0,0.477,154.87669224941533,1.28613764134527,49.148,1.28613764134527,19.6027502
Nigeria,NGA,2005,0.0,0.484,159.22488992830242,3.54915571796492,49.538,3.54915571796492,21.9531486
Nigeria,NGA,2006,0.0,0.489,163.6827453693029,5.54503608300536,49.876,5.54503608300536,23.792191199999998
Nigeria,NGA,2007,0.0,0.492,168.28316808854046,6.769999981,50.381,6.769999981,24.422043
Nigeria,NGA,2008,0.0,0.497,173.03491990293927,8.0,50.748,8.0,26.7467953
Nigeria,NGA,2009,0.0,0.499,177.92578148160348,9.300000191,51.08,9.300000191,26.1856413
Nigeria,NGA,2010,0.0,0.502,182.9692304313932,11.5,51.315,11.5,24.9571886
Nigeria,NGA,2011,0.0,0.508,188.17000779560152,13.80000019,51.49,13.80000019,24.7647665
Nigeria,NGA,2012,0.0,0.512,193.46336067283727,16.10000038,51.688,16.10000038,24.6443922
Nigeria,NGA,2013,0.0,0.517,198.78722729119318,19.10000038,51.827,19.10000038,23.8646457
Nigeria,NGA,2014,0.0,0.524,204.10961603917565,21.0,51.94,21.0,21.5788968
Nigeria,NGA,2015,0.0,0.53,209.3523919321014,22.51420021,51.939,22.51420021,24.3464186
Nigeria,NGA,2016,0.0,0.532,214.59171909483186,24.13750076,52.189,24.13750076,25.769663599999998
Nigeria,NGA,2017,0.0,0.534,219.87392975174853,25.87789917,52.397,25.87789917,24.6904923
Nigeria,NGA,2018,0.0,0.537,225.01702405656752,27.74370003,52.669,27.74370003,24.672459099999998
Nigeria,NGA,2019,0.0,0.544,230.00937777924173,29.74410057,53.009,29.74410057,25.065908
Nigeria,NGA,2020,0.0,0.547,234.96182460994544,31.88879967,53.072,31.88879967,25.2281358
Nigeria,NGA,2021,0.0,0.554,239.9390471798588,35.50979996,53.455,35.50979996,23.748564599999998
Nigeria,NGA,2022,0.0,0.557,245.0134457656708,39.14720154,54.079,39.14720154,23.057186599999998
Nigeria,NGA,2023,0.0,0.56,250.20910328623035,40.06399918,54.462,40.06399918,25.614825999999997
North Korea,PRK,1996,0.0,,190.14821028153807,,60.82,,21.6936784
North Korea,PRK,1998,0.0,,193.60156133211527,0.0,60.887,0.0,21.651974799999998
North Korea,PRK,2000,0.0,,196.5443900008305,0.0,60.911,0.0,21.6421313
North Korea,PRK,2002,0.0,,198.85369155385766,0.0,60.877,0.0,25.0419217
North Korea,PRK,2003,0.0,,200.06959554854248,0.0,69.399,0.0,16.2754224
North Korea,PRK,2004,0.0,,201.43628436176397,0.0,69.294,0.0,22.3646003
North Korea,PRK,2005,0.0,,202.61135287766797,,69.168,,23.7311083
North Korea,PRK,2006,0.0,,203.6750020762395,,69.061,,21.7423047
North Korea,PRK,2007,0.0,,204.68717714475542,,69.021,,21.6961783
North Korea,PRK,2008,0.0,,205.669113860975,,69.303,,20.1342423
North Korea,PRK,2009,0.0,,206.6135038618055,,69.702,,23.1955396
North Korea,PRK,2010,0.0,,207.5181297234449,,70.246,,28.281324299999998
North Korea,PRK,2011,0.0,,208.43679096420564,,70.772,,28.271134699999998
North Korea,PRK,2012,0.0,,209.38234365916452,,71.317,,22.1206878
North Korea,PRK,2013,0.0,,210.3600282368574,,71.867,,22.122297
North Korea,PRK,2014,0.0,,211.3716634830994,,72.451,,22.103423799999998
North Korea,PRK,2015,0.0,,212.40220911884396,,72.825,,22.1202445
North Korea,PRK,2016,0.0,,213.42351964122582,,72.971,,19.117348
North Korea,PRK,2017,0.0,,214.41499044929824,,73.034,,19.1076503
North Korea,PRK,2018,0.0,,215.35708828170416,,73.02,,15.726555
North Korea,PRK,2019,0.0,,216.2414417407192,,72.928,,15.925867299999998
North Korea,PRK,2020,0.0,,217.06097500207625,,72.783,,16.004289099999998
North Korea,PRK,2021,0.0,,217.8600946765219,,73.437,,14.424496
North Korea,PRK,2022,0.0,,218.65995349223488,,73.641,,14.420676499999999
North Korea,PRK,2023,0.0,,219.402076239515,,73.642,,16.3175329
North Macedonia,MKD,1996,0.0,0.657,79.14089657884388,0.076,72.49512195121952,0.076,35.7698581
North Macedonia,MKD,1998,0.0,0.666,78.9430987023201,1.0,72.29756097560977,1.0,35.7078704
North Macedonia,MKD,2000,0.0,0.686,79.68344475029492,2.48556631640066,72.94634146341465,2.48556631640066,29.060710399999998
North Macedonia,MKD,2002,0.0,0.694,79.4399134880063,17.33,73.03902439024391,17.33,29.988157299999997
North Macedonia,MKD,2003,0.0,0.7,79.54089657884388,19.07,73.24146341463415,19.07,29.4969519
North Macedonia,MKD,2004,0.0,0.708,79.28375933936296,24.44,73.59756097560977,24.44,37.9046093
North Macedonia,MKD,2005,0.0,0.717,78.8568619740464,26.45000076,73.69756097560976,26.45000076,37.4031921
North Macedonia,MKD,2006,0.0,0.726,78.42261108926465,28.62,73.89512195121952,28.62,41.9101499
North Macedonia,MKD,2007,0.0,0.732,78.59425287356322,36.29999924,73.8,36.29999924,42.2734288
North Macedonia,MKD,2008,0.0,0.753,78.14082441537852,46.04,74.4,46.04,42.4901974
North Macedonia,MKD,2009,0.0,0.757,77.66780333068994,51.77,74.44634146341464,51.77,42.794875
North Macedonia,MKD,2010,0.0,0.765,77.17279936558288,51.9,74.99756097560976,51.9,41.512990699999996
North Macedonia,MKD,2011,0.0,0.771,76.81990483743061,56.7,75.1,56.7,40.9776082
North Macedonia,MKD,2012,0.0,0.775,76.51946867565424,57.449947312961,74.90243902439026,57.449947312961,45.2669351
North Macedonia,MKD,2013,0.0,0.782,76.23774781919111,65.24,75.4,65.24,45.9852566
North Macedonia,MKD,2014,0.07,0.788,76.03318794607455,68.0584815397496,75.45121951219514,68.0584815397496,44.9108218
North Macedonia,MKD,2015,0.119999997,0.795,75.8298969072165,70.3802030766689,75.40243902439025,70.3802030766689,41.6565478
North Macedonia,MKD,2016,0.109999999,0.8,75.58735130848532,72.1568144676058,75.4,72.1568144676058,41.8652582
North Macedonia,MKD,2017,0.109999999,0.807,75.28378271213323,74.5168241807954,75.95365853658537,74.5168241807954,42.550045499999996
North Macedonia,MKD,2018,0.100000001,0.814,74.90289452815226,79.1677551850871,76.64878048780488,79.1677551850871,40.9553547
North Macedonia,MKD,2019,0.100000001,0.805,74.39579698651863,81.4128827618364,76.60243902439025,81.4128827618364,38.5432115
North Macedonia,MKD,2020,0.119999997,0.783,73.59730372720064,81.40553811,74.39512195121951,81.40553811,38.604911699999995
North Macedonia,MKD,2021,0.100000001,0.781,72.84353687549564,81.873703,73.24634146341464,81.873703,40.048871999999996
North Macedonia,MKD,2022,0.109999999,0.811,72.62934179222839,83.85030365,74.4248780487805,83.85030365,41.1210155
North Macedonia,MKD,2023,0.159999996,0.815,72.47486122125298,88.5,75.31609756097562,88.5,40.6857293
Norway,NOR,1996,0.01,0.894,11.99564126994557,18.3,78.15048780487807,18.3,93.1108787
Norway,NOR,1998,0.01,0.908,12.13288650874484,22.6,78.32926829268293,22.6,92.8309525
Norway,NOR,2000,0.029999999,0.924,12.295799520320662,52.0,78.63414634146342,52.0,89.7839659
Norway,NOR,2002,0.079999998,0.923,12.425006297160255,72.84,78.98780487804879,72.84,89.7272876
Norway,NOR,2003,0.219999999,0.93,12.498097162444832,78.13,79.39024390243902,78.13,88.76695029999999
Norway,NOR,2004,0.25,0.937,12.572170932308266,77.69,79.84146341463416,77.69,85.48504249999999
Norway,NOR,2005,0.5,0.939,12.658088839241712,81.99,80.04146341463415,81.99,88.6871156
Norway,NOR,2006,0.639999986,0.942,12.76044781023097,82.55,80.34390243902439,82.55,90.254029
Norway,NOR,2007,0.889999986,0.943,12.893170045230038,86.93,80.39512195121952,86.93,86.57350269999999
Norway,NOR,2008,0.910000026,0.943,13.054867431087164,90.57,80.59268292682928,90.57,85.38608169999999
Norway,NOR,2009,0.970000029,0.944,13.22054845527921,92.08,80.79512195121951,92.08,86.288674
Norway,NOR,2010,0.870000005,0.947,13.386262334220412,93.39,80.99756097560977,93.39,86.9509587
Norway,NOR,2011,1.289999962,0.949,13.561038648136588,93.4899826515194,81.2951219512195,93.4899826515194,89.91253209999999
Norway,NOR,2012,1.539999962,0.95,13.740329752165676,94.6499780533304,81.45121951219514,94.6499780533304,90.9321427
Norway,NOR,2013,1.879999995,0.953,13.912088683768339,95.0534,81.75121951219514,95.0534,91.1827714
Norway,NOR,2014,2.220000029,0.956,14.07044490945145,96.3005098242892,82.1,96.3005098242892,90.99196859999999
Norway,NOR,2015,2.519999981,0.959,14.207938482551718,96.810325691365,82.30487804878051,96.810325691365,91.8906887
Norway,NOR,2016,2.109999895,0.962,14.335424379740111,97.2982036675068,82.40731707317074,97.2982036675068,90.7801693
Norway,NOR,2017,2.849999905,0.965,14.452576255124985,96.3576012951191,82.60975609756098,96.3576012951191,91.7440388
Norway,NOR,2018,3.869999886,0.966,14.5488896436123,96.4916579887094,82.75853658536586,96.4916579887094,90.0726487
Norway,NOR,2019,5.519999981,0.967,14.64799750201318,98.0000043853142,82.95853658536586,98.0000043853142,89.55992859999999
Norway,NOR,2020,9.909999847,0.969,14.767215229833784,94.60755647,83.20975609756097,94.60755647,90.0308479
Norway,NOR,2021,11.76000023,0.969,14.847009086666484,99.0000036,83.16341463414635,99.0000036,89.7712401
Norway,NOR,2022,14.80000019,0.967,14.980994866445219,98.99997764,82.50975609756098,98.99997764,89.01011989999999
Norway,NOR,2023,13.96000004,0.97,15.152499519587119,99.00000258,83.01219512195124,99.00000258,89.8463706
Oman,OMN,1996,0.0,,6.969066235864298,0.0,72.023,0.0,58.024921299999995
Oman,OMN,1998,0.0,,7.180901453957997,0.8630000000000001,72.882,0.8630000000000001,61.9991017
Oman,OMN,2000,0.0,0.707,7.373605815831987,3.52042141651097,73.643,3.52042141651097,61.9241858
Oman,OMN,2002,0.0,0.729,7.551340872374798,6.87339603918545,74.276,6.87339603918545,61.6414682
Oman,OMN,2003,0.0,0.739,7.6374668820678515,7.25574294536556,74.521,7.25574294536556,59.0720463
Oman,OMN,2004,0.0,0.743,7.770019386106624,6.75885217024525,74.82,6.75885217024525,59.8466635
Oman,OMN,2005,0.0,0.756,7.947663974151858,6.683599949,75.07,6.683599949,59.0439753
Oman,OMN,2006,0.0,0.766,8.125347334410339,8.299699783,75.354,8.299699783,58.068519599999995
Oman,OMN,2007,0.0,0.774,8.304277867528272,16.68,75.596,16.68,54.483187199999996
Oman,OMN,2008,0.0,0.782,8.486361873990306,20.0,76.124,20.0,54.6326952
Oman,OMN,2009,0.0,0.799,8.674180936995153,26.799999240000002,76.631,26.799999240000002,54.0984401
Oman,OMN,2010,0.0,0.804,8.90935702746365,35.8278,77.184,35.8278,53.4451952
Oman,OMN,2011,0.0,0.822,9.94107592891761,48.0,77.74,48.0,47.1416332
Oman,OMN,2012,0.0,0.824,11.46076252019386,60.0,78.187,60.0,47.342828
Oman,OMN,2013,0.0,0.827,12.387441033925686,66.45,78.633,66.45,46.537012499999996
Oman,OMN,2014,0.0,0.831,12.931951534733441,70.22000122,79.03,70.22000122,48.090598799999995
Oman,OMN,2015,0.0,0.838,13.521470113085622,73.52999878,79.346,73.52999878,47.8208257
Oman,OMN,2016,0.0,0.845,14.187001615508885,76.8453904741456,79.581,76.8453904741456,47.4366576
Oman,OMN,2017,0.0,0.848,14.660407108239095,80.18560028,79.748,80.18560028,47.4273445
Oman,OMN,2018,0.0,0.854,14.855822294022618,85.5,79.864,85.5,47.443183499999996
Oman,OMN,2019,0.01,0.857,14.834381260096931,90.25939941,79.946,90.25939941,51.1189348
Oman,OMN,2020,0.0,0.843,14.61226817447496,95.23229321,77.763,95.23229321,48.3389928
Oman,OMN,2021,0.100000001,0.834,14.540949919224555,95.23880005,75.969,95.23880005,48.3283154
Oman,OMN,2022,0.100000001,0.846,15.283444264943457,95.24530029,77.911,95.24530029,48.284747499999995
Oman,OMN,2023,0.100000001,0.858,16.314277867528272,95.25170135,80.031,95.25170135,52.4643107
Pakistan,PAK,1996,0.0,0.42,179.7388594852636,0.00299,60.466,0.00299,24.4461081
Pakistan,PAK,1998,0.0,0.426,190.0715493980905,0.0439,61.134,0.0439,31.6465361
Pakistan,PAK,2000,0.0,0.436,200.91210953715233,,61.903,,28.131539
Pakistan,PAK,2002,0.0,0.45,211.73535310294727,2.57742673683831,62.556,2.57742673683831,29.363291
Pakistan,PAK,2003,0.0,0.458,216.7785491905355,5.04115812592502,62.834,5.04115812592502,29.180710299999998
Pakistan,PAK,2004,0.0,0.472,222.19541303445413,6.16432098534156,63.097,6.16432098534156,25.833675399999997
Pakistan,PAK,2005,0.0,0.48,227.601198630137,6.332300186,62.416,6.332300186,26.1091992
Pakistan,PAK,2006,0.0,0.489,233.08775684931507,6.5,63.624,6.5,30.0203778
Pakistan,PAK,2007,0.0,0.495,239.32808089456205,6.800000191,63.807,6.800000191,30.728400299999997
Pakistan,PAK,2008,0.0,0.496,245.8218049501868,7.0,64.002,7.0,26.8398497
Pakistan,PAK,2009,0.01,0.497,252.14888698630136,7.5,64.206,7.5,24.001186999999998
Pakistan,PAK,2010,0.01,0.5,258.4566300850976,8.0,64.378,8.0,23.520300799999998
Pakistan,PAK,2011,0.02,0.504,264.30321839975096,8.0,64.659,8.0,23.1532105
Pakistan,PAK,2012,0.01,0.508,269.3896910024907,8.100000381,64.883,8.100000381,22.6501618
Pakistan,PAK,2013,0.400000006,0.512,273.80912463677873,9.0,65.129,9.0,25.0008861
Pakistan,PAK,2014,0.800000012,0.522,277.94812033001244,10.0,65.374,10.0,27.524714
Pakistan,PAK,2015,0.790000021,0.527,281.87381045039433,11.0,65.641,11.0,27.995513799999998
Pakistan,PAK,2016,1.330000043,0.535,285.5682713262765,12.385446763381,65.943,12.385446763381,28.1613224
Pakistan,PAK,2017,2.099999905,0.537,289.63517927563305,13.77999973,66.223,13.77999973,28.9283045
Pakistan,PAK,2018,3.160000086,0.538,294.3764165628892,15.34000015,66.481,15.34000015,28.3401745
Pakistan,PAK,2019,2.880000114,0.54,299.3992566936488,17.070901719916,66.729,17.070901719916,28.190951899999998
Pakistan,PAK,2020,2.900000095,0.536,304.84867424242424,18.935,65.701,18.935,28.8885035
Pakistan,PAK,2021,4.579999924,0.537,310.6550967725197,,65.773,,29.5123294
Pakistan,PAK,2022,6.340000153,0.544,316.13307778123703,,67.417,,28.7069653
Pakistan,PAK,2023,6.050000191,0.544,321.067474833956,,67.649,,26.678427499999998
Palestine,PSE,1998,0.0,,461.22392026578075,,70.564,,40.7177353
Palestine,PSE,2000,0.0,,485.40747508305645,1.11130620708969,70.298,1.11130620708969,40.553477199999996
Palestine,PSE,2002,0.0,,510.8593023255814,3.10009223512517,70.88,3.10009223512517,40.4371937
Palestine,PSE,2003,0.0,,524.0812292358804,4.13061635632919,70.967,4.13061635632919,40.397526299999996
Palestine,PSE,2004,0.0,0.654,537.6455149501661,4.40090482603223,71.094,4.40090482603223,48.332467
Palestine,PSE,2005,0.0,0.663,551.5607973421927,16.00499916,72.004,16.00499916,42.5610934
Palestine,PSE,2006,0.0,0.664,565.8362126245847,18.41,71.831,18.41,41.7563871
Palestine,PSE,2007,0.0,0.674,580.4810631229236,21.1760006,72.064,21.1760006,43.4506521
Palestine,PSE,2008,0.0,0.679,596.6739202657807,24.3579998,72.204,24.3579998,38.682335599999995
Palestine,PSE,2009,0.0,0.685,612.8071428571428,32.23,72.306,32.23,47.468993499999996
Palestine,PSE,2010,0.0,0.691,628.9303986710963,37.40000153,73.302,37.40000153,47.4876906
Palestine,PSE,2011,0.0,0.698,645.0142857142857,41.08000183,73.557,41.08000183,38.4352796
Palestine,PSE,2012,0.0,0.704,661.1292358803987,43.4,73.722,43.4,39.171771899999996
Palestine,PSE,2013,0.0,0.706,677.1940199335548,46.59999847,74.14,46.59999847,41.084837799999995
Palestine,PSE,2014,0.0,0.7,693.2554817275748,53.6651997924171,72.781,53.6651997924171,39.0883666
Palestine,PSE,2015,0.0,0.712,709.3176079734219,56.70000076,74.577,56.70000076,38.6405652
Palestine,PSE,2016,0.0,0.717,725.4299003322259,59.90000153,74.917,59.90000153,42.1414216
Palestine,PSE,2017,0.0,0.721,740.0008305647841,63.29999924,75.216,63.29999924,41.6306669
Palestine,PSE,2018,0.0,0.725,758.9845514950166,64.3999937114499,75.38,64.3999937114499,41.7061517
Palestine,PSE,2019,0.0,0.729,778.2900332225913,70.6225837001758,75.811,70.6225837001758,41.4153132
Palestine,PSE,2020,0.0,0.718,797.8852159468438,76.18160248,74.998,76.18160248,36.9873075
Palestine,PSE,2021,0.0,0.718,817.0537759336099,,73.89,,35.8668556
Palestine,PSE,2022,0.0,0.733,837.1140248962655,88.64690554,76.662,88.64690554,36.299769399999995
Palestine,PSE,2023,0.0,0.674,857.3900414937759,86.63765334,65.17,86.63765334,35.729427699999995
Panama,PAN,1996,0.0,0.694,37.39880279795534,0.22,72.199,0.22,41.2848383
Panama,PAN,1998,0.0,0.707,38.92808716707022,2.75,72.785,2.75,41.2592145
Panama,PAN,2000,0.0,0.718,40.494605864944845,6.55479647729549,73.443,6.55479647729549,38.042350899999995
Panama,PAN,2002,0.0,0.73,42.09502286790423,8.51807781515595,74.195,8.51807781515595,38.198413099999996
Panama,PAN,2003,0.0,0.735,42.908353510895886,9.98742407723405,74.567,9.98742407723405,39.5257255
Panama,PAN,2004,0.0,0.741,43.7335889157923,11.1408625409415,74.845,11.1408625409415,39.6845183
Panama,PAN,2005,0.0,0.746,44.56585956416465,11.48400021,75.16,11.48400021,38.1384618
Panama,PAN,2006,0.0,0.753,45.399838579499594,17.34959984,75.429,17.34959984,39.118731
Panama,PAN,2007,0.0,0.763,46.240112994350284,22.29,75.675,22.29,38.117979399999996
Panama,PAN,2008,0.0,0.767,47.089695991390904,33.82,75.937,33.82,43.4541438
Panama,PAN,2009,0.0,0.77,47.94701372074253,39.08,76.228,39.08,41.8105676
Panama,PAN,2010,0.0,0.775,48.809994619316655,40.1,76.417,40.1,40.9835613
Panama,PAN,2011,0.0,0.781,49.68395211191822,42.7,76.659,42.7,40.8264444
Panama,PAN,2012,0.0,0.798,50.568415388754374,40.3018952210488,76.877,40.3018952210488,38.563133199999996
Panama,PAN,2013,0.0,0.799,51.457210115684695,44.03,77.129,44.03,39.149172199999995
Panama,PAN,2014,0.119999997,0.798,52.510806799784135,44.9238152577893,77.365,44.9238152577893,39.8747927
Panama,PAN,2015,0.419999987,0.803,53.4273475445224,51.2054249948687,77.583,51.2054249948687,39.2716193
Panama,PAN,2016,0.629999995,0.81,54.358958445763626,54.0,77.772,54.0,37.6620671
Panama,PAN,2017,0.49000001,0.815,55.29825957906098,59.9506309038683,77.901,59.9506309038683,36.5408642
Panama,PAN,2018,0.589999974,0.82,56.185764356969536,61.8055313202468,78.266,61.8055313202468,36.7609585
Panama,PAN,2019,0.720000029,0.824,57.08681585332974,63.6284147731451,78.514,63.6284147731451,36.8493715
Panama,PAN,2020,0.579999983,0.808,57.876260447559986,64.82430267,76.33,64.82430267,37.3493253
Panama,PAN,2021,0.529999971,0.819,58.579199245079536,66.04270172,77.004,66.04270172,37.2569632
Panama,PAN,2022,0.579999983,0.835,59.32559989215422,67.2838974,79.324,67.2838974,36.4603293
Panama,PAN,2023,0.889999986,0.839,60.107293070908604,68.54851592,79.594,68.54851592,36.3788591
Papua New Guinea,PNG,1996,0.0,0.448,10.628805811950713,0.00207,61.071,0.00207,41.2347405
Papua New Guinea,PNG,1998,0.0,0.446,11.408360199620192,0.235,60.435,0.235,40.4355602
Papua New Guinea,PNG,2000,0.0,0.456,12.226878063860795,0.835249302427624,61.609,0.835249302427624,33.908149099999996
Papua New Guinea,PNG,2002,0.0,0.461,13.081312105286402,1.3216569348661,61.643,1.3216569348661,30.6288666
Papua New Guinea,PNG,2003,0.0,0.464,13.522936448350483,1.37440466802801,61.741,1.37440466802801,30.6107768
Papua New Guinea,PNG,2004,0.0,0.468,13.97350395265645,1.5079127722725,61.795,1.5079127722725,25.547449999999998
Papua New Guinea,PNG,2005,0.0,0.473,14.43250673497328,1.71619047556782,61.868,1.71619047556782,23.726669299999998
Papua New Guinea,PNG,2006,0.0,0.479,14.900234067923861,1.754487260668,62.018,1.754487260668,26.507556599999997
Papua New Guinea,PNG,2007,0.0,0.485,15.376374597005697,1.790599942,62.211,1.790599942,26.6350843
Papua New Guinea,PNG,2008,0.0,0.489,15.86141853994612,1.15,62.511,1.15,25.9565476
Papua New Guinea,PNG,2009,0.0,0.495,16.35480722519101,1.61,62.772,1.61,25.613992
Papua New Guinea,PNG,2010,0.0,0.503,16.856253588305435,1.28,63.056,1.28,28.189300199999998
Papua New Guinea,PNG,2011,0.0,0.508,17.354913218213134,2.0,63.382,2.0,28.080030299999997
Papua New Guinea,PNG,2012,0.0,0.514,17.845228105816368,3.5,63.639,3.5,27.5393324
Papua New Guinea,PNG,2013,0.0,0.522,18.333917767080333,5.099999905,63.927,5.099999905,27.5407898
Papua New Guinea,PNG,2014,0.0,0.534,18.821359802146358,6.5,64.198,6.5,28.1345185
Papua New Guinea,PNG,2015,0.0,0.543,19.306730556905002,7.900000095,64.473,7.900000095,28.1497462
Papua New Guinea,PNG,2016,0.0,0.55,19.78915779711169,9.601499557,64.7,9.601499557,27.9238993
Papua New Guinea,PNG,2017,0.0,0.555,20.268325751888,11.20919991,64.923,11.20919991,27.722226799999998
Papua New Guinea,PNG,2018,0.0,0.559,20.744850505675043,12.35789967,65.114,12.35789967,28.827764799999997
Papua New Guinea,PNG,2019,0.0,0.566,21.218500198736916,13.62419987,65.331,13.62419987,27.873945199999998
Papua New Guinea,PNG,2020,0.0,0.567,21.675012145033786,15.02040005,65.075,15.02040005,36.7534935
Papua New Guinea,PNG,2021,0.0,0.567,22.110356401536897,16.55960083,64.358,16.55960083,34.5603779
Papua New Guinea,PNG,2022,0.0,0.572,22.530514949432497,18.25659943,65.274,18.25659943,35.9482103
Papua New Guinea,PNG,2023,0.0,0.576,22.94226692576072,18.56130028,66.134,18.56130028,35.6730429
Paraguay,PRY,1996,0.0,0.646,11.798497357160835,0.0204,69.05,0.0204,22.1549202
Paraguay,PRY,1998,0.0,0.659,12.333312358419331,0.195,69.507,0.195,18.1294923
Paraguay,PRY,2000,0.0,0.664,12.838832116788321,0.747630711548184,70.026,0.747630711548184,18.3655188
Paraguay,PRY,2002,0.0,0.679,13.242708280896048,1.79496959770244,70.539,1.79496959770244,15.4118497
Paraguay,PRY,2003,0.0,0.673,13.406584445003775,2.11194208210034,70.795,2.11194208210034,15.755818199999998
Paraguay,PRY,2004,0.0,0.681,13.561980870878429,3.45243843137079,71.054,3.45243843137079,19.972350499999997
Paraguay,PRY,2005,0.0,0.683,13.712803926503902,7.90700786141285,71.317,7.90700786141285,22.3172978
Paraguay,PRY,2006,0.0,0.684,13.85640070475711,7.962100029,71.584,7.962100029,27.9270145
Paraguay,PRY,2007,0.0,0.69,13.992917191039517,11.21,71.817,11.21,26.4767874
Paraguay,PRY,2008,0.0,0.7,14.129307827837906,14.27,72.047,14.27,29.678224999999998
Paraguay,PRY,2009,0.0,0.7,14.274442486785803,18.9,72.282,18.9,30.5203012
Paraguay,PRY,2010,0.0,0.709,14.442413793103448,19.8,72.551,19.8,33.6778227
Paraguay,PRY,2011,0.0,0.715,14.635353637050088,24.7635158793993,72.787,24.7635158793993,34.2402681
Paraguay,PRY,2012,0.0,0.719,14.842708280896048,29.34,73.105,29.34,32.5131126
Paraguay,PRY,2013,0.0,0.73,15.057752328215454,36.9,73.292,36.9,28.6721114
Paraguay,PRY,2014,0.0,0.733,15.277651648628241,43.0073750122614,73.415,43.0073750122614,28.097970399999998
Paraguay,PRY,2015,0.0,0.737,15.502398691165366,49.716304663966,73.454,49.716304663966,28.6030858
Paraguay,PRY,2016,0.0,0.737,15.728985653158823,53.4041274791009,73.487,53.4041274791009,31.5182756
Paraguay,PRY,2017,0.0,0.74,15.95434180719859,61.0757562215797,73.45,61.0757562215797,31.071469999999998
Paraguay,PRY,2018,0.0,0.744,16.17765416561792,64.9935430235756,73.627,64.9935430235756,30.225460899999998
Paraguay,PRY,2019,0.0,0.747,16.398333752831615,68.5176284222264,73.668,68.5176284222264,30.122443699999998
Paraguay,PRY,2020,0.0,0.742,16.62154291467405,73.95751114,72.72,73.95751114,31.4563082
Paraguay,PRY,2021,0.0,0.723,16.824017115529827,77.01838621,68.108,77.01838621,29.5261119
Paraguay,PRY,2022,0.0,0.747,17.071359663350844,76.25916611,72.319,76.25916611,28.5471948
Paraguay,PRY,2023,0.0,0.756,17.28267194307203,78.09481878,73.844,78.09481878,27.3112832
Morocco,MAR,1990,0.0,0.451,54.61696392561058,0.0,62.396,0.0,
Morocco,MAR,1991,0.0,0.457,55.56579430876092,,62.919,,
Morocco,MAR,1992,0.0,0.461,56.49219807304504,,63.388,,
Morocco,MAR,1993,0.0,0.468,57.39320188214206,,63.868,,
Morocco,MAR,1994,0.0,0.48,58.2586197624916,,64.346,,
Morocco,MAR,1995,0.0,0.484,59.151756665919784,0.00371,64.725,0.00371,
Morocco,MAR,1997,0.0,0.5,60.975435805511985,0.021599999999999998,65.616,0.021599999999999998,
Morocco,MAR,1999,0.0,0.517,62.798967062514,0.17600000000000002,66.404,0.17600000000000002,
Morocco,MAR,2001,0.209999993,0.539,64.56339457763836,1.37143810096418,67.2,1.37143810096418,
Mozambique,MOZ,1990,0.0,0.246,16.651665861288436,0.0,44.337,0.0,
Mozambique,MOZ,1991,0.0,0.25,16.979183092143746,,44.705,,
Mozambique,MOZ,1992,0.0,0.245,17.31137109285587,,45.095,,
Mozambique,MOZ,1993,0.0,0.252,17.868196037539104,,45.675,,
Mozambique,MOZ,1994,0.0,0.255,19.117796739489815,,46.086,,
Mozambique,MOZ,1995,0.0,0.257,20.296205396881916,,46.546,,
Mozambique,MOZ,1997,0.0,0.281,21.55444187288588,0.0118,47.8,0.0118,
Mozambique,MOZ,1999,0.0,0.304,22.552081690785624,0.0563,48.837,0.0563,
Mozambique,MOZ,2001,0.0,0.326,23.57350008901549,0.160031946644069,50.259,0.160031946644069,
Myanmar,MMR,1990,0.0,0.347,60.92549958686538,0.0,57.159,0.0,
Myanmar,MMR,1991,0.0,0.354,61.80823515010558,,57.395,,
Myanmar,MMR,1992,0.0,0.368,62.659274107170184,,57.681,,
Myanmar,MMR,1993,0.0,0.374,63.5040380083851,,58.032,,
Myanmar,MMR,1994,0.0,0.381,64.34976129999694,,58.326,,
Myanmar,MMR,1995,0.0,0.385,65.19163019861064,,58.671,,
Myanmar,MMR,1997,0.0,0.396,66.88006548948802,,59.523,,
Myanmar,MMR,1999,0.0,0.406,68.53096061449949,0.000152,60.107,0.000152,
Myanmar,MMR,2001,0.0,0.423,70.03571166263733,0.000289277380848561,60.64,0.000289277380848561,
Namibia,NAM,1990,0.0,0.597,1.6632085899257856,0.0,61.359,0.0,
Namibia,NAM,1991,0.0,0.602,1.719544753367586,,60.833,,
Namibia,NAM,1992,0.0,0.603,1.7749784401608182,,60.16,,
Namibia,NAM,1993,0.0,0.601,1.8325219545968006,,59.26,,
Namibia,NAM,1994,0.0,0.6,1.8903472652406808,,58.441,,
Namibia,NAM,1995,0.0,0.595,1.9460578896865017,0.006169999999999999,57.518,0.006169999999999999,
Namibia,NAM,1997,0.0,0.58,2.0518456436978463,0.0588,55.844,0.0588,
Namibia,NAM,1999,0.0,0.565,2.1576455440974627,0.336,53.983,0.336,
Namibia,NAM,2001,0.0,0.555,2.255642604671501,2.41697944170998,51.98,2.41697944170998,
Nauru,NRU,1990,0.0,,481.1,0.0,59.102,0.0,
Nauru,NRU,1991,0.0,,492.5,,59.312,,
Nauru,NRU,1992,0.0,,501.05,,59.518,,
Nauru,NRU,1993,0.0,,505.1,,59.761,,
Nauru,NRU,1994,0.0,,506.85,,59.954,,
Nauru,NRU,1995,0.0,,508.25,,60.063,,
Nauru,NRU,1996,0.0,,509.15,,60.07,,
Nauru,NRU,1997,0.0,,509.85,,59.985,,
Nauru,NRU,1998,0.0,,509.9,,59.86,,
Nauru,NRU,1999,0.0,,509.35,,59.701,,
Nauru,NRU,2000,0.0,,508.4,,59.574,,
Nauru,NRU,2001,0.0,,506.5,2.98715523250025,59.482,2.98715523250025,
Nauru,NRU,2002,0.0,,504.1,,59.427,,
Nauru,NRU,2003,0.0,,502.95,,59.359,,
Nauru,NRU,2004,0.0,,503.0,,59.346,,
Nauru,NRU,2005,0.0,0.589,502.45,,59.361,,
Nauru,NRU,2006,0.0,0.565,501.7,,59.409,,
Nepal,NPL,1990,0.0,0.404,136.53547552447552,0.0,54.771,0.0,
Nepal,NPL,1991,0.0,0.412,140.1153846153846,0.0,55.65,0.0,
Nepal,NPL,1992,0.0,0.42,144.12382517482519,0.0,56.686,0.0,
Nepal,NPL,1993,0.0,0.425,148.113,0.0,57.597,0.0,
Nepal,NPL,1994,0.0,0.433,151.87048251748251,0.0,58.631,0.0,
Nepal,NPL,1995,0.0,0.438,155.5625104895105,0.0009249999999999999,59.323,0.0009249999999999999,
Nepal,NPL,1997,0.0,0.453,162.37386713286713,0.022000000000000002,60.823,0.022000000000000002,
Nepal,NPL,1999,0.0,0.464,168.7076853146853,0.147,62.035,0.147,
Nepal,NPL,2001,0.0,0.472,174.02684339030344,0.240015303375743,63.288,0.240015303375743,
Netherlands,NLD,1990,0.059999999,0.855,442.876481042654,0.334,76.8780487804878,0.334,
Netherlands,NLD,1991,0.090000004,0.86,446.3802725118483,0.5309999999999999,77.0,0.5309999999999999,
Netherlands,NLD,1992,0.150000006,0.861,449.76795023696684,1.32,77.21707317073172,1.32,
Netherlands,NLD,1993,0.170000002,0.863,452.91374407582936,1.97,76.91658536585366,1.97,
Netherlands,NLD,1994,0.239999995,0.889,455.65278436018957,3.26,77.37512195121951,3.26,
Netherlands,NLD,1995,0.319999993,0.886,457.9089454976303,6.47,77.40463414634148,6.47,
Netherlands,NLD,1997,0.469999999,0.891,462.4007701421801,14.1,77.79439024390244,14.1,
Netherlands,NLD,1999,0.639999986,0.894,468.3675355450237,39.2,77.83658536585367,39.2,
Netherlands,NLD,2001,0.829999983,0.902,475.3015402843602,49.3730621073123,78.19024390243904,49.3730621073123,
New Zealand,NZL,1990,0.0,0.811,12.645930652083097,0.0,75.37804878048782,0.0,
New Zealand,NZL,1991,0.0,0.813,13.273707796893396,,76.03170731707318,,
New Zealand,NZL,1992,0.000690909,0.822,13.412707455090958,0.28600000000000003,76.12439024390245,0.28600000000000003,
New Zealand,NZL,1993,0.000985859,0.838,13.566518552276785,0.631,76.43414634146342,0.631,
New Zealand,NZL,1994,0.001010101,0.852,13.748053625004747,3.17,76.8829268292683,3.17,
New Zealand,NZL,1995,0.001010101,0.858,13.95085640499791,4.88,76.73414634146343,4.88,
New Zealand,NZL,1997,0.013593555,0.871,14.360639550339904,14.6,77.33414634146342,14.6,
New Zealand,NZL,1999,0.03899293,0.886,14.564961452280581,41.5,77.89024390243904,41.5,
New Zealand,NZL,2001,0.140000001,0.902,14.73738179332346,53.2410152941279,78.69268292682928,53.2410152941279,
Nicaragua,NIC,1990,0.0,0.515,34.58998670433771,0.0,62.473,0.0,
Nicaragua,NIC,1991,0.0,0.526,35.396684394216386,,63.31,,
Nicaragua,NIC,1992,0.0,0.531,36.20596642845272,,63.672,,
Nicaragua,NIC,1993,0.0,0.534,37.00957287684893,,64.093,,
Nicaragua,NIC,1994,0.0,0.54,37.80385574206415,0.013200000000000002,64.549,0.013200000000000002,
Nicaragua,NIC,1995,0.0,0.549,38.58177663287353,0.03,64.869,0.03,
Nicaragua,NIC,1997,0.0,0.568,39.966536479973406,0.20600000000000002,65.523,0.20600000000000002,
Nicaragua,NIC,1999,0.0,0.585,41.16684394216387,0.498,65.892,0.498,
Nicaragua,NIC,2001,0.0,0.601,42.27875186970251,1.44879942820716,67.028,1.44879942820716,
Niger,NER,1990,0.0,0.215,6.541453382805716,0.0,41.732,0.0,
Niger,NER,1991,0.0,0.219,6.74737506907713,,42.289,,
Niger,NER,1992,0.0,0.222,6.961106023525697,,43.064,,
Niger,NER,1993,0.0,0.228,7.184644351464435,,43.838,,
Niger,NER,1994,0.0,0.233,7.419482118891608,,44.586,,
Niger,NER,1995,0.0,0.238,7.669163179916318,,45.504,,
Niger,NER,1997,0.0,0.25,8.197654535406963,0.00201,47.097,0.00201,
Niger,NER,1999,0.0,0.263,8.776672455988,0.0281,48.48,0.0281,
Niger,NER,2001,0.0,0.272,9.410789452909134,0.10518543139701,49.872,0.10518543139701,
Nigeria,NGA,1990,0.0,0.379,106.63606069589468,0.0,45.733,0.0,
Nigeria,NGA,1991,0.0,0.383,109.48995026186633,,45.483,,
Nigeria,NGA,1992,0.0,0.388,112.4024396938854,,45.587,,
Nigeria,NGA,1993,0.0,0.393,115.42109314096864,,45.783,,
Nigeria,NGA,1994,0.0,0.397,118.51039669730008,,45.748,,
Nigeria,NGA,1995,0.0,0.402,121.67663405689692,,45.87,,
Nigeria,NGA,1997,0.0,0.413,128.19349780954576,0.0172,45.96,0.0172,
Nigeria,NGA,1999,0.0,0.425,135.10251764990065,0.041,46.609,0.041,
Nigeria,NGA,2001,0.0,0.438,142.58549908319335,0.089901370457273,47.549,0.089901370457273,
North Korea,PRK,1990,0.0,,175.33541234116768,0.0,70.484,0.0,
North Korea,PRK,1991,0.0,,177.96393987210365,,70.717,,
North Korea,PRK,1992,0.0,,180.6404036209617,,71.009,,
North Korea,PRK,1993,0.0,,183.31826260277384,,70.794,,
North Korea,PRK,1994,0.0,,185.981023170833,,70.472,,
North Korea,PRK,1995,0.0,,188.2676189685242,,60.766,,
North Korea,PRK,1997,0.0,,191.9344738809069,0.0,60.869,0.0,
North Korea,PRK,1999,0.0,,195.14657420480026,0.0,60.91,0.0,
North Korea,PRK,2001,0.0,,197.78554937297568,0.0,60.893,0.0,
North Macedonia,MKD,1990,0.0,0.644,,0.0,71.17209756097563,0.0,
North Macedonia,MKD,1991,0.0,0.647,,,71.58290243902441,,
North Macedonia,MKD,1992,0.0,0.642,79.9261895399135,,71.14846341463416,,
North Macedonia,MKD,1993,0.0,0.647,78.91679119150609,,71.59656097560976,,
North Macedonia,MKD,1994,0.0,0.648,78.3588674793551,,71.69268292682928,,
North Macedonia,MKD,1995,0.0,0.653,78.58961856075501,0.0407,71.84878048780489,0.0407,
North Macedonia,MKD,1997,0.0,0.661,78.5241447109713,0.504,72.44634146341464,0.504,
North Macedonia,MKD,1999,0.0,0.675,79.32135273299252,1.5,72.79024390243904,1.5,
North Macedonia,MKD,2001,0.0,0.691,80.0189539913488,3.46818460849398,73.43658536585367,3.46818460849398,
Norway,NOR,1990,0.0,0.856,11.612710954868525,0.707,76.53731707317074,0.707,
Norway,NOR,1991,0.0,0.863,11.66817798512775,1.41,76.98073170731708,1.41,
Norway,NOR,1992,0.0,0.868,11.735719135701066,2.22,77.18439024390246,2.22,
Norway,NOR,1993,0.01,0.875,11.80578188827195,2.78,77.15170731707317,2.78,
Norway,NOR,1994,0.01,0.89,11.873194357744412,4.15,77.68975609756099,4.15,
Norway,NOR,1995,0.01,0.887,11.934991403007304,6.42,77.73658536585367,6.42,
Norway,NOR,1997,0.01,0.9,12.060860684912004,20.4,78.14268292682927,20.4,
Norway,NOR,1999,0.029999999,0.913,12.216252696827326,40.0,78.28292682926829,40.0,
Norway,NOR,2001,0.029999999,0.923,12.358179737381038,64.0,78.78536585365853,64.0,
Oman,OMN,1990,0.0,,5.699366720516963,0.0,69.012,0.0,
Oman,OMN,1991,0.0,,5.982142164781906,,69.584,,
Oman,OMN,1992,0.0,,6.262481421647819,,70.114,,
Oman,OMN,1993,0.0,,6.532067851373182,,70.608,,
Oman,OMN,1994,0.0,,6.7264426494345715,,71.072,,
Oman,OMN,1995,0.0,,6.85146365105008,,71.56,,
Oman,OMN,1997,0.0,,7.078255250403878,0.44,72.463,0.44,
Oman,OMN,1999,0.0,,7.27918901453958,2.52,73.276,2.52,
Oman,OMN,2001,0.0,0.719,7.464352180936995,5.89384152148671,73.979,5.89384152148671,
Pakistan,PAK,1990,0.0,0.396,150.6791926110419,0.0,59.728,0.0,
Pakistan,PAK,1991,0.0,0.4,155.74461135325862,,59.864,,
Pakistan,PAK,1992,0.0,0.405,160.26728933167288,,59.983,,
Pakistan,PAK,1993,0.0,0.408,164.77287904732253,,60.083,,
Pakistan,PAK,1994,0.0,0.412,169.6088664902449,,60.197,,
Pakistan,PAK,1995,0.0,0.415,174.58262375466998,0.000123,60.273,0.000123,
Pakistan,PAK,1997,0.0,0.422,184.8949304690743,0.0275,60.623,0.0275,
Pakistan,PAK,1999,0.0,0.431,195.31623209838108,0.055400000000000005,61.54,0.055400000000000005,
Pakistan,PAK,2001,0.0,0.443,206.60920895599833,1.31855077925626,62.241,1.31855077925626,
Palestine,PSE,1997,0.0,,449.587707641196,,70.328,,
Palestine,PSE,1999,0.0,,473.1612956810631,,70.789,,
Palestine,PSE,2001,0.0,,497.9707641196013,1.83685483917877,69.75,1.83685483917877,
Panama,PAN,1990,0.0,0.672,33.03178638687113,0.0,71.266,0.0,
Panama,PAN,1991,0.0,0.674,33.740449287059455,,71.331,,
Panama,PAN,1992,0.0,0.68,34.45434490180253,,71.461,,
Panama,PAN,1993,0.0,0.686,35.17754909873554,,71.805,,
Panama,PAN,1994,0.0,0.688,35.909954264191555,0.00764,71.943,0.00764,
Panama,PAN,1995,0.0,0.69,36.649946193166535,0.0561,71.994,0.0561,
Panama,PAN,1997,0.0,0.701,38.15839386602099,0.539,72.541,0.539,
Panama,PAN,1999,0.0,0.712,39.70704869518429,3.84,73.124,3.84,
Panama,PAN,2001,0.0,0.723,41.29051654560129,7.26839987788729,73.82,7.26839987788729,
Papua New Guinea,PNG,1990,0.0,0.403,8.604162434306408,0.0,59.778,0.0,
Papua New Guinea,PNG,1991,0.0,0.411,8.880972044340414,,59.94,,
Papua New Guinea,PNG,1992,0.0,0.421,9.20085456874089,,60.26,,
Papua New Guinea,PNG,1993,0.0,0.432,9.54129753124586,,60.466,,
Papua New Guinea,PNG,1994,0.0,0.439,9.89314136819326,,60.726,,
Papua New Guinea,PNG,1995,0.0,0.442,10.255438766947842,,60.929,,
Papua New Guinea,PNG,1997,0.0,0.449,11.014183191273242,0.101,61.27,0.101,
Papua New Guinea,PNG,1999,0.0,0.454,11.812332729761957,0.6669999999999999,61.505,0.6669999999999999,
Papua New Guinea,PNG,2001,0.0,0.458,12.649461202137527,0.904103545170821,61.647,0.904103545170821,
Paraguay,PRY,1990,0.0,0.607,10.15793355147244,0.0,67.341,0.0,
Paraguay,PRY,1991,0.0,0.613,10.43132141958218,,67.676,,
Paraguay,PRY,1992,0.0,0.619,10.706267304304053,,67.961,,
Paraguay,PRY,1993,0.0,0.626,10.980860810470677,,68.234,,
Paraguay,PRY,1994,0.0,0.631,11.254510445507174,,68.504,,
Paraguay,PRY,1995,0.0,0.637,11.527324439969796,,68.778,,
Paraguay,PRY,1997,0.0,0.653,12.067485527309339,0.0996,69.284,0.0996,
Paraguay,PRY,1999,0.0,0.664,12.592839164359425,0.382,69.774,0.382,
Paraguay,PRY,2001,0.0,0.671,13.057359677825321,1.09879383569333,70.281,1.09879383569333,
Morocco,MAR,1960,,,,,41.73,,
Morocco,MAR,1961,,,26.730933817269346,,43.694,,
Morocco,MAR,1962,,,27.452372630729936,,44.226,,
Morocco,MAR,1963,,,28.179195232334095,,44.768,,
Morocco,MAR,1964,,,28.899238248868574,,45.346,,
Morocco,MAR,1965,0.0,,29.661627906976744,,45.922,,
Morocco,MAR,1966,0.0,,30.46346955235919,,46.495,,
Morocco,MAR,1967,0.0,,31.294920912309003,,47.099,,
Morocco,MAR,1968,0.0,,32.14567146121791,,47.659,,
Morocco,MAR,1969,0.0,,33.011280638078595,,48.187,,
Morocco,MAR,1970,0.0,,33.89669086346731,,48.691,,
Morocco,MAR,1971,0.0,,34.78788591656585,,49.169,,
Morocco,MAR,1972,0.0,,35.678388672312586,,49.706,,
Morocco,MAR,1973,0.0,,36.5813779968631,,50.22,,
Morocco,MAR,1974,0.0,,37.494604526103515,,50.762,,
Morocco,MAR,1975,0.0,,38.42882814250504,,51.356,,
Morocco,MAR,1976,0.0,,39.3775084024199,,52.048,,
Morocco,MAR,1977,0.0,,40.36467846739861,,52.791,,
Morocco,MAR,1978,0.0,,41.401265964597805,,53.554,,
Morocco,MAR,1979,0.0,,42.47275151243558,,54.376,,
Morocco,MAR,1980,0.0,,43.60282993502128,,55.219,,
Morocco,MAR,1981,0.0,,44.78019493614161,,56.023,,
Morocco,MAR,1982,0.0,,45.978754201209945,,56.869,,
Morocco,MAR,1983,0.0,,47.18954963029353,,57.685,,
Morocco,MAR,1984,0.0,,48.383997311225635,,58.438,,
Morocco,MAR,1985,0.0,,49.54952498319516,,59.208,,
Morocco,MAR,1986,0.0,,50.6403831503473,,59.951,,
Morocco,MAR,1987,0.0,,51.65671521398163,,60.62,,
Morocco,MAR,1988,0.0,,52.65633878557024,,61.231,,
Morocco,MAR,1989,0.0,,53.63973560385391,,61.824,,
Morocco,MAR,2025,7.139999866,,,,,,
Mozambique,MOZ,1960,0.0,,,,41.197,,
Mozambique,MOZ,1961,0.0,,8.691645260561051,,41.5,,
Mozambique,MOZ,1962,0.0,,8.862590605050993,,41.761,,
Mozambique,MOZ,1963,0.0,,9.041211627966124,,41.958,,
Mozambique,MOZ,1964,0.0,,9.225897148961062,,41.656,,
Mozambique,MOZ,1965,0.0,,9.418374068516494,,41.792,,
Mozambique,MOZ,1966,0.0,,9.617475012080673,,41.835,,
Mozambique,MOZ,1967,0.0,,9.82292275998881,,41.953,,
Mozambique,MOZ,1968,0.0,,10.036640046796714,,42.1,,
Mozambique,MOZ,1969,0.0,,10.258336936341209,,42.267,,
Mozambique,MOZ,1970,0.0,,10.491754622447163,,42.459,,
Mozambique,MOZ,1971,0.0,,10.753474147358784,,42.581,,
Mozambique,MOZ,1972,0.0,,11.054369388845087,,42.523,,
Mozambique,MOZ,1973,0.0,,11.38666039319413,,42.724,,
Mozambique,MOZ,1974,0.0,,11.745076171825326,,43.211,,
Mozambique,MOZ,1975,0.0,,12.132578397212544,,43.821,,
Mozambique,MOZ,1976,0.0,,12.54763473130039,,43.923,,
Mozambique,MOZ,1977,0.0,,13.002587807421348,,43.924,,
Mozambique,MOZ,1978,0.0,,13.50269589765762,,43.963,,
Mozambique,MOZ,1979,0.0,,14.024783183702535,,43.914,,
Mozambique,MOZ,1980,0.0,,14.415703603855642,,43.987,,
Mozambique,MOZ,1981,0.0,,14.710606831302933,,41.643,,
Mozambique,MOZ,1982,0.0,,15.03645820086981,,41.677,,
Mozambique,MOZ,1983,0.0,,15.353673796383427,,41.596,,
Mozambique,MOZ,1984,0.0,,15.661580915079224,,38.897,,
Mozambique,MOZ,1985,0.0,,15.957868969200641,,38.984,,
Mozambique,MOZ,1986,0.0,,16.23970345125766,,40.951,,
Mozambique,MOZ,1987,0.0,,16.305824156260332,,41.002,,
Mozambique,MOZ,1988,0.0,,16.277827513415907,,43.691,,
Mozambique,MOZ,1989,0.0,,16.41298354485109,,43.889,,
Myanmar,MMR,1960,0.0,,,,44.086,,
Myanmar,MMR,1961,0.0,,33.98503687609021,,44.603,,
Myanmar,MMR,1962,0.0,,34.74113137680938,,45.264,,
Myanmar,MMR,1963,0.0,,35.51949077332681,,45.951,,
Myanmar,MMR,1964,0.0,,36.321135661168405,,46.653,,
Myanmar,MMR,1965,0.0,,37.15064265385439,,47.405,,
Myanmar,MMR,1966,0.0,,38.003023533372094,,48.181,,
Myanmar,MMR,1967,0.0,,38.875094102885825,,48.86,,
Myanmar,MMR,1968,0.0,,39.76751537778866,,49.4,,
Myanmar,MMR,1969,0.0,,40.678630229213205,,50.02,,
Myanmar,MMR,1970,0.0,,41.60880129754874,,50.47,,
Myanmar,MMR,1971,0.0,,42.548610643571934,,51.027,,
Myanmar,MMR,1972,0.0,,43.49898093460232,,51.397,,
Myanmar,MMR,1973,0.0,,44.41409554120635,,51.763,,
Myanmar,MMR,1974,0.0,,45.288990727422956,,52.092,,
Myanmar,MMR,1975,0.0,,46.17401383235915,,52.493,,
Myanmar,MMR,1976,0.0,,47.06492487070417,,52.908,,
Myanmar,MMR,1977,0.0,,47.9786485907519,,53.266,,
Myanmar,MMR,1978,0.0,,48.92275300670196,,53.522,,
Myanmar,MMR,1979,0.0,,49.876901184319244,,54.026,,
Myanmar,MMR,1980,0.0,,50.84188266976773,,54.374,,
Myanmar,MMR,1981,0.0,,51.8082795238241,,54.699,,
Myanmar,MMR,1982,0.0,,52.76335801940203,,55.033,,
Myanmar,MMR,1983,0.0,,53.8034626801726,,55.308,,
Myanmar,MMR,1984,0.0,,54.93055207026349,,55.596,,
Myanmar,MMR,1985,0.0,,56.03762126266181,,55.816,,
Myanmar,MMR,1986,0.0,,57.096548030724975,,56.084,,
Myanmar,MMR,1987,0.0,,58.101407717966765,,56.353,,
Myanmar,MMR,1988,0.0,,59.064367904030355,,56.57,,
Myanmar,MMR,1989,0.0,,60.00339382440249,,56.889,,
Nauru,NRU,1980,0.0,,382.45,,58.471,,
Nauru,NRU,1981,0.0,,391.95,,58.555,,
Nauru,NRU,1982,0.0,,402.0,,58.635,,
Nauru,NRU,1983,0.0,,410.8,,58.694,,
Nauru,NRU,1984,0.0,,418.85,,58.658,,
Nauru,NRU,1985,0.0,,427.55,,58.598,,
Nauru,NRU,1986,0.0,,437.1,,58.591,,
Nauru,NRU,1987,0.0,,447.3,,58.625,,
Nauru,NRU,1988,0.0,,458.25,,58.725,,
Nauru,NRU,1989,0.0,,469.5,,58.9,,
Nepal,NPL,1960,0.0,,,,38.652,,
Nepal,NPL,1961,0.0,,72.15661538461538,,38.966,,
Nepal,NPL,1962,0.0,,73.57423776223776,,39.333,,
Nepal,NPL,1963,0.0,,75.0336923076923,,39.608,,
Nepal,NPL,1964,0.0,,76.5481958041958,,40.229,,
Nepal,NPL,1965,0.0,,78.13574125874126,,40.688,,
Nepal,NPL,1966,0.0,,79.78118881118881,,41.239,,
Nepal,NPL,1967,0.0,,81.48752447552448,,41.71,,
Nepal,NPL,1968,0.0,,83.2606013986014,,42.173,,
Nepal,NPL,1969,0.0,,85.08416783216784,,42.722,,
Nepal,NPL,1970,0.0,,86.96636363636364,,43.151,,
Nepal,NPL,1971,0.0,,88.88154545454546,,43.616,,
Nepal,NPL,1972,0.0,,90.83286013986014,,44.068,,
Nepal,NPL,1973,0.0,,92.83383916083916,,44.485,,
Nepal,NPL,1974,0.0,,94.88416083916084,,44.919,,
Nepal,NPL,1975,0.0,,96.99786713286713,,45.499,,
Nepal,NPL,1976,0.0,,99.1443986013986,,45.991,,
Nepal,NPL,1977,0.0,,101.39283216783217,,46.628,,
Nepal,NPL,1978,0.0,,103.77409090909092,,47.202,,
Nepal,NPL,1979,0.0,,106.2279020979021,,47.766,,
Nepal,NPL,1980,0.0,,108.76297202797203,,48.333,,
Nepal,NPL,1981,0.0,,111.34561538461539,,48.662,,
Nepal,NPL,1982,0.0,,113.97193706293706,,49.181,,
Nepal,NPL,1983,0.0,,116.70712587412588,,49.676,,
Nepal,NPL,1984,0.0,,119.47721678321679,,50.227,,
Nepal,NPL,1985,0.0,,122.22162237762238,,50.922,,
Nepal,NPL,1986,0.0,,124.95191608391609,,51.594,,
Nepal,NPL,1987,0.0,,127.62590909090909,,52.382,,
Nepal,NPL,1988,0.0,,130.3402867132867,,53.109,,
Nepal,NPL,1989,0.0,,133.27137762237763,,54.013,,
Netherlands,NLD,1960,,,,,73.39268292682927,,
Netherlands,NLD,1961,,,344.74857819905213,,73.65268292682927,,
Netherlands,NLD,1962,,,349.69457938388626,,73.32390243902441,,
Netherlands,NLD,1963,,,354.44212085308055,,73.33707317073171,,
Netherlands,NLD,1964,,,359.2156398104265,,73.70414634146343,,
Netherlands,NLD,1965,0.0,,364.1804502369668,,73.56878048780489,,
Netherlands,NLD,1966,0.0,,368.9647808056872,,73.51292682926831,,
Netherlands,NLD,1967,0.0,,373.16946090047395,,73.80414634146342,,
Netherlands,NLD,1968,0.0,,377.0651954976303,,73.61268292682928,,
Netherlands,NLD,1969,0.0,,381.4568720379147,,73.53951219512197,,
Netherlands,NLD,1970,0.0,,386.21226303317536,,73.58560975609757,,
Netherlands,NLD,1971,0.0,,390.83225710900473,,73.80951219512197,,
Netherlands,NLD,1972,0.0,,394.8042950236967,,73.72707317073173,,
Netherlands,NLD,1973,0.0,,398.08418246445495,,74.1439024390244,,
Netherlands,NLD,1974,0.0,,401.2161137440758,,74.53682926829269,,
Netherlands,NLD,1975,0.0,,404.80850118483414,,74.4987804878049,,
Netherlands,NLD,1976,0.0,,407.99872630331754,,74.64707317073172,,
Netherlands,NLD,1977,0.0,,410.4320201421801,,75.22146341463416,,
Netherlands,NLD,1978,0.0,,412.96504739336496,,75.14512195121952,,
Netherlands,NLD,1979,0.0,,415.8255331753555,,75.60609756097561,,
Netherlands,NLD,1980,0.0,,419.12914691943126,,75.74317073170732,,
Netherlands,NLD,1981,0.0,,422.01445497630334,,75.93439024390246,,
Netherlands,NLD,1982,0.0,,423.9540876777251,,75.98853658536586,,
Netherlands,NLD,1983,0.0,,425.56486966824644,,76.16414634146342,,
Netherlands,NLD,1984,0.0,,427.2574348341232,,76.23317073170732,,
Netherlands,NLD,1985,0.0,,429.2545023696683,,76.28463414634147,,
Netherlands,NLD,1986,0.001,,431.6433056872038,,76.27048780487806,,
Netherlands,NLD,1987,0.002,,434.3909063981043,,76.70512195121951,,
Netherlands,NLD,1988,0.016000001,,437.2065758293839,,76.89024390243902,,
Netherlands,NLD,1989,0.023,,439.83729265402843,,76.73414634146343,,
Netherlands,NLD,2025,33.70000076,,,,,,
New Caledonia,NCL,1980,0.0,,8.195678336980306,,65.601,,
New Caledonia,NCL,1981,0.0,,8.284518599562363,,65.987,,
New Caledonia,NCL,1982,0.0,,8.369857768052517,,66.51,,
New Caledonia,NCL,1983,0.0,,8.47937636761488,,66.972,,
New Caledonia,NCL,1984,0.0,,8.620514223194748,,67.419,,
New Caledonia,NCL,1985,0.0,,8.765536105032822,,67.843,,
New Caledonia,NCL,1986,0.0,,8.911269146608316,,68.239,,
New Caledonia,NCL,1987,0.0,,9.061816192560174,,68.597,,
New Caledonia,NCL,1988,0.0,,9.217833698030635,,68.92,,
New Caledonia,NCL,1989,0.0,,9.410776805251642,,69.221,,
New Caledonia,NCL,1990,0.0,,9.652954048140044,0.0,69.526,0.0,
New Caledonia,NCL,1991,0.0,,9.914551422319475,,69.82,,
New Caledonia,NCL,1992,0.0,,10.178993435448577,,70.143,,
New Caledonia,NCL,1993,0.0,,10.440754923413566,,70.504,,
New Caledonia,NCL,1994,0.0,,10.700984682713347,,70.897,,
New Caledonia,NCL,1995,0.0,,10.961652078774618,0.00518,71.314,0.00518,
New Caledonia,NCL,1996,0.0,,11.216301969365427,0.253,71.75,0.253,
New Caledonia,NCL,1997,0.0,,11.463894967177243,0.989,72.204,0.989,
New Caledonia,NCL,1998,0.0,,11.709354485776805,1.94,72.677,1.94,
New Caledonia,NCL,1999,0.0,,11.954431072210065,5.69,73.141,5.69,
New Caledonia,NCL,2000,0.01,,12.204485776805251,13.9395488232698,73.574,13.9395488232698,
New Caledonia,NCL,2001,0.01,,12.456619256017506,18.2371097828416,73.958,18.2371097828416,
New Caledonia,NCL,2002,0.01,,12.704376367614879,22.389797417113,74.278,22.389797417113,
New Caledonia,NCL,2003,0.0,,12.947374179431073,26.4083344703588,74.5,26.4083344703588,
New Caledonia,NCL,2004,0.01,,13.175711159737418,30.2980462088488,74.713,30.2980462088488,
New Caledonia,NCL,2005,0.02,,13.368763676148797,32.3590147531561,74.867,32.3590147531561,
New Caledonia,NCL,2006,0.029999999,,13.541958424507659,33.5157146807209,75.016,33.5157146807209,
New Caledonia,NCL,2007,0.039999999,,13.715809628008753,35.05,75.181,35.05,
New Caledonia,NCL,2008,0.029999999,,13.88539387308534,34.51,75.398,34.51,
New Caledonia,NCL,2009,0.029999999,,14.072757111597374,33.99,75.676,33.99,
New Caledonia,NCL,2010,0.050000001,,14.309737417943108,42.0,75.992,42.0,
New Caledonia,NCL,2011,0.050000001,,14.581126914660832,50.0,76.315,50.0,
New Caledonia,NCL,2012,0.059999999,,14.85957330415755,58.0,76.615,58.0,
New Caledonia,NCL,2013,0.050000001,,15.14343544857768,66.0,76.867,66.0,
New Caledonia,NCL,2014,0.059999999,,15.384245076586433,70.0,77.053,70.0,
New Caledonia,NCL,2015,0.059999999,,15.490590809628008,74.00175279141,77.206,74.00175279141,
New Caledonia,NCL,2016,0.050000001,,15.504540481400438,,77.359,,
New Caledonia,NCL,2017,0.050000001,,15.511269146608315,82.0058408035186,77.504,82.0058408035186,
New Caledonia,NCL,2018,0.050000001,,15.510995623632384,,77.557,,
New Caledonia,NCL,2019,0.059999999,,15.514551422319474,,77.262,,
New Caledonia,NCL,2020,0.050000001,,15.545733041575492,,77.049,,
New Zealand,NZL,1960,0.0,,,,71.23658536585367,,
New Zealand,NZL,1961,0.0,,9.1895484410011,,70.98536585365855,,
New Zealand,NZL,1962,0.0,,9.42615168432646,,71.23170731707316,,
New Zealand,NZL,1963,0.0,,9.615282366791995,,71.28048780487805,,
New Zealand,NZL,1964,0.0,,9.818844707758915,,71.32926829268293,,
New Zealand,NZL,1965,0.0,,9.982150317116707,,71.22682926829268,,
New Zealand,NZL,1966,0.0,,10.162546048384034,,71.12439024390245,,
New Zealand,NZL,1967,0.0,,10.345600243059511,,71.47317073170733,,
New Zealand,NZL,1968,0.0,,10.436747559910371,,71.12439024390245,,
New Zealand,NZL,1969,0.0,,10.530553340169382,,71.47317073170733,,
New Zealand,NZL,1970,0.0,,10.674490144696366,,71.27317073170732,,
New Zealand,NZL,1971,0.0,,10.835137290646006,,71.77317073170732,,
New Zealand,NZL,1972,0.0,,11.028445558467206,,71.82926829268294,,
New Zealand,NZL,1973,0.0,,11.246439557935513,,71.66829268292685,,
New Zealand,NZL,1974,0.0,,11.48342258174775,,71.92439024390244,,
New Zealand,NZL,1975,0.0,,11.70901219095363,,72.21951219512196,,
New Zealand,NZL,1976,0.0,,11.81307204435836,,72.42195121951221,,
New Zealand,NZL,1977,0.0,,11.849910751585584,,72.16829268292683,,
New Zealand,NZL,1978,0.0,,11.85370855645437,,73.01951219512196,,
New Zealand,NZL,1979,0.0,,11.807375337055182,,73.06829268292685,,
New Zealand,NZL,1980,0.0,,11.822186776043447,,72.82926829268294,,
New Zealand,NZL,1981,0.0,,11.867760434468877,,73.62195121951221,,
New Zealand,NZL,1982,0.0,,11.986251946374995,,73.72439024390243,,
New Zealand,NZL,1983,0.0,,12.150317116706544,,73.77560975609757,,
New Zealand,NZL,1984,0.0,,12.25589609205879,,74.37073170731708,,
New Zealand,NZL,1985,0.0,,12.331852189434507,,73.82926829268293,,
New Zealand,NZL,1986,0.0,,12.328813945539478,,74.1219512195122,,
New Zealand,NZL,1987,0.0,,12.43553226235236,,74.17804878048781,,
New Zealand,NZL,1988,0.0,,12.469712506171433,,74.42439024390244,,
New Zealand,NZL,1989,0.0,,12.529717823098249,,74.82439024390244,,
New Zealand,NZL,2025,4.21999979,,,,,,
Nicaragua,NIC,1980,0.0,,27.026782449725776,,57.953,,
Nicaragua,NIC,1981,0.0,,27.80184477314276,,58.278,,
Nicaragua,NIC,1982,0.0,,28.575245138773475,,58.685,,
Nicaragua,NIC,1983,0.0,,29.33589828818348,,56.851,,
Nicaragua,NIC,1984,0.0,,30.07399036064484,,56.126,,
Nicaragua,NIC,1985,0.0,,30.80005816852252,,56.4,,
Nicaragua,NIC,1986,0.0,,31.528643842446403,,57.558,,
Nicaragua,NIC,1987,0.0,,32.2599634369287,,57.329,,
Nicaragua,NIC,1988,0.0,,33.0091407678245,,59.833,,
Nicaragua,NIC,1989,0.0,,33.791557254445735,,61.884,,
Niger,NER,1960,0.0,,,,36.193,,
Niger,NER,1961,0.0,,2.848473987526644,,36.287,,
Niger,NER,1962,0.0,,2.9324386200363146,,36.319,,
Niger,NER,1963,0.0,,3.0187676640088417,,36.437,,
Niger,NER,1964,0.0,,3.1071398121102076,,36.464,,
Niger,NER,1965,0.0,,3.1970434988552934,,36.404,,
Niger,NER,1966,0.0,,3.2885008289255544,,36.331,,
Niger,NER,1967,0.0,,3.3816925870371835,,36.243,,
Niger,NER,1968,0.0,,3.476464040419989,,36.128,,
Niger,NER,1969,0.0,,3.5728467671903372,,36.003,,
Niger,NER,1970,0.0,,3.671173127022973,,35.919,,
Niger,NER,1971,0.0,,3.7706047209283966,,35.294,,
Niger,NER,1972,0.0,,3.872144154101208,,35.813,,
Niger,NER,1973,0.0,,3.9771571800742085,,35.938,,
Niger,NER,1974,0.0,,4.085381700481566,,36.195,,
Niger,NER,1975,0.0,,4.197536117470593,,36.568,,
Niger,NER,1976,0.0,,4.3143301492066,,37.101,,
Niger,NER,1977,0.0,,4.436501144706718,,37.689,,
Niger,NER,1978,0.0,,4.565352490723928,,38.267,,
Niger,NER,1979,0.0,,4.701631009710271,,38.889,,
Niger,NER,1980,0.0,,4.844060156311676,,39.344,,
Niger,NER,1981,0.0,,4.990926028262414,,39.637,,
Niger,NER,1982,0.0,,5.141495223809899,,39.844,,
Niger,NER,1983,0.0,,5.296158522144154,,39.979,,
Niger,NER,1984,0.0,,5.455096707981369,,39.989,,
Niger,NER,1985,0.0,,5.619686587195074,,40.12,,
Niger,NER,1986,0.0,,5.791277334806979,,40.251,,
Niger,NER,1987,0.0,,5.969171863898318,,40.468,,
Niger,NER,1988,0.0,,6.1527970316570615,,40.791,,
Niger,NER,1989,0.0,,6.343080445251441,,41.188,,
Nigeria,NGA,1960,0.0,,,,37.207,,
Nigeria,NGA,1961,0.0,,50.49497677789123,,37.427,,
Nigeria,NGA,1962,0.0,,51.56657773093097,,37.606,,
Nigeria,NGA,1963,0.0,,52.673644279016656,,37.806,,
Nigeria,NGA,1964,0.0,,53.8138234680545,,37.98,,
Nigeria,NGA,1965,0.0,,54.9938667281531,,38.221,,
Nigeria,NGA,1966,0.0,,56.20324999725507,,38.355,,
Nigeria,NGA,1967,0.0,,57.41632355040241,,37.497,,
Nigeria,NGA,1968,0.0,,58.6677020543057,,38.642,,
Nigeria,NGA,1969,0.0,,59.984314371356106,,38.946,,
Nigeria,NGA,1970,0.0,,61.36987164706787,,40.008,,
Nigeria,NGA,1971,0.0,,62.820123631652336,,40.606,,
Nigeria,NGA,1972,0.0,,64.34308112915446,,41.273,,
Nigeria,NGA,1973,0.0,,65.96850906375924,,41.831,,
Nigeria,NGA,1974,0.0,,67.72197591049331,,42.489,,
Nigeria,NGA,1975,0.0,,69.62330226072444,,43.054,,
Nigeria,NGA,1976,0.0,,71.65146963558308,,44.186,,
Nigeria,NGA,1977,0.0,,73.82170031950986,,44.847,,
Nigeria,NGA,1978,0.0,,76.11859415659278,,45.348,,
Nigeria,NGA,1979,0.0,,78.50307102781163,,45.738,,
Nigeria,NGA,1980,0.0,,80.99151377405931,,45.959,,
Nigeria,NGA,1981,0.0,,83.52065065823425,,46.309,,
Nigeria,NGA,1982,0.0,,86.0576226709268,,46.437,,
Nigeria,NGA,1983,0.0,,88.31896087925601,,46.442,,
Nigeria,NGA,1984,0.0,,90.6117274394194,,46.339,,
Nigeria,NGA,1985,0.0,,93.21560108479638,,46.193,,
Nigeria,NGA,1986,0.0,,95.78263776804242,,45.953,,
Nigeria,NGA,1987,0.0,,98.36919968817594,,45.89,,
Nigeria,NGA,1988,0.0,,101.03548645651482,,45.834,,
Nigeria,NGA,1989,0.0,,103.7924108172206,,45.83,,
Nigeria,NGA,2025,0.0,,,,,,
North Korea,PRK,1960,0.0,,,,55.814,,
North Korea,PRK,1961,0.0,,99.5823685740387,,56.408,,
North Korea,PRK,1962,0.0,,101.84272070426044,,56.998,,
North Korea,PRK,1963,0.0,,104.36888132214932,,57.578,,
North Korea,PRK,1964,0.0,,107.04899925255377,,58.17,,
North Korea,PRK,1965,0.0,,109.78630512415913,,58.785,,
North Korea,PRK,1966,0.0,,112.69075658167927,,59.423,,
North Korea,PRK,1967,0.0,,115.92351133626775,,60.087,,
North Korea,PRK,1968,0.0,,119.30567228635495,,60.757,,
North Korea,PRK,1969,0.0,,122.64442322066273,,61.411,,
North Korea,PRK,1970,0.0,,126.00926002823685,,62.049,,
North Korea,PRK,1971,0.0,,129.3286022755585,,62.663,,
North Korea,PRK,1972,0.0,,132.67227804999584,,63.254,,
North Korea,PRK,1973,0.0,,135.78911219998338,,63.816,,
North Korea,PRK,1974,0.0,,138.4695706336683,,64.335,,
North Korea,PRK,1975,0.0,,140.94390000830495,,64.831,,
North Korea,PRK,1976,0.0,,143.20612905904827,,65.325,,
North Korea,PRK,1977,0.0,,145.2769537413836,,65.811,,
North Korea,PRK,1978,0.0,,147.29669462669213,,66.292,,
North Korea,PRK,1979,0.0,,149.3519641225812,,66.748,,
North Korea,PRK,1980,0.0,,151.45574287849846,,67.208,,
North Korea,PRK,1981,0.0,,153.6524790299809,,67.657,,
North Korea,PRK,1982,0.0,,155.9368574038701,,68.09,,
North Korea,PRK,1983,0.0,,158.24295324308613,,68.503,,
North Korea,PRK,1984,0.0,,160.57672120255793,,68.881,,
North Korea,PRK,1985,0.0,,162.94649946017773,,69.231,,
North Korea,PRK,1986,0.0,,165.35881571298066,,69.541,,
North Korea,PRK,1987,0.0,,167.80568889627108,,69.767,,
North Korea,PRK,1988,0.0,,170.2778922016444,,70.052,,
North Korea,PRK,1989,0.0,,172.77939539905324,,70.269,,
North Macedonia,MKD,2025,0.200000003,,,93.1,,93.1,
Northern Mariana Islands,MNP,1980,,,,,68.302,,
Northern Mariana Islands,MNP,1981,,,,,68.479,,
Northern Mariana Islands,MNP,1982,,,,,68.692,,
Northern Mariana Islands,MNP,1983,,,,,68.858,,
Northern Mariana Islands,MNP,1984,,,,,69.062,,
Northern Mariana Islands,MNP,1985,,,,,69.231,,
Northern Mariana Islands,MNP,1986,,,,,69.357,,
Northern Mariana Islands,MNP,1987,,,,,69.48,,
Northern Mariana Islands,MNP,1988,,,,,69.614,,
Northern Mariana Islands,MNP,1989,,,,,69.784,,
Northern Mariana Islands,MNP,1990,,,,0.0,70.038,0.0,
Northern Mariana Islands,MNP,1991,,,96.50652173913043,,70.362,,
Northern Mariana Islands,MNP,1992,,,98.2195652173913,,70.762,,
Northern Mariana Islands,MNP,1993,,,99.89565217391305,,71.156,,
Northern Mariana Islands,MNP,1994,,,101.58695652173913,,71.533,,
Northern Mariana Islands,MNP,1995,,,104.7304347826087,,71.938,,
Northern Mariana Islands,MNP,1996,,,112.40434782608696,,72.442,,
Northern Mariana Islands,MNP,1997,,,123.03478260869565,,72.947,,
Northern Mariana Islands,MNP,1998,,,133.34130434782608,,73.573,,
Northern Mariana Islands,MNP,1999,,,143.29565217391306,,74.262,,
Northern Mariana Islands,MNP,2000,,,148.6,,74.9,,
Northern Mariana Islands,MNP,2001,,,147.7913043478261,,75.419,,
Northern Mariana Islands,MNP,2002,,,145.1695652173913,,75.934,,
Northern Mariana Islands,MNP,2003,,,142.2195652173913,,76.505,,
Northern Mariana Islands,MNP,2004,,,138.99565217391304,,76.789,,
Northern Mariana Islands,MNP,2005,,,135.55217391304348,,77.307,,
Northern Mariana Islands,MNP,2006,,,131.91739130434783,,77.688,,
Northern Mariana Islands,MNP,2007,,,128.13260869565218,,77.863,,
Northern Mariana Islands,MNP,2008,,,124.23913043478261,,77.938,,
Northern Mariana Islands,MNP,2009,,,120.27173913043478,,77.903,,
Northern Mariana Islands,MNP,2010,,,117.5891304347826,,77.8,,
Northern Mariana Islands,MNP,2011,,,116.5391304347826,,77.688,,
Northern Mariana Islands,MNP,2012,,,115.72608695652174,,77.566,,
Northern Mariana Islands,MNP,2013,,,114.69130434782609,,77.452,,
Northern Mariana Islands,MNP,2014,,,113.4304347826087,,77.377,,
Northern Mariana Islands,MNP,2015,,,111.98695652173913,,77.36,,
Northern Mariana Islands,MNP,2016,,,110.37608695652175,,77.392,,
Northern Mariana Islands,MNP,2017,,,108.60652173913043,,77.47,,
Northern Mariana Islands,MNP,2018,,,106.68913043478261,,77.51,,
Northern Mariana Islands,MNP,2019,,,104.62826086956522,,77.844,,
Northern Mariana Islands,MNP,2020,,,103.32173913043478,,78.03,,
Northern Mariana Islands,MNP,2021,,,102.12826086956522,,78.16,,
Northern Mariana Islands,MNP,2022,,,100.16956521739131,,78.531,,
Northern Mariana Islands,MNP,2023,,,98.13695652173914,,78.808,,
Norway,NOR,1960,,,,,73.54975609756099,,
Norway,NOR,1961,,,9.88325612467282,,73.55048780487806,,
Norway,NOR,1962,,,9.962978173494978,,73.44804878048781,,
Norway,NOR,1963,,,10.03859611656865,,73.07756097560976,,
Norway,NOR,1964,,,10.11471509456692,,73.5958536585366,,
Norway,NOR,1965,0.0,,10.193645891513619,,73.72317073170731,,
Norway,NOR,1966,0.0,,10.275355652659591,,73.99536585365854,,
Norway,NOR,1967,0.0,,10.361673292374412,,74.06658536585367,,
Norway,NOR,1968,0.0,,10.449140848309623,,73.9419512195122,,
Norway,NOR,1969,0.0,,10.534620691921017,,73.66341463414635,,
Norway,NOR,1970,0.0,,10.611435095443046,,74.08804878048781,,
Norway,NOR,1971,0.0,,10.686113940270067,,74.17926829268293,,
Norway,NOR,1972,0.0,,10.768154986803342,,74.34463414634146,,
Norway,NOR,1973,0.0,,10.843742813023622,,74.44219512195122,,
Norway,NOR,1974,0.0,,10.911220991994393,,74.75365853658538,,
Norway,NOR,1975,0.0,,10.971605283043663,,74.81756097560975,,
Norway,NOR,1976,0.0,,11.023184501319665,,75.03951219512196,,
Norway,NOR,1977,0.0,,11.069873837763248,,75.38682926829269,,
Norway,NOR,1978,0.0,,11.112218133631217,,75.41853658536586,,
Norway,NOR,1979,0.0,,11.150127038363395,,75.4139024390244,,
Norway,NOR,1980,0.0,,11.18600168654379,,75.67170731707319,,
Norway,NOR,1981,0.0,,11.224556734675998,,75.86902439024391,,
Norway,NOR,1982,0.0,,11.265857892258326,,76.01097560975612,,
Norway,NOR,1983,0.0,,11.303216479942176,,76.0668292682927,,
Norway,NOR,1984,0.0,,11.335159509807143,,76.22439024390245,,
Norway,NOR,1985,0.0,,11.369155961494235,,75.91682926829269,,
Norway,NOR,1986,0.0,,11.409780858823144,,76.24121951219514,,
Norway,NOR,1987,0.0,,11.463309458882282,,76.08170731707318,,
Norway,NOR,1988,0.0,,11.525139358894329,,76.22048780487806,,
Norway,NOR,1989,0.0,,11.572814337812531,,76.50048780487805,,
Norway,NOR,2025,13.56000042,,,,,,
Oman,OMN,1960,0.0,,,,35.429,,
Oman,OMN,1961,0.0,,1.7442778675282713,,36.386,,
Oman,OMN,1962,0.0,,1.7768691437802908,,37.413,,
Oman,OMN,1963,0.0,,1.8120420032310178,,38.498,,
Oman,OMN,1964,0.0,,1.8500064620355412,,39.628,,
Oman,OMN,1965,0.0,,1.890907915993538,,40.791,,
Oman,OMN,1966,0.0,,1.934746365105008,,41.975,,
Oman,OMN,1967,0.0,,1.9816413570274636,,43.177,,
Oman,OMN,1968,0.0,,2.0316575121163165,,44.395,,
Oman,OMN,1969,0.0,,2.0848303715670435,,45.624,,
Oman,OMN,1970,0.0,,2.1411308562197093,,46.64,,
Oman,OMN,1971,0.0,,2.200707592891761,,47.868,,
Oman,OMN,1972,0.0,,2.263628432956381,,48.717,,
Oman,OMN,1973,0.0,,2.3301421647819063,,49.964,,
Oman,OMN,1974,0.0,,2.4135315024232633,,51.228,,
Oman,OMN,1975,0.0,,2.516523424878837,,52.511,,
Oman,OMN,1976,0.0,,2.632313408723748,,54.448,,
Oman,OMN,1977,0.0,,2.763534733441034,,55.524,,
Oman,OMN,1978,0.0,,2.908898222940226,,57.037,,
Oman,OMN,1979,0.0,,3.066610662358643,,58.328,,
Oman,OMN,1980,0.0,,3.2350500807754443,,59.601,,
Oman,OMN,1981,0.0,,3.416219709208401,,60.802,,
Oman,OMN,1982,0.0,,3.611237479806139,,62.049,,
Oman,OMN,1983,0.0,,3.8173150242326335,,63.192,,
Oman,OMN,1984,0.0,,4.031392568659127,,64.272,,
Oman,OMN,1985,0.0,,4.28264943457189,,65.281,,
Oman,OMN,1986,0.0,,4.566781906300485,,66.168,,
Oman,OMN,1987,0.0,,4.849744749596122,,66.979,,
Oman,OMN,1988,0.0,,5.132691437802908,,67.718,,
Oman,OMN,1989,0.0,,5.415922455573505,,68.393,,
Oman,OMN,2025,0.100000001,,,,,,
Pakistan,PAK,1960,0.0,,,,44.101,,
Pakistan,PAK,1961,0.0,,60.86716090701536,,44.956,,
Pakistan,PAK,1962,0.0,,62.469032793690324,,45.85,,
Pakistan,PAK,1963,0.0,,64.14458281444583,,46.761,,
Pakistan,PAK,1964,0.0,,65.89871186176836,,47.831,,
Pakistan,PAK,1965,0.0,,67.72650736820258,,48.495,,
Pakistan,PAK,1966,0.0,,69.632974003736,,49.797,,
Pakistan,PAK,1967,0.0,,71.62563304275633,,50.763,,
Pakistan,PAK,1968,0.0,,73.6956556143628,,51.624,,
Pakistan,PAK,1969,0.0,,75.83662697177252,,52.316,,
Pakistan,PAK,1970,0.0,,78.04939679327522,,52.943,,
Pakistan,PAK,1971,0.0,,80.2302550332088,,49.002,,
Pakistan,PAK,1972,0.0,,82.48131226650062,,53.824,,
Pakistan,PAK,1973,0.0,,84.9184205064342,,54.09,,
Pakistan,PAK,1974,0.0,,87.45263465130759,,54.266,,
Pakistan,PAK,1975,0.0,,90.10633950809465,,54.722,,
Pakistan,PAK,1976,0.0,,92.90713729763387,,55.069,,
Pakistan,PAK,1977,0.0,,95.86683660232461,,55.482,,
Pakistan,PAK,1978,0.0,,98.98736379202988,,56.072,,
Pakistan,PAK,1979,0.0,,102.47644121004566,,56.614,,
Pakistan,PAK,1980,0.0,,106.74944219593192,,57.199,,
Pakistan,PAK,1981,0.0,,111.30402786425903,,57.764,,
Pakistan,PAK,1982,0.0,,115.56824149024492,,58.291,,
Pakistan,PAK,1983,0.0,,119.63951717517642,,58.663,,
Pakistan,PAK,1984,0.0,,123.4497405562474,,58.921,,
Pakistan,PAK,1985,0.0,,127.42487157534246,,59.075,,
Pakistan,PAK,1986,0.0,,131.80620070568702,,59.167,,
Pakistan,PAK,1987,0.0,,136.37753865711915,,59.222,,
Pakistan,PAK,1988,0.0,,141.03977143005397,,59.36,,
Pakistan,PAK,1989,0.0,,145.72518290784558,,59.528,,
Pakistan,PAK,2025,5.739999771,,,,,,
Panama,PAN,1980,0.0,,26.332176486413776,,69.451,,
Panama,PAN,1981,0.0,,26.96284638149045,,69.79,,
Panama,PAN,1982,0.0,,27.60655098197471,,69.9,,
Panama,PAN,1983,0.0,,28.26346516007533,,70.133,,
Panama,PAN,1984,0.0,,28.931692224912563,,70.403,,
Panama,PAN,1985,0.0,,29.6060667204735,,70.544,,
Panama,PAN,1986,0.0,,30.284167339252086,,70.669,,
Panama,PAN,1987,0.0,,30.965429109496906,,70.811,,
Panama,PAN,1988,0.0,,31.649825127791228,,70.945,,
Panama,PAN,1989,0.0,,32.335485606672044,,70.137,,
Papua New Guinea,PNG,1980,0.0,,6.914967097999382,,57.391,,
Papua New Guinea,PNG,1981,0.0,,7.059618866757939,,57.76,,
Papua New Guinea,PNG,1982,0.0,,7.208168087267588,,58.075,,
Papua New Guinea,PNG,1983,0.0,,7.361288256856423,,58.294,,
Papua New Guinea,PNG,1984,0.0,,7.519317228282471,,58.583,,
Papua New Guinea,PNG,1985,0.0,,7.682144592147684,,58.804,,
Papua New Guinea,PNG,1986,0.0,,7.849651106302169,,59.017,,
Papua New Guinea,PNG,1987,0.0,,8.021337720266748,,59.232,,
Papua New Guinea,PNG,1988,0.0,,8.196528728525372,,59.381,,
Papua New Guinea,PNG,1989,0.0,,8.382453738462218,,59.598,,
Paraguay,PRY,1980,0.0,,7.684960986659955,,64.553,,
Paraguay,PRY,1981,0.0,,7.897316889000755,,64.811,,
Paraguay,PRY,1982,0.0,,8.12028441983388,,65.076,,
Paraguay,PRY,1983,0.0,,8.35154291467405,,65.293,,
Paraguay,PRY,1984,0.0,,8.590324691668764,,65.609,,
Paraguay,PRY,1985,0.0,,8.83632267807702,,65.893,,
Paraguay,PRY,1986,0.0,,9.090042788824565,,66.172,,
Paraguay,PRY,1987,0.0,,9.350337276617166,,66.454,,
Paraguay,PRY,1988,0.0,,9.616274855273094,,66.71,,
Paraguay,PRY,1989,0.0,,9.886237100427888,,66.922,,
Paraguay,PRY,2025,0.0,,,,,,
Montserrat,MSR,2011,0.0,,,,,,
Montserrat,MSR,2012,0.0,,,,,,
Montserrat,MSR,2013,0.0,,,,,,
Montserrat,MSR,2014,0.0,,,,,,
Montserrat,MSR,2015,0.0,,,,,,
Montserrat,MSR,2016,0.0,,,,,,
Montserrat,MSR,2017,0.0,,,,,,
Montserrat,MSR,2018,0.0,,,,,,
Montserrat,MSR,2019,0.0,,,,,,
Montserrat,MSR,2020,0.0,,,,,,
Montserrat,MSR,2021,0.0,,,,,,
Montserrat,MSR,2022,0.0,,,,,,
Montserrat,MSR,2023,0.0,,,,,,
Montserrat,MSR,2024,0.0,,,,,,
Morocco,MAR,1900,,,,,,,
Morocco,MAR,1901,,,,,,,
Morocco,MAR,1902,,,,,,,
Morocco,MAR,1903,,,,,,,
Morocco,MAR,1904,,,,,,,
Morocco,MAR,1905,,,,,,,
Morocco,MAR,1906,,,,,,,
Morocco,MAR,1907,,,,,,,
Morocco,MAR,1908,,,,,,,
Morocco,MAR,1909,,,,,,,
Morocco,MAR,1910,,,,,,,
Morocco,MAR,1911,,,,,,,
Morocco,MAR,1912,,,,,,,
Morocco,MAR,1913,,,,,,,
Morocco,MAR,1914,,,,,,,
Morocco,MAR,1915,,,,,,,
Morocco,MAR,1916,,,,,,,
Morocco,MAR,1917,,,,,,,
Morocco,MAR,1918,,,,,,,
Morocco,MAR,1919,,,,,,,
Morocco,MAR,1920,,,,,,,
Morocco,MAR,1921,,,,,,,
Morocco,MAR,1922,,,,,,,
Morocco,MAR,1923,,,,,,,
Morocco,MAR,1924,,,,,,,
Morocco,MAR,1925,,,,,,,
Morocco,MAR,1926,,,,,,,
Morocco,MAR,1927,,,,,,,
Morocco,MAR,1928,,,,,,,
Morocco,MAR,1929,,,,,,,
Morocco,MAR,1930,,,,,,,
Morocco,MAR,1931,,,,,,,
Morocco,MAR,1932,,,,,,,
Morocco,MAR,1933,,,,,,,
Morocco,MAR,1934,,,,,,,
Morocco,MAR,1935,,,,,,,
Morocco,MAR,1936,,,,,,,
Morocco,MAR,1937,,,,,,,
Morocco,MAR,1938,,,,,,,
Morocco,MAR,1939,,,,,,,
Morocco,MAR,1940,,,,,,,
Morocco,MAR,1941,,,,,,,
Morocco,MAR,1942,,,,,,,
Morocco,MAR,1943,,,,,,,
Morocco,MAR,1944,,,,,,,
Morocco,MAR,1945,,,,,,,
Morocco,MAR,1946,,,,,,,
Morocco,MAR,1947,,,,,,,
Morocco,MAR,1948,,,,,,,
Morocco,MAR,1949,,,,,,,
Morocco,MAR,1950,,,,,,,
Morocco,MAR,1951,,,,,,,
Morocco,MAR,1952,,,,,,,
Morocco,MAR,1953,,,,,,,
Morocco,MAR,1954,,,,,,,
Morocco,MAR,1955,,,,,,,
Morocco,MAR,1956,,,,,,,
Morocco,MAR,1957,,,,,,,
Morocco,MAR,1958,,,,,,,
Morocco,MAR,1959,,,,,,,
Mozambique,MOZ,1900,0.0,,,,,,
Mozambique,MOZ,1901,0.0,,,,,,
Mozambique,MOZ,1902,0.0,,,,,,
Mozambique,MOZ,1903,0.0,,,,,,
Mozambique,MOZ,1904,0.0,,,,,,
Mozambique,MOZ,1905,0.0,,,,,,
Mozambique,MOZ,1906,0.0,,,,,,
Mozambique,MOZ,1907,0.0,,,,,,
Mozambique,MOZ,1908,0.0,,,,,,
Mozambique,MOZ,1909,0.0,,,,,,
Mozambique,MOZ,1910,0.0,,,,,,
Mozambique,MOZ,1911,0.0,,,,,,
Mozambique,MOZ,1912,0.0,,,,,,
Mozambique,MOZ,1913,0.0,,,,,,
Mozambique,MOZ,1914,0.0,,,,,,
Mozambique,MOZ,1915,0.0,,,,,,
Mozambique,MOZ,1916,0.0,,,,,,
Mozambique,MOZ,1917,0.0,,,,,,
Mozambique,MOZ,1918,0.0,,,,,,
Mozambique,MOZ,1919,0.0,,,,,,
Mozambique,MOZ,1920,0.0,,,,,,
Mozambique,MOZ,1921,0.0,,,,,,
Mozambique,MOZ,1922,0.0,,,,,,
Mozambique,MOZ,1923,0.0,,,,,,
Mozambique,MOZ,1924,0.0,,,,,,
Mozambique,MOZ,1925,0.0,,,,,,
Mozambique,MOZ,1926,0.0,,,,,,
Mozambique,MOZ,1927,0.0,,,,,,
Mozambique,MOZ,1928,0.0,,,,,,
Mozambique,MOZ,1929,0.0,,,,,,
Mozambique,MOZ,1930,0.0,,,,,,
Mozambique,MOZ,1931,0.0,,,,,,
Mozambique,MOZ,1932,0.0,,,,,,
Mozambique,MOZ,1933,0.0,,,,,,
Mozambique,MOZ,1934,0.0,,,,,,
Mozambique,MOZ,1935,0.0,,,,,,
Mozambique,MOZ,1936,0.0,,,,,,
Mozambique,MOZ,1937,0.0,,,,,,
Mozambique,MOZ,1938,0.0,,,,,,
Mozambique,MOZ,1939,0.0,,,,,,
Mozambique,MOZ,1940,0.0,,,,,,
Mozambique,MOZ,1941,0.0,,,,,,
Mozambique,MOZ,1942,0.0,,,,,,
Mozambique,MOZ,1943,0.0,,,,,,
Mozambique,MOZ,1944,0.0,,,,,,
Mozambique,MOZ,1945,0.0,,,,,,
Mozambique,MOZ,1946,0.0,,,,,,
Mozambique,MOZ,1947,0.0,,,,,,
Mozambique,MOZ,1948,0.0,,,,,,
Mozambique,MOZ,1949,0.0,,,,,,
Mozambique,MOZ,1950,0.0,,,,,,
Mozambique,MOZ,1951,0.0,,,,,,
Mozambique,MOZ,1952,0.0,,,,,,
Mozambique,MOZ,1953,0.0,,,,,,
Mozambique,MOZ,1954,0.0,,,,,,
Mozambique,MOZ,1955,0.0,,,,,,
Mozambique,MOZ,1956,0.0,,,,,,
Mozambique,MOZ,1957,0.0,,,,,,
Mozambique,MOZ,1958,0.0,,,,,,
Mozambique,MOZ,1959,0.0,,,,,,
Myanmar,MMR,1900,0.0,,,,,,
Myanmar,MMR,1901,0.0,,,,,,
Myanmar,MMR,1902,0.0,,,,,,
Myanmar,MMR,1903,0.0,,,,,,
Myanmar,MMR,1904,0.0,,,,,,
Myanmar,MMR,1905,0.0,,,,,,
Myanmar,MMR,1906,0.0,,,,,,
Myanmar,MMR,1907,0.0,,,,,,
Myanmar,MMR,1908,0.0,,,,,,
Myanmar,MMR,1909,0.0,,,,,,
Myanmar,MMR,1910,0.0,,,,,,
Myanmar,MMR,1911,0.0,,,,,,
Myanmar,MMR,1912,0.0,,,,,,
Myanmar,MMR,1913,0.0,,,,,,
Myanmar,MMR,1914,0.0,,,,,,
Myanmar,MMR,1915,0.0,,,,,,
Myanmar,MMR,1916,0.0,,,,,,
Myanmar,MMR,1917,0.0,,,,,,
Myanmar,MMR,1918,0.0,,,,,,
Myanmar,MMR,1919,0.0,,,,,,
Myanmar,MMR,1920,0.0,,,,,,
Myanmar,MMR,1921,0.0,,,,,,
Myanmar,MMR,1922,0.0,,,,,,
Myanmar,MMR,1923,0.0,,,,,,
Myanmar,MMR,1924,0.0,,,,,,
Myanmar,MMR,1925,0.0,,,,,,
Myanmar,MMR,1926,0.0,,,,,,
Myanmar,MMR,1927,0.0,,,,,,
Myanmar,MMR,1928,0.0,,,,,,
Myanmar,MMR,1929,0.0,,,,,,
Myanmar,MMR,1930,0.0,,,,,,
Myanmar,MMR,1931,0.0,,,,,,
Myanmar,MMR,1932,0.0,,,,,,
Myanmar,MMR,1933,0.0,,,,,,
Myanmar,MMR,1934,0.0,,,,,,
Myanmar,MMR,1935,0.0,,,,,,
Myanmar,MMR,1936,0.0,,,,,,
Myanmar,MMR,1937,0.0,,,,,,
Myanmar,MMR,1938,0.0,,,,,,
Myanmar,MMR,1939,0.0,,,,,,
Myanmar,MMR,1940,0.0,,,,,,
Myanmar,MMR,1941,0.0,,,,,,
Myanmar,MMR,1942,0.0,,,,,,
Myanmar,MMR,1943,0.0,,,,,,
Myanmar,MMR,1944,0.0,,,,,,
Myanmar,MMR,1945,0.0,,,,,,
Myanmar,MMR,1946,0.0,,,,,,
Myanmar,MMR,1947,0.0,,,,,,
Myanmar,MMR,1948,0.0,,,,,,
Myanmar,MMR,1949,0.0,,,,,,
Myanmar,MMR,1950,0.0,,,,,,
Myanmar,MMR,1951,0.0,,,,,,
Myanmar,MMR,1952,0.0,,,,,,
Myanmar,MMR,1953,0.0,,,,,,
Myanmar,MMR,1954,0.0,,,,,,
Myanmar,MMR,1955,0.0,,,,,,
Myanmar,MMR,1956,0.0,,,,,,
Myanmar,MMR,1957,0.0,,,,,,
Myanmar,MMR,1958,0.0,,,,,,
Myanmar,MMR,1959,0.0,,,,,,
Nepal,NPL,1900,0.0,,,,,,
Nepal,NPL,1901,0.0,,,,,,
Nepal,NPL,1902,0.0,,,,,,
Nepal,NPL,1903,0.0,,,,,,
Nepal,NPL,1904,0.0,,,,,,
Nepal,NPL,1905,0.0,,,,,,
Nepal,NPL,1906,0.0,,,,,,
Nepal,NPL,1907,0.0,,,,,,
Nepal,NPL,1908,0.0,,,,,,
Nepal,NPL,1909,0.0,,,,,,
Nepal,NPL,1910,0.0,,,,,,
Nepal,NPL,1911,0.0,,,,,,
Nepal,NPL,1912,0.0,,,,,,
Nepal,NPL,1913,0.0,,,,,,
Nepal,NPL,1914,0.0,,,,,,
Nepal,NPL,1915,0.0,,,,,,
Nepal,NPL,1916,0.0,,,,,,
Nepal,NPL,1917,0.0,,,,,,
Nepal,NPL,1918,0.0,,,,,,
Nepal,NPL,1919,0.0,,,,,,
Nepal,NPL,1920,0.0,,,,,,
Nepal,NPL,1921,0.0,,,,,,
Nepal,NPL,1922,0.0,,,,,,
Nepal,NPL,1923,0.0,,,,,,
Nepal,NPL,1924,0.0,,,,,,
Nepal,NPL,1925,0.0,,,,,,
Nepal,NPL,1926,0.0,,,,,,
Nepal,NPL,1927,0.0,,,,,,
Nepal,NPL,1928,0.0,,,,,,
Nepal,NPL,1929,0.0,,,,,,
Nepal,NPL,1930,0.0,,,,,,
Nepal,NPL,1931,0.0,,,,,,
Nepal,NPL,1932,0.0,,,,,,
Nepal,NPL,1933,0.0,,,,,,
Nepal,NPL,1934,0.0,,,,,,
Nepal,NPL,1935,0.0,,,,,,
Nepal,NPL,1936,0.0,,,,,,
Nepal,NPL,1937,0.0,,,,,,
Nepal,NPL,1938,0.0,,,,,,
Nepal,NPL,1939,0.0,,,,,,
Nepal,NPL,1940,0.0,,,,,,
Nepal,NPL,1941,0.0,,,,,,
Nepal,NPL,1942,0.0,,,,,,
Nepal,NPL,1943,0.0,,,,,,
Nepal,NPL,1944,0.0,,,,,,
Nepal,NPL,1945,0.0,,,,,,
Nepal,NPL,1946,0.0,,,,,,
Nepal,NPL,1947,0.0,,,,,,
Nepal,NPL,1948,0.0,,,,,,
Nepal,NPL,1949,0.0,,,,,,
Nepal,NPL,1950,0.0,,,,,,
Nepal,NPL,1951,0.0,,,,,,
Nepal,NPL,1952,0.0,,,,,,
Nepal,NPL,1953,0.0,,,,,,
Nepal,NPL,1954,0.0,,,,,,
Nepal,NPL,1955,0.0,,,,,,
Nepal,NPL,1956,0.0,,,,,,
Nepal,NPL,1957,0.0,,,,,,
Nepal,NPL,1958,0.0,,,,,,
Nepal,NPL,1959,0.0,,,,,,
Netherlands,NLD,1900,,,,,,,
Netherlands,NLD,1901,,,,,,,
Netherlands,NLD,1902,,,,,,,
Netherlands,NLD,1903,,,,,,,
Netherlands,NLD,1904,,,,,,,
Netherlands,NLD,1905,,,,,,,
Netherlands,NLD,1906,,,,,,,
Netherlands,NLD,1907,,,,,,,
Netherlands,NLD,1908,,,,,,,
Netherlands,NLD,1909,,,,,,,
Netherlands,NLD,1910,,,,,,,
Netherlands,NLD,1911,,,,,,,
Netherlands,NLD,1912,,,,,,,
Netherlands,NLD,1913,,,,,,,
Netherlands,NLD,1914,,,,,,,
Netherlands,NLD,1915,,,,,,,
Netherlands,NLD,1916,,,,,,,
Netherlands,NLD,1917,,,,,,,
Netherlands,NLD,1918,,,,,,,
Netherlands,NLD,1919,,,,,,,
Netherlands,NLD,1920,,,,,,,
Netherlands,NLD,1921,,,,,,,
Netherlands,NLD,1922,,,,,,,
Netherlands,NLD,1923,,,,,,,
Netherlands,NLD,1924,,,,,,,
Netherlands,NLD,1925,,,,,,,
Netherlands,NLD,1926,,,,,,,
Netherlands,NLD,1927,,,,,,,
Netherlands,NLD,1928,,,,,,,
Netherlands,NLD,1929,,,,,,,
Netherlands,NLD,1930,,,,,,,
Netherlands,NLD,1931,,,,,,,
Netherlands,NLD,1932,,,,,,,
Netherlands,NLD,1933,,,,,,,
Netherlands,NLD,1934,,,,,,,
Netherlands,NLD,1935,,,,,,,
Netherlands,NLD,1936,,,,,,,
Netherlands,NLD,1937,,,,,,,
Netherlands,NLD,1938,,,,,,,
Netherlands,NLD,1939,,,,,,,
Netherlands,NLD,1940,,,,,,,
Netherlands,NLD,1941,,,,,,,
Netherlands,NLD,1942,,,,,,,
Netherlands,NLD,1943,,,,,,,
Netherlands,NLD,1944,,,,,,,
Netherlands,NLD,1945,,,,,,,
Netherlands,NLD,1946,,,,,,,
Netherlands,NLD,1947,,,,,,,
Netherlands,NLD,1948,,,,,,,
Netherlands,NLD,1949,,,,,,,
Netherlands,NLD,1950,,,,,,,
Netherlands,NLD,1951,,,,,,,
Netherlands,NLD,1952,,,,,,,
Netherlands,NLD,1953,,,,,,,
Netherlands,NLD,1954,,,,,,,
Netherlands,NLD,1955,,,,,,,
Netherlands,NLD,1956,,,,,,,
Netherlands,NLD,1957,,,,,,,
Netherlands,NLD,1958,,,,,,,
Netherlands,NLD,1959,,,,,,,
Netherlands Antilles,ANT,1965,,,,,,,
Netherlands Antilles,ANT,1966,,,,,,,
Netherlands Antilles,ANT,1967,,,,,,,
Netherlands Antilles,ANT,1968,,,,,,,
Netherlands Antilles,ANT,1969,,,,,,,
Netherlands Antilles,ANT,1970,,,,,,,
Netherlands Antilles,ANT,1971,,,,,,,
Netherlands Antilles,ANT,1972,,,,,,,
Netherlands Antilles,ANT,1973,,,,,,,
Netherlands Antilles,ANT,1974,,,,,,,
Netherlands Antilles,ANT,1975,,,,,,,
Netherlands Antilles,ANT,1976,,,,,,,
Netherlands Antilles,ANT,1977,,,,,,,
Netherlands Antilles,ANT,1978,,,,,,,
Netherlands Antilles,ANT,1979,,,,,,,
Netherlands Antilles,ANT,1980,,,,,,,
Netherlands Antilles,ANT,1981,,,,,,,
Netherlands Antilles,ANT,1982,,,,,,,
Netherlands Antilles,ANT,1983,,,,,,,
Netherlands Antilles,ANT,1984,,,,,,,
Netherlands Antilles,ANT,1985,,,,,,,
Netherlands Antilles,ANT,1986,,,,,,,
Netherlands Antilles,ANT,1987,,,,,,,
Netherlands Antilles,ANT,1988,,,,,,,
Netherlands Antilles,ANT,1989,,,,,,,
Netherlands Antilles,ANT,1990,,,,,,,
Netherlands Antilles,ANT,1991,,,,,,,
Netherlands Antilles,ANT,1992,,,,,,,
Netherlands Antilles,ANT,1993,,,,,,,
Netherlands Antilles,ANT,1994,,,,,,,
Netherlands Antilles,ANT,1995,,,,,,,
Netherlands Antilles,ANT,1996,,,,,,,
Netherlands Antilles,ANT,1997,,,,,,,
Netherlands Antilles,ANT,1998,,,,,,,
Netherlands Antilles,ANT,1999,,,,,,,
Netherlands Antilles,ANT,2000,,,,,,,
Netherlands Antilles,ANT,2001,,,,,,,
Netherlands Antilles,ANT,2002,,,,,,,
Netherlands Antilles,ANT,2003,,,,,,,
Netherlands Antilles,ANT,2018,,,,,,,
Netherlands Antilles,ANT,2019,,,,,,,
Netherlands Antilles,ANT,2020,,,,,,,
Netherlands Antilles,ANT,2021,,,,,,,
Netherlands Antilles,ANT,2022,,,,,,,
Netherlands Antilles,ANT,2023,,,,,,,
Netherlands Antilles,ANT,2024,,,,,,,
New Zealand,NZL,1900,0.0,,,,,,
New Zealand,NZL,1901,0.0,,,,,,
New Zealand,NZL,1902,0.0,,,,,,
New Zealand,NZL,1903,0.0,,,,,,
New Zealand,NZL,1904,0.0,,,,,,
New Zealand,NZL,1905,0.0,,,,,,
New Zealand,NZL,1906,0.0,,,,,,
New Zealand,NZL,1907,0.0,,,,,,
New Zealand,NZL,1908,0.0,,,,,,
New Zealand,NZL,1909,0.0,,,,,,
New Zealand,NZL,1910,0.0,,,,,,
New Zealand,NZL,1911,0.0,,,,,,
New Zealand,NZL,1912,0.0,,,,,,
New Zealand,NZL,1913,0.0,,,,,,
New Zealand,NZL,1914,0.0,,,,,,
New Zealand,NZL,1915,0.0,,,,,,
New Zealand,NZL,1916,0.0,,,,,,
New Zealand,NZL,1917,0.0,,,,,,
New Zealand,NZL,1918,0.0,,,,,,
New Zealand,NZL,1919,0.0,,,,,,
New Zealand,NZL,1920,0.0,,,,,,
New Zealand,NZL,1921,0.0,,,,,,
New Zealand,NZL,1922,0.0,,,,,,
New Zealand,NZL,1923,0.0,,,,,,
New Zealand,NZL,1924,0.0,,,,,,
New Zealand,NZL,1925,0.0,,,,,,
New Zealand,NZL,1926,0.0,,,,,,
New Zealand,NZL,1927,0.0,,,,,,
New Zealand,NZL,1928,0.0,,,,,,
New Zealand,NZL,1929,0.0,,,,,,
New Zealand,NZL,1930,0.0,,,,,,
New Zealand,NZL,1931,0.0,,,,,,
New Zealand,NZL,1932,0.0,,,,,,
New Zealand,NZL,1933,0.0,,,,,,
New Zealand,NZL,1934,0.0,,,,,,
New Zealand,NZL,1935,0.0,,,,,,
New Zealand,NZL,1936,0.0,,,,,,
New Zealand,NZL,1937,0.0,,,,,,
New Zealand,NZL,1938,0.0,,,,,,
New Zealand,NZL,1939,0.0,,,,,,
New Zealand,NZL,1940,0.0,,,,,,
New Zealand,NZL,1941,0.0,,,,,,
New Zealand,NZL,1942,0.0,,,,,,
New Zealand,NZL,1943,0.0,,,,,,
New Zealand,NZL,1944,0.0,,,,,,
New Zealand,NZL,1945,0.0,,,,,,
New Zealand,NZL,1946,0.0,,,,,,
New Zealand,NZL,1947,0.0,,,,,,
New Zealand,NZL,1948,0.0,,,,,,
New Zealand,NZL,1949,0.0,,,,,,
New Zealand,NZL,1950,0.0,,,,,,
New Zealand,NZL,1951,0.0,,,,,,
New Zealand,NZL,1952,0.0,,,,,,
New Zealand,NZL,1953,0.0,,,,,,
New Zealand,NZL,1954,0.0,,,,,,
New Zealand,NZL,1955,0.0,,,,,,
New Zealand,NZL,1956,0.0,,,,,,
New Zealand,NZL,1957,0.0,,,,,,
New Zealand,NZL,1958,0.0,,,,,,
New Zealand,NZL,1959,0.0,,,,,,
Niger,NER,1900,0.0,,,,,,
Niger,NER,1901,0.0,,,,,,
Niger,NER,1902,0.0,,,,,,
Niger,NER,1903,0.0,,,,,,
Niger,NER,1904,0.0,,,,,,
Niger,NER,1905,0.0,,,,,,
Niger,NER,1906,0.0,,,,,,
Niger,NER,1907,0.0,,,,,,
Niger,NER,1908,0.0,,,,,,
Niger,NER,1909,0.0,,,,,,
Niger,NER,1910,0.0,,,,,,
Niger,NER,1911,0.0,,,,,,
Niger,NER,1912,0.0,,,,,,
Niger,NER,1913,0.0,,,,,,
Niger,NER,1914,0.0,,,,,,
Niger,NER,1915,0.0,,,,,,
Niger,NER,1916,0.0,,,,,,
Niger,NER,1917,0.0,,,,,,
Niger,NER,1918,0.0,,,,,,
Niger,NER,1919,0.0,,,,,,
Niger,NER,1920,0.0,,,,,,
Niger,NER,1921,0.0,,,,,,
Niger,NER,1922,0.0,,,,,,
Niger,NER,1923,0.0,,,,,,
Niger,NER,1924,0.0,,,,,,
Niger,NER,1925,0.0,,,,,,
Niger,NER,1926,0.0,,,,,,
Niger,NER,1927,0.0,,,,,,
Niger,NER,1928,0.0,,,,,,
Niger,NER,1929,0.0,,,,,,
Niger,NER,1930,0.0,,,,,,
Niger,NER,1931,0.0,,,,,,
Niger,NER,1932,0.0,,,,,,
Niger,NER,1933,0.0,,,,,,
Niger,NER,1934,0.0,,,,,,
Niger,NER,1935,0.0,,,,,,
Niger,NER,1936,0.0,,,,,,
Niger,NER,1937,0.0,,,,,,
Niger,NER,1938,0.0,,,,,,
Niger,NER,1939,0.0,,,,,,
Niger,NER,1940,0.0,,,,,,
Niger,NER,1941,0.0,,,,,,
Niger,NER,1942,0.0,,,,,,
Niger,NER,1943,0.0,,,,,,
Niger,NER,1944,0.0,,,,,,
Niger,NER,1945,0.0,,,,,,
Niger,NER,1946,0.0,,,,,,
Niger,NER,1947,0.0,,,,,,
Niger,NER,1948,0.0,,,,,,
Niger,NER,1949,0.0,,,,,,
Niger,NER,1950,0.0,,,,,,
Niger,NER,1951,0.0,,,,,,
Niger,NER,1952,0.0,,,,,,
Niger,NER,1953,0.0,,,,,,
Niger,NER,1954,0.0,,,,,,
Niger,NER,1955,0.0,,,,,,
Niger,NER,1956,0.0,,,,,,
Niger,NER,1957,0.0,,,,,,
Niger,NER,1958,0.0,,,,,,
Niger,NER,1959,0.0,,,,,,
Nigeria,NGA,1900,0.0,,,,,,
Nigeria,NGA,1901,0.0,,,,,,
Nigeria,NGA,1902,0.0,,,,,,
Nigeria,NGA,1903,0.0,,,,,,
Nigeria,NGA,1904,0.0,,,,,,
Nigeria,NGA,1905,0.0,,,,,,
Nigeria,NGA,1906,0.0,,,,,,
Nigeria,NGA,1907,0.0,,,,,,
Nigeria,NGA,1908,0.0,,,,,,
Nigeria,NGA,1909,0.0,,,,,,
Nigeria,NGA,1910,0.0,,,,,,
Nigeria,NGA,1911,0.0,,,,,,
Nigeria,NGA,1912,0.0,,,,,,
Nigeria,NGA,1913,0.0,,,,,,
Nigeria,NGA,1914,0.0,,,,,,
Nigeria,NGA,1915,0.0,,,,,,
Nigeria,NGA,1916,0.0,,,,,,
Nigeria,NGA,1917,0.0,,,,,,
Nigeria,NGA,1918,0.0,,,,,,
Nigeria,NGA,1919,0.0,,,,,,
Nigeria,NGA,1920,0.0,,,,,,
Nigeria,NGA,1921,0.0,,,,,,
Nigeria,NGA,1922,0.0,,,,,,
Nigeria,NGA,1923,0.0,,,,,,
Nigeria,NGA,1924,0.0,,,,,,
Nigeria,NGA,1925,0.0,,,,,,
Nigeria,NGA,1926,0.0,,,,,,
Nigeria,NGA,1927,0.0,,,,,,
Nigeria,NGA,1928,0.0,,,,,,
Nigeria,NGA,1929,0.0,,,,,,
Nigeria,NGA,1930,0.0,,,,,,
Nigeria,NGA,1931,0.0,,,,,,
Nigeria,NGA,1932,0.0,,,,,,
Nigeria,NGA,1933,0.0,,,,,,
Nigeria,NGA,1934,0.0,,,,,,
Nigeria,NGA,1935,0.0,,,,,,
Nigeria,NGA,1936,0.0,,,,,,
Nigeria,NGA,1937,0.0,,,,,,
Nigeria,NGA,1938,0.0,,,,,,
Nigeria,NGA,1939,0.0,,,,,,
Nigeria,NGA,1940,0.0,,,,,,
Nigeria,NGA,1941,0.0,,,,,,
Nigeria,NGA,1942,0.0,,,,,,
Nigeria,NGA,1943,0.0,,,,,,
Nigeria,NGA,1944,0.0,,,,,,
Nigeria,NGA,1945,0.0,,,,,,
Nigeria,NGA,1946,0.0,,,,,,
Nigeria,NGA,1947,0.0,,,,,,
Nigeria,NGA,1948,0.0,,,,,,
Nigeria,NGA,1949,0.0,,,,,,
Nigeria,NGA,1950,0.0,,,,,,
Nigeria,NGA,1951,0.0,,,,,,
Nigeria,NGA,1952,0.0,,,,,,
Nigeria,NGA,1953,0.0,,,,,,
Nigeria,NGA,1954,0.0,,,,,,
Nigeria,NGA,1955,0.0,,,,,,
Nigeria,NGA,1956,0.0,,,,,,
Nigeria,NGA,1957,0.0,,,,,,
Nigeria,NGA,1958,0.0,,,,,,
Nigeria,NGA,1959,0.0,,,,,,
Niue,NIU,1980,0.0,,,,,,
Niue,NIU,1981,0.0,,,,,,
Niue,NIU,1982,0.0,,,,,,
Niue,NIU,1983,0.0,,,,,,
Niue,NIU,1984,0.0,,,,,,
Niue,NIU,1985,0.0,,,,,,
Niue,NIU,1986,0.0,,,,,,
Niue,NIU,1987,0.0,,,,,,
Niue,NIU,1988,0.0,,,,,,
Niue,NIU,1989,0.0,,,,,,
Niue,NIU,1990,0.0,,,,,,
Niue,NIU,1991,0.0,,,,,,
Niue,NIU,1992,0.0,,,,,,
Niue,NIU,1993,0.0,,,,,,
Niue,NIU,1994,0.0,,,,,,
Niue,NIU,1995,0.0,,,,,,
Niue,NIU,1996,0.0,,,,,,
Niue,NIU,1997,0.0,,,,,,
Niue,NIU,1998,0.0,,,,,,
Niue,NIU,1999,0.0,,,,,,
Niue,NIU,2000,0.0,,,,,,
Niue,NIU,2001,0.0,,,,,,
Niue,NIU,2002,0.0,,,,,,
Niue,NIU,2003,0.0,,,,,,
Niue,NIU,2004,0.0,,,,,,
Niue,NIU,2005,0.0,,,,,,
Niue,NIU,2006,0.0,,,,,,
Niue,NIU,2007,0.0,,,,,,
Niue,NIU,2008,0.0,,,,,,
Niue,NIU,2016,0.0,,,,,,
Niue,NIU,2017,0.0,,,,,,
Niue,NIU,2018,0.0,,,,,,
Niue,NIU,2019,0.0,,,,,,
Niue,NIU,2020,0.0,,,,,,
Niue,NIU,2021,0.0,,,,,,
North Korea,PRK,1900,0.0,,,,,,
North Korea,PRK,1901,0.0,,,,,,
North Korea,PRK,1902,0.0,,,,,,
North Korea,PRK,1903,0.0,,,,,,
North Korea,PRK,1904,0.0,,,,,,
North Korea,PRK,1905,0.0,,,,,,
North Korea,PRK,1906,0.0,,,,,,
North Korea,PRK,1907,0.0,,,,,,
North Korea,PRK,1908,0.0,,,,,,
North Korea,PRK,1909,0.0,,,,,,
North Korea,PRK,1910,0.0,,,,,,
North Korea,PRK,1911,0.0,,,,,,
North Korea,PRK,1912,0.0,,,,,,
North Korea,PRK,1913,0.0,,,,,,
North Korea,PRK,1914,0.0,,,,,,
North Korea,PRK,1915,0.0,,,,,,
North Korea,PRK,1916,0.0,,,,,,
North Korea,PRK,1917,0.0,,,,,,
North Korea,PRK,1918,0.0,,,,,,
North Korea,PRK,1919,0.0,,,,,,
North Korea,PRK,1920,0.0,,,,,,
North Korea,PRK,1921,0.0,,,,,,
North Korea,PRK,1922,0.0,,,,,,
North Korea,PRK,1923,0.0,,,,,,
North Korea,PRK,1924,0.0,,,,,,
North Korea,PRK,1925,0.0,,,,,,
North Korea,PRK,1926,0.0,,,,,,
North Korea,PRK,1927,0.0,,,,,,
North Korea,PRK,1928,0.0,,,,,,
North Korea,PRK,1929,0.0,,,,,,
North Korea,PRK,1930,0.0,,,,,,
North Korea,PRK,1931,0.0,,,,,,
North Korea,PRK,1932,0.0,,,,,,
North Korea,PRK,1933,0.0,,,,,,
North Korea,PRK,1934,0.0,,,,,,
North Korea,PRK,1935,0.0,,,,,,
North Korea,PRK,1936,0.0,,,,,,
North Korea,PRK,1937,0.0,,,,,,
North Korea,PRK,1938,0.0,,,,,,
North Korea,PRK,1939,0.0,,,,,,
North Korea,PRK,1940,0.0,,,,,,
North Korea,PRK,1941,0.0,,,,,,
North Korea,PRK,1942,0.0,,,,,,
North Korea,PRK,1943,0.0,,,,,,
North Korea,PRK,1944,0.0,,,,,,
North Korea,PRK,1945,0.0,,,,,,
North Korea,PRK,1946,0.0,,,,,,
North Korea,PRK,1947,0.0,,,,,,
North Korea,PRK,1948,0.0,,,,,,
North Korea,PRK,1949,0.0,,,,,,
North Korea,PRK,1950,0.0,,,,,,
North Korea,PRK,1951,0.0,,,,,,
North Korea,PRK,1952,0.0,,,,,,
North Korea,PRK,1953,0.0,,,,,,
North Korea,PRK,1954,0.0,,,,,,
North Korea,PRK,1955,0.0,,,,,,
North Korea,PRK,1956,0.0,,,,,,
North Korea,PRK,1957,0.0,,,,,,
North Korea,PRK,1958,0.0,,,,,,
North Korea,PRK,1959,0.0,,,,,,
Norway,NOR,1900,,,,,,,
Norway,NOR,1901,,,,,,,
Norway,NOR,1902,,,,,,,
Norway,NOR,1903,,,,,,,
Norway,NOR,1904,,,,,,,
Norway,NOR,1905,,,,,,,
Norway,NOR,1906,,,,,,,
Norway,NOR,1907,,,,,,,
Norway,NOR,1908,,,,,,,
Norway,NOR,1909,,,,,,,
Norway,NOR,1910,,,,,,,
Norway,NOR,1911,,,,,,,
Norway,NOR,1912,,,,,,,
Norway,NOR,1913,,,,,,,
Norway,NOR,1914,,,,,,,
Norway,NOR,1915,,,,,,,
Norway,NOR,1916,,,,,,,
Norway,NOR,1917,,,,,,,
Norway,NOR,1918,,,,,,,
Norway,NOR,1919,,,,,,,
Norway,NOR,1920,,,,,,,
Norway,NOR,1921,,,,,,,
Norway,NOR,1922,,,,,,,
Norway,NOR,1923,,,,,,,
Norway,NOR,1924,,,,,,,
Norway,NOR,1925,,,,,,,
Norway,NOR,1926,,,,,,,
Norway,NOR,1927,,,,,,,
Norway,NOR,1928,,,,,,,
Norway,NOR,1929,,,,,,,
Norway,NOR,1930,,,,,,,
Norway,NOR,1931,,,,,,,
Norway,NOR,1932,,,,,,,
Norway,NOR,1933,,,,,,,
Norway,NOR,1934,,,,,,,
Norway,NOR,1935,,,,,,,
Norway,NOR,1936,,,,,,,
Norway,NOR,1937,,,,,,,
Norway,NOR,1938,,,,,,,
Norway,NOR,1939,,,,,,,
Norway,NOR,1940,,,,,,,
Norway,NOR,1941,,,,,,,
Norway,NOR,1942,,,,,,,
Norway,NOR,1943,,,,,,,
Norway,NOR,1944,,,,,,,
Norway,NOR,1945,,,,,,,
Norway,NOR,1946,,,,,,,
Norway,NOR,1947,,,,,,,
Norway,NOR,1948,,,,,,,
Norway,NOR,1949,,,,,,,
Norway,NOR,1950,,,,,,,
Norway,NOR,1951,,,,,,,
Norway,NOR,1952,,,,,,,
Norway,NOR,1953,,,,,,,
Norway,NOR,1954,,,,,,,
Norway,NOR,1955,,,,,,,
Norway,NOR,1956,,,,,,,
Norway,NOR,1957,,,,,,,
Norway,NOR,1958,,,,,,,
Norway,NOR,1959,,,,,,,
Oman,OMN,1900,0.0,,,,,,
Oman,OMN,1901,0.0,,,,,,
Oman,OMN,1902,0.0,,,,,,
Oman,OMN,1903,0.0,,,,,,
Oman,OMN,1904,0.0,,,,,,
Oman,OMN,1905,0.0,,,,,,
Oman,OMN,1906,0.0,,,,,,
Oman,OMN,1907,0.0,,,,,,
Oman,OMN,1908,0.0,,,,,,
Oman,OMN,1909,0.0,,,,,,
Oman,OMN,1910,0.0,,,,,,
Oman,OMN,1911,0.0,,,,,,
Oman,OMN,1912,0.0,,,,,,
Oman,OMN,1913,0.0,,,,,,
Oman,OMN,1914,0.0,,,,,,
Oman,OMN,1915,0.0,,,,,,
Oman,OMN,1916,0.0,,,,,,
Oman,OMN,1917,0.0,,,,,,
Oman,OMN,1918,0.0,,,,,,
Oman,OMN,1919,0.0,,,,,,
Oman,OMN,1920,0.0,,,,,,
Oman,OMN,1921,0.0,,,,,,
Oman,OMN,1922,0.0,,,,,,
Oman,OMN,1923,0.0,,,,,,
Oman,OMN,1924,0.0,,,,,,
Oman,OMN,1925,0.0,,,,,,
Oman,OMN,1926,0.0,,,,,,
Oman,OMN,1927,0.0,,,,,,
Oman,OMN,1928,0.0,,,,,,
Oman,OMN,1929,0.0,,,,,,
Oman,OMN,1930,0.0,,,,,,
Oman,OMN,1931,0.0,,,,,,
Oman,OMN,1932,0.0,,,,,,
Oman,OMN,1933,0.0,,,,,,
Oman,OMN,1934,0.0,,,,,,
Oman,OMN,1935,0.0,,,,,,
Oman,OMN,1936,0.0,,,,,,
Oman,OMN,1937,0.0,,,,,,
Oman,OMN,1938,0.0,,,,,,
Oman,OMN,1939,0.0,,,,,,
Oman,OMN,1940,0.0,,,,,,
Oman,OMN,1941,0.0,,,,,,
Oman,OMN,1942,0.0,,,,,,
Oman,OMN,1943,0.0,,,,,,
Oman,OMN,1944,0.0,,,,,,
Oman,OMN,1945,0.0,,,,,,
Oman,OMN,1946,0.0,,,,,,
Oman,OMN,1947,0.0,,,,,,
Oman,OMN,1948,0.0,,,,,,
Oman,OMN,1949,0.0,,,,,,
Oman,OMN,1950,0.0,,,,,,
Oman,OMN,1951,0.0,,,,,,
Oman,OMN,1952,0.0,,,,,,
Oman,OMN,1953,0.0,,,,,,
Oman,OMN,1954,0.0,,,,,,
Oman,OMN,1955,0.0,,,,,,
Oman,OMN,1956,0.0,,,,,,
Oman,OMN,1957,0.0,,,,,,
Oman,OMN,1958,0.0,,,,,,
Oman,OMN,1959,0.0,,,,,,
Pakistan,PAK,1900,0.0,,,,,,
Pakistan,PAK,1901,0.0,,,,,,
Pakistan,PAK,1902,0.0,,,,,,
Pakistan,PAK,1903,0.0,,,,,,
Pakistan,PAK,1904,0.0,,,,,,
Pakistan,PAK,1905,0.0,,,,,,
Pakistan,PAK,1906,0.0,,,,,,
Pakistan,PAK,1907,0.0,,,,,,
Pakistan,PAK,1908,0.0,,,,,,
Pakistan,PAK,1909,0.0,,,,,,
Pakistan,PAK,1910,0.0,,,,,,
Pakistan,PAK,1911,0.0,,,,,,
Pakistan,PAK,1912,0.0,,,,,,
Pakistan,PAK,1913,0.0,,,,,,
Pakistan,PAK,1914,0.0,,,,,,
Pakistan,PAK,1915,0.0,,,,,,
Pakistan,PAK,1916,0.0,,,,,,
Pakistan,PAK,1917,0.0,,,,,,
Pakistan,PAK,1918,0.0,,,,,,
Pakistan,PAK,1919,0.0,,,,,,
Pakistan,PAK,1920,0.0,,,,,,
Pakistan,PAK,1921,0.0,,,,,,
Pakistan,PAK,1922,0.0,,,,,,
Pakistan,PAK,1923,0.0,,,,,,
Pakistan,PAK,1924,0.0,,,,,,
Pakistan,PAK,1925,0.0,,,,,,
Pakistan,PAK,1926,0.0,,,,,,
Pakistan,PAK,1927,0.0,,,,,,
Pakistan,PAK,1928,0.0,,,,,,
Pakistan,PAK,1929,0.0,,,,,,
Pakistan,PAK,1930,0.0,,,,,,
Pakistan,PAK,1931,0.0,,,,,,
Pakistan,PAK,1932,0.0,,,,,,
Pakistan,PAK,1933,0.0,,,,,,
Pakistan,PAK,1934,0.0,,,,,,
Pakistan,PAK,1935,0.0,,,,,,
Pakistan,PAK,1936,0.0,,,,,,
Pakistan,PAK,1937,0.0,,,,,,
Pakistan,PAK,1938,0.0,,,,,,
Pakistan,PAK,1939,0.0,,,,,,
Pakistan,PAK,1940,0.0,,,,,,
Pakistan,PAK,1941,0.0,,,,,,
Pakistan,PAK,1942,0.0,,,,,,
Pakistan,PAK,1943,0.0,,,,,,
Pakistan,PAK,1944,0.0,,,,,,
Pakistan,PAK,1945,0.0,,,,,,
Pakistan,PAK,1946,0.0,,,,,,
Pakistan,PAK,1947,0.0,,,,,,
Pakistan,PAK,1948,0.0,,,,,,
Pakistan,PAK,1949,0.0,,,,,,
Pakistan,PAK,1950,0.0,,,,,,
Pakistan,PAK,1951,0.0,,,,,,
Pakistan,PAK,1952,0.0,,,,,,
Pakistan,PAK,1953,0.0,,,,,,
Pakistan,PAK,1954,0.0,,,,,,
Pakistan,PAK,1955,0.0,,,,,,
Pakistan,PAK,1956,0.0,,,,,,
Pakistan,PAK,1957,0.0,,,,,,
Pakistan,PAK,1958,0.0,,,,,,
Pakistan,PAK,1959,0.0,,,,,,
Peru,PER,1900,0.0,,,,,,
Peru,PER,1901,0.0,,,,,,
Peru,PER,1902,0.0,,,,,,
Peru,PER,1903,0.0,,,,,,
Peru,PER,1904,0.0,,,,,,
Peru,PER,1905,0.0,,,,,,
Peru,PER,1906,0.0,,,,,,
Peru,PER,1907,0.0,,,,,,
Peru,PER,1908,0.0,,,,,,
Peru,PER,1996,0.0004,0.658,19.38372734375,0.246,67.85,0.246,39.3305222
Peru,PER,1998,0.0005,0.671,20.10788671875,1.19,68.724,1.19,36.4012159
Peru,PER,2000,0.0,0.682,20.77994609375,3.07643061137675,69.821,3.07643061137675,37.4999871
Peru,PER,2002,0.0,0.69,21.31891953125,8.96694917040028,70.815,8.96694917040028,42.9354504
Peru,PER,2003,0.0,0.689,21.5472578125,11.6,71.278,11.6,46.6892997
Peru,PER,2004,0.0,0.694,21.7595234375,14.1,71.447,14.1,39.5523471
Peru,PER,2005,0.0,0.691,21.954046875,17.10000038,71.988,17.10000038,39.7548414
Peru,PER,2006,0.0,0.697,22.12850859375,20.70000076,72.337,20.70000076,42.5729812
Peru,PER,2007,0.0,0.708,22.28960859375,25.20000076,72.746,25.20000076,40.6555776
Peru,PER,2008,0.0,0.714,22.43675078125,30.57,72.743,30.57,41.729516499999995
Peru,PER,2009,0.0,0.717,22.57563359375,31.4,72.631,31.4,40.0655631
Peru,PER,2010,0.0,0.731,22.72345234375,34.77,72.886,34.77,42.5648724
Peru,PER,2011,0.0,0.738,22.8938171875,36.01,73.327,36.01,42.830439399999996
Peru,PER,2012,0.0,0.748,23.0862234375,38.2,73.979,38.2,40.5576794
Peru,PER,2013,0.0,0.757,23.29524921875,39.2,74.591,39.2,39.777601
Peru,PER,2014,0.25999999,0.763,23.5279890625,40.2446560091704,75.26,40.2446560091704,36.082136399999996
Peru,PER,2015,0.600000024,0.768,23.795,40.8526009090468,75.732,40.8526009090468,35.8719159
Peru,PER,2016,1.059999943,0.775,24.1144484375,45.4617406869459,75.951,45.4617406869459,37.5060272
Peru,PER,2017,1.070000052,0.775,24.47237265625,50.4504121848143,75.958,50.4504121848143,35.8478002
Peru,PER,2018,1.5,0.78,24.9199875,55.0543342443197,76.018,55.0543342443197,35.9570721
Peru,PER,2019,1.649999976,0.784,25.35101796875,59.9505036049006,76.275,59.9505036049006,37.9326499
Peru,PER,2020,1.809999943,0.769,25.65513984375,65.25179796,73.832,65.25179796,37.7727478
Peru,PER,2021,1.820000052,0.764,25.9030328125,71.10782643,71.596,71.10782643,37.5375351
Peru,PER,2022,1.929999948,0.79,26.1526859375,74.67495213,76.834,74.67495213,34.8686443
Peru,PER,2023,1.929999948,0.794,26.44188828125,79.48484477,77.74,79.48484477,34.3843372
Philippines,PHL,1996,0.0,0.619,242.1110172049502,0.055900000000000005,66.691,0.055900000000000005,40.672661399999996
Philippines,PHL,1998,0.0,0.624,254.18728913036188,1.1,67.212,1.1,42.5070646
Philippines,PHL,2000,0.0,0.632,267.04697655699766,1.98225319605827,67.789,1.98225319605827,35.295854
Philippines,PHL,2002,0.0,0.643,278.5957306234698,4.33227574643007,67.886,4.33227574643007,33.6622913
Philippines,PHL,2003,0.0,0.648,284.1729047187846,4.85767226708512,68.049,4.85767226708512,34.7917467
Philippines,PHL,2004,0.0,0.655,289.74914981386456,5.2436284521711,68.301,5.2436284521711,34.5330417
Philippines,PHL,2005,0.02,0.656,295.1871818090351,5.397600174,68.423,5.397600174,32.883556999999996
Philippines,PHL,2006,0.050000001,0.654,300.19447295167186,5.74058632534702,68.172,5.74058632534702,34.474468699999996
Philippines,PHL,2007,0.059999999,0.659,305.4471744306939,5.97,68.549,5.97,33.9573259
Philippines,PHL,2008,0.059999999,0.662,310.8934332763189,6.22,68.643,6.22,33.9398088
Philippines,PHL,2009,0.059999999,0.662,316.54509172619646,9.0,68.631,9.0,31.105789599999998
Philippines,PHL,2010,0.059999999,0.669,323.09462722607907,25.0,68.883,25.0,32.024239099999996
Philippines,PHL,2011,0.090000004,0.674,329.5053627125465,29.0,69.096,29.0,36.4075535
Philippines,PHL,2012,0.079999998,0.681,335.96777677164033,30.799999240000002,69.237,30.799999240000002,35.0301353
Philippines,PHL,2013,0.07,0.687,342.3427440721736,32.70000076,69.283,32.70000076,37.771083999999995
Philippines,PHL,2014,0.150000006,0.689,348.0133145521012,34.70000076,69.311,34.70000076,36.0602614
Philippines,PHL,2015,0.75,0.69,353.19781332796725,36.90000153,69.45,36.90000153,35.9037134
Philippines,PHL,2016,0.980000019,0.69,357.96934299225273,39.20000076,69.49,39.20000076,35.44452
Philippines,PHL,2017,1.090000033,0.694,362.6109031760405,41.59999847,69.966,41.59999847,34.9637026
Philippines,PHL,2018,1.149999976,0.7,367.12374484354564,44.09999847,69.761,44.09999847,34.9238369
Philippines,PHL,2019,1.039999962,0.708,371.6157997115739,43.0266118680279,69.68,43.0266118680279,35.4840983
Philippines,PHL,2020,1.029999971,0.699,375.897186168964,53.76490021,70.097,53.76490021,36.9393411
Philippines,PHL,2021,1.279999971,0.69,379.31700036891704,66.90779877,66.675,66.90779877,36.2283633
Philippines,PHL,2022,1.059999943,0.714,382.21262367106016,75.21114422,69.472,75.21114422,36.1659708
Philippines,PHL,2023,1.350000024,0.72,385.32112217862294,77.86699677,69.833,77.86699677,36.3367608
Poland,POL,1996,0.0,0.763,126.10392112050671,1.3,72.24634146341464,1.3,64.9089235
Poland,POL,1998,0.0,0.784,126.23161383003037,4.1,72.99756097560977,4.1,63.039113799999996
Poland,POL,2000,0.0,0.801,124.90982075810507,7.2854287080601,73.74878048780488,7.2854287080601,57.900784099999996
Poland,POL,2002,0.059999999,0.816,124.81753893369029,21.15,74.49756097560977,21.15,54.8222956
Poland,POL,2003,0.119999997,0.822,124.75368991640543,24.87,74.59756097560977,24.87,55.1652297
Poland,POL,2004,0.140000001,0.82,124.6440831782718,32.53,74.84634146341465,32.53,50.134943199999995
Poland,POL,2005,0.140000001,0.826,124.58931544412889,38.81,74.99512195121952,38.81,52.9248542
Poland,POL,2006,0.25999999,0.831,124.51445220684252,44.58,75.1439024390244,44.58,54.4327453
Poland,POL,2007,0.519999981,0.836,124.44685296422043,48.6,75.2439024390244,48.6,54.290006
Poland,POL,2008,0.839999974,0.841,124.47195233431276,53.13,75.54390243902441,53.13,56.5039623
Poland,POL,2009,1.080000043,0.846,124.56446062426538,58.97,75.69512195121952,58.97,59.472272
Poland,POL,2010,1.659999967,0.852,124.20920073135693,62.32,76.24634146341464,62.32,60.791730599999994
Poland,POL,2011,3.200000048,0.858,124.2962969010221,61.94999896898,76.69512195121952,61.94999896898,63.2766725
Poland,POL,2012,4.75,0.863,124.30005878126838,62.3099972714691,76.74634146341464,62.3099972714691,64.3217571
Poland,POL,2013,6.0,0.873,124.22911074099474,62.8492,77.0,62.8492,64.1927659
Poland,POL,2014,7.679999828,0.873,124.14427316372188,66.5987360557248,77.60243902439025,66.5987360557248,63.5183949
Poland,POL,2015,10.85999966,0.879,124.0615696136386,67.9969871556415,77.45121951219512,67.9969871556415,64.77054629999999
Poland,POL,2016,12.59000015,0.884,124.00825304549463,73.3007040962669,77.85121951219514,73.3007040962669,65.4782389
Poland,POL,2017,14.90999985,0.882,124.0237303634998,75.9853659493832,77.75365853658538,75.9853659493832,64.6441157
Poland,POL,2018,12.80000019,0.884,124.03158376065585,77.5417345350006,77.60243902439025,77.5417345350006,63.578876599999994
Poland,POL,2019,15.10999966,0.887,124.02559537421189,80.4359068768673,77.90487804878049,80.4359068768673,62.3529926
Poland,POL,2020,15.80000019,0.88,122.54842060562505,83.18488715,76.4,83.18488715,62.9185856
Poland,POL,2021,16.22999954,0.884,120.81528585429598,85.37490906,75.35121951219514,85.37490906,61.7601929
Poland,POL,2022,19.78000069,0.902,120.29713156261231,86.94113479,77.15609756097562,86.94113479,61.363869699999995
Poland,POL,2023,24.18000031,0.906,119.78761550266105,86.414744,78.25853658536586,86.414744,63.1064958
Portugal,PRT,1996,0.02,0.781,109.98846994535519,2.98,75.26097560975612,2.98,79.76570989999999
Portugal,PRT,1998,0.090000004,0.795,111.04039344262296,9.87,75.71219512195123,9.87,76.0114801
Portugal,PRT,2000,0.170000002,0.797,112.45790163934426,16.4304676923534,76.31463414634148,16.4304676923534,74.2381415
Portugal,PRT,2002,0.360000014,0.804,113.87574863387978,19.37,77.0658536585366,19.37,73.4954918
Portugal,PRT,2003,0.5,0.808,114.30405464480874,29.67,77.21951219512196,29.67,72.6560106
Portugal,PRT,2004,0.819999993,0.809,114.57771584699454,31.78,77.67073170731709,31.78,72.00442749999999
Portugal,PRT,2005,1.769999981,0.81,114.82814037389308,34.99,78.0707317073171,34.99,72.0215134
Portugal,PRT,2006,2.930000067,0.815,115.03539958456325,38.01,78.41951219512195,38.01,65.75097339999999
Portugal,PRT,2007,4.039999962,0.821,115.26144090958785,42.09,78.3219512195122,42.09,66.3175481
Portugal,PRT,2008,5.760000229,0.826,115.42775773477643,44.13,78.52439024390246,44.13,66.6567841
Portugal,PRT,2009,7.579999924,0.831,115.38647232230593,48.27,78.72682926829269,48.27,65.8129975
Portugal,PRT,2010,9.180000305,0.836,115.43945845616334,53.3,79.02682926829269,53.3,62.8593305
Portugal,PRT,2011,9.159999847,0.843,115.2697892783055,55.2499968797194,80.47073170731709,55.2499968797194,63.9158232
Portugal,PRT,2012,10.26000023,0.844,114.80340648542418,60.3399974868057,80.37317073170732,60.3399974868057,64.0154764
Portugal,PRT,2013,12.01000023,0.849,114.15612869138434,62.0956,80.7219512195122,62.0956,62.7587038
Portugal,PRT,2014,12.10999966,0.854,113.54177037211699,64.5924200648949,81.12195121951221,64.5924200648949,61.7003974
Portugal,PRT,2015,11.60000038,0.857,113.07251958395555,68.6328614804299,81.12439024390245,68.6328614804299,62.506571199999996
Portugal,PRT,2016,12.47000027,0.859,112.71638415118726,70.423567088723,81.12439024390245,70.423567088723,62.295247499999995
Portugal,PRT,2017,12.25,0.864,112.44181578418785,73.7912139515729,81.42439024390245,73.7912139515729,64.4362898
Portugal,PRT,2018,12.61999989,0.866,112.26193595151388,74.6609681487507,81.32439024390244,74.6609681487507,64.1101359
Portugal,PRT,2019,13.67000008,0.872,112.28858279406498,75.3463779408712,81.67560975609757,75.3463779408712,63.9897898
Portugal,PRT,2020,12.30000019,0.87,112.40667601107356,78.26166044,81.32926829268293,78.26166044,63.965287499999995
Portugal,PRT,2021,13.21000004,0.876,113.11351052774066,82.30902804,81.3780487804878,82.30902804,64.4289643
Portugal,PRT,2022,13.25,0.883,113.90495777550717,84.49690644,81.6317073170732,84.49690644,63.7659063
Portugal,PRT,2023,13.14999962,0.89,115.47518928973774,85.79012676,82.32926829268294,85.79012676,63.7407846
Qatar,QAT,1996,0.0,0.791,45.565805340223946,0.93,74.558,0.93,48.8154603
Qatar,QAT,1998,0.0,0.796,50.00344530577089,3.52,74.872,3.52,49.1617262
Qatar,QAT,2000,0.0,0.795,55.55460809646856,4.86367917875156,75.25,4.86367917875156,57.0864185
Qatar,QAT,2002,0.0,0.798,61.25796726959518,10.2261289281118,75.766,10.2261289281118,59.9131043
Qatar,QAT,2003,0.0,0.804,64.14142980189492,19.242336421002,76.097,19.242336421002,59.897198499999995
Qatar,QAT,2004,0.0,0.807,66.60913006029286,20.701647851169,76.484,20.701647851169,59.0748032
Qatar,QAT,2005,0.0,0.815,71.09457364341085,24.73349953,76.909,24.73349953,61.3422275
Qatar,QAT,2006,0.0,0.822,83.79250645994831,28.97410011,77.323,28.97410011,64.5775453
Qatar,QAT,2007,0.0,0.831,104.09948320413437,37.0,77.741,37.0,66.27460769999999
Qatar,QAT,2008,0.0,0.839,122.90594315245478,44.29999924,78.262,44.29999924,70.03339989999999
Qatar,QAT,2009,0.0,0.838,138.57906976744187,53.09999847,78.837,53.09999847,75.6555671
Qatar,QAT,2010,0.0,0.834,139.26201550387597,69.0,79.444,69.0,75.0734186
Qatar,QAT,2011,0.0,0.835,139.94496124031008,69.0,79.994,69.0,71.142298
Qatar,QAT,2012,0.0,0.846,148.35813953488372,69.3,80.499,69.3,71.2513311
Qatar,QAT,2013,0.0,0.859,165.0668389319552,85.3,80.974,85.3,71.6710636
Qatar,QAT,2014,0.0,0.857,187.2711053089643,91.48999786,81.395,91.48999786,65.2983524
Qatar,QAT,2015,0.0,0.86,204.05195822454309,92.8848264535481,81.785,92.8848264535481,64.9592622
Qatar,QAT,2016,0.0,0.861,215.58859878154917,95.1246621661148,82.147,95.1246621661148,65.2654539
Qatar,QAT,2017,0.0,0.87,221.56832027850305,97.3888491654164,82.458,97.3888491654164,62.9507858
Qatar,QAT,2018,0.0,0.876,224.60696257615317,99.6528491261175,82.714,99.6528491261175,63.023305199999996
Qatar,QAT,2019,0.0,0.88,229.64812880765882,99.6528042086389,82.945,99.6528042086389,65.6191706
Qatar,QAT,2020,0.0,0.872,243.18085291557875,99.65284913,80.409,99.65284913,65.55972729999999
Qatar,QAT,2021,0.0,0.866,218.00783289817232,99.65280151,81.083,99.65280151,64.846446
Qatar,QAT,2022,0.0,0.883,231.27354221061793,98.03800201,81.857,98.03800201,64.4481756
Qatar,QAT,2023,0.0,0.886,231.16031331592689,98.15229797,82.368,98.15229797,63.557681699999996
Romania,ROU,1996,0.0,0.707,98.54916347159289,0.22200000000000003,69.10487804878049,0.22200000000000003,42.651637799999996
Romania,ROU,1998,0.0,0.715,98.0327714621717,2.24,69.80731707317075,2.24,39.0687303
Romania,ROU,2000,0.0,0.73,97.70132340777502,3.61371729139783,71.16341463414635,3.61371729139783,36.6936858
Romania,ROU,2002,0.0,0.745,94.53384956714665,6.58,71.00975609756098,6.58,36.3989488
Romania,ROU,2003,0.0,0.749,93.82181343770385,8.9,71.30975609756098,8.9,36.6600019
Romania,ROU,2004,0.0,0.757,93.26846956521739,15.0,71.5609756097561,15.0,41.2116894
Romania,ROU,2005,0.0,0.765,92.70234368205931,21.5,71.91219512195123,21.5,40.6939494
Romania,ROU,2006,0.0,0.781,92.15479606922341,24.66,72.16341463414635,24.66,42.6949648
Romania,ROU,2007,0.0,0.792,90.83901866109879,28.3,72.56585365853658,28.3,41.067363199999996
Romania,ROU,2008,0.0,0.815,89.33394954327969,32.42,72.56585365853658,32.42,41.9004663
Romania,ROU,2009,0.01,0.826,88.53119620968442,36.6,73.30975609756098,36.6,41.2832979
Romania,ROU,2010,0.310000002,0.822,88.01074114322974,39.93,73.45853658536586,39.93,41.932541099999995
Romania,ROU,2011,1.389999986,0.823,87.53324933744624,40.0099967810008,74.40975609756099,40.0099967810008,44.2529213
Romania,ROU,2012,2.640000105,0.817,87.20126510738197,45.8799942529424,74.41219512195123,45.8799942529424,40.5936121
Romania,ROU,2013,4.519999981,0.821,86.87429030995958,49.7645,75.06341463414634,49.7645,42.145986
Romania,ROU,2014,6.199999809,0.82,86.53068063282336,54.0783206550943,74.90975609756099,54.0783206550943,43.1852229
Romania,ROU,2015,7.059999943,0.823,86.12489568845619,55.7631556336233,74.91219512195123,55.7631556336233,45.870394
Romania,ROU,2016,6.590000153,0.823,85.63224530598053,59.5039512852713,75.20975609756098,59.5039512852713,46.440648599999996
Romania,ROU,2017,7.409999847,0.828,85.1387126216968,63.7472821822484,75.20975609756098,63.7472821822484,46.863227099999996
Romania,ROU,2018,6.320000172,0.833,84.63999478442281,70.6812779273268,75.35853658536587,70.6812779273268,44.434919
Romania,ROU,2019,6.769999981,0.838,84.19527121001391,73.6574757545465,75.60731707317073,73.6574757545465,45.4274242
Romania,ROU,2020,6.949999809,0.832,83.73283205841446,78.45526895,74.25365853658539,78.45526895,46.8483759
Romania,ROU,2021,6.579999924,0.829,83.11047896383866,83.5904265,72.80975609756098,83.5904265,48.0492494
Romania,ROU,2022,7.0,0.84,82.7907771210014,85.50309124,75.15365853658537,85.50309124,49.195118699999995
Romania,ROU,2023,7.550000191,0.845,82.84536682892907,89.20335498,76.40487804878049,89.20335498,48.4922799
Russia,RUS,1996,0.0,0.723,9.046311567496806,0.27,65.85414634146342,0.27,28.2117784
Russia,RUS,1998,0.0,0.738,9.01459493446796,0.8130000000000001,67.02975609756098,0.8130000000000001,29.309738
Russia,RUS,2000,0.0,0.75,8.949015709337576,1.97723010897647,65.48365853658537,1.97723010897647,25.8902546
Russia,RUS,2002,0.01,0.764,8.870461463139478,4.12827181796644,65.12878048780489,4.12827181796644,25.4065487
Russia,RUS,2003,0.01,0.772,8.830278652437157,8.29886061553908,65.02756097560976,8.29886061553908,27.581623
Russia,RUS,2004,0.01,0.777,8.794658032394393,12.8593889008473,65.4709756097561,12.8593889008473,29.8077242
Russia,RUS,2005,0.01,0.78,8.76108889416588,15.22669983,65.52975609756099,15.22669983,29.4265255
Russia,RUS,2006,0.01,0.791,8.734394183812906,18.02330017,66.72756097560976,18.02330017,28.0761035
Russia,RUS,2007,0.01,0.802,8.71946397976766,24.66,67.58682926829269,24.66,25.975392499999998
Russia,RUS,2008,0.01,0.807,8.716095688614491,32.0,67.94926829268293,32.0,24.775530999999997
Russia,RUS,2009,0.0,0.805,8.718720243856122,42.55,68.68463414634147,42.55,24.3372451
Russia,RUS,2010,0.0,0.808,8.722635521928183,49.0,68.84121951219514,49.0,26.0840733
Russia,RUS,2011,0.01,0.822,8.732938284299747,58.0,69.6839024390244,58.0,28.7356293
Russia,RUS,2012,0.01,0.825,8.754935894343669,66.0,70.07219512195124,66.0,26.218655299999998
Russia,RUS,2013,0.0,0.83,8.78102091547408,67.97,70.57878048780488,67.97,27.5690854
Russia,RUS,2014,0.100000001,0.831,8.807374241842306,70.5175682574413,70.74365853658537,70.5175682574413,29.887856399999997
Russia,RUS,2015,0.150000006,0.833,8.832012222115704,70.0992412263947,71.18341463414635,70.0992412263947,29.3654771
Russia,RUS,2016,0.150000006,0.835,8.854894738738233,73.091434617897,71.65121951219513,73.091434617897,31.1261242
Russia,RUS,2017,0.140000001,0.838,8.871857687091612,76.0081385339105,72.45146341463416,76.0081385339105,29.365487199999997
Russia,RUS,2018,0.239999995,0.845,8.878259765144378,80.8647218726954,72.66219512195121,80.8647218726954,29.8654369
Russia,RUS,2019,0.310000002,0.847,8.881629456666628,82.6421618670668,73.0839024390244,82.6421618670668,32.276701599999996
Russia,RUS,2020,1.139999986,0.818,8.868919885179524,84.99466978,71.3387804878049,84.99466978,32.1746559
Russia,RUS,2021,2.579999924,0.813,8.83848757424343,88.21384578,69.90024390243903,88.21384578,32.0898257
Russia,RUS,2022,4.199999809,0.826,8.807356533940856,90.41799163,72.54560975609758,90.41799163,32.2120461
Russia,RUS,2023,4.75,0.832,8.782272192427492,92.24496346,73.25463414634149,92.24496346,29.885718899999997
Rwanda,RWA,1996,0.0,0.297,271.9401702472639,0.000883,42.486,0.000883,31.5931835
Rwanda,RWA,1998,0.0,0.304,327.59144710174303,0.0118,43.099,0.0118,31.5370031
Rwanda,RWA,2000,0.0,0.34,332.9522091609242,0.0628314595107164,47.798,0.0628314595107164,32.701535
Rwanda,RWA,2002,0.0,0.385,340.50182407782734,0.292784718792575,51.262,0.292784718792575,33.3704448
Rwanda,RWA,2003,0.0,0.398,348.0695176327523,0.356918467272361,53.529,0.356918467272361,33.330777499999996
Rwanda,RWA,2004,0.0,0.417,357.39132549655454,0.43085424337006,55.52,0.43085424337006,40.6014416
Rwanda,RWA,2005,0.0,0.433,367.0258613700851,0.555999994,56.968,0.555999994,40.5728362
Rwanda,RWA,2006,0.0,0.452,376.94552087555735,,58.342,,43.3195659
Rwanda,RWA,2007,0.0,0.467,387.10713417105796,2.115400076,59.504,2.115400076,45.2424854
Rwanda,RWA,2008,0.0,0.479,397.4166599108229,4.5,60.641,4.5,48.784092
Rwanda,RWA,2009,0.0,0.493,407.80024321037695,7.7,61.813,7.7,48.5136246
Rwanda,RWA,2010,0.0,0.504,418.22265910012163,8.0,62.804,8.0,53.4785148
Rwanda,RWA,2011,0.0,0.512,428.6069314957438,7.0,63.476,7.0,53.8047476
Rwanda,RWA,2012,0.0,0.521,438.9907174706121,8.023900032,64.189,8.023900032,56.5006427
Rwanda,RWA,2013,0.0,0.499,449.66923388731254,9.0,64.651,9.0,56.514103299999995
Rwanda,RWA,2014,0.0,0.525,460.6711390352655,10.60000038,65.088,10.60000038,57.7655423
Rwanda,RWA,2015,0.0,0.525,471.8290231049858,12.45600033,65.419,12.45600033,57.9772566
Rwanda,RWA,2016,0.0,0.534,483.14483177948927,14.63710022,65.733,14.63710022,59.610161399999996
Rwanda,RWA,2017,0.0,0.539,494.61126874746657,17.2,66.14,17.2,58.1008838
Rwanda,RWA,2018,0.0,0.54,506.20170247263883,19.16659927,66.354,19.16659927,56.684354899999995
Rwanda,RWA,2019,0.0,0.55,517.8801378192136,21.3579998,66.691,21.3579998,57.0042683
Rwanda,RWA,2020,0.0,0.555,529.6245237130117,23.8,66.953,23.8,58.2481571
Rwanda,RWA,2021,0.0,0.562,541.3563032022699,24.4416008,66.85,24.4416008,57.3582117
Rwanda,RWA,2022,0.0,0.57,553.345358735306,28.01679993,67.528,28.01679993,58.541434699999996
Rwanda,RWA,2023,0.0,0.578,565.645358735306,28.80579948,67.785,28.80579948,61.636284399999994
Saint Kitts and Nevis,KNA,2004,0.0,,178.1346153846154,24.7376775443732,70.92,24.7376775443732,50.9040082
Saint Kitts and Nevis,KNA,2005,0.0,0.758,178.60384615384615,34.0,71.151,34.0,69.0057717
Saint Kitts and Nevis,KNA,2006,0.0,0.765,179.11153846153846,38.5,71.356,38.5,69.134022
Saint Kitts and Nevis,KNA,2007,0.0,0.769,179.63846153846154,43.5,71.437,43.5,69.0421558
Saint Kitts and Nevis,KNA,2008,0.0,0.776,180.1346153846154,49.20000076,71.479,49.20000076,69.0665752
Saint Kitts and Nevis,KNA,2009,0.0,0.783,180.44615384615383,55.70000076,71.488,55.70000076,69.0657149
Saint Kitts and Nevis,KNA,2010,0.0,0.791,180.1769230769231,63.0,71.452,63.0,74.81422979999999
Saint Kitts and Nevis,KNA,2011,0.0,0.8,180.33076923076922,63.20000076,71.4,63.20000076,74.7665367
Saint Kitts and Nevis,KNA,2012,0.01,0.808,180.89615384615385,64.0,71.362,64.0,74.6674341
Saint Kitts and Nevis,KNA,2013,0.01,0.818,181.0346153846154,64.59999847,71.29,64.59999847,74.674964
Saint Kitts and Nevis,KNA,2014,0.01,0.829,181.11153846153846,65.38179779,71.228,65.38179779,46.165396099999995
Saint Kitts and Nevis,KNA,2015,0.01,0.83,181.10384615384615,66.17310333,71.211,66.17310333,56.5413201
Saint Kitts and Nevis,KNA,2016,0.01,0.832,181.05769230769232,66.97389984,71.227,66.97389984,56.567709
Saint Kitts and Nevis,KNA,2017,0.0,0.834,180.96153846153845,67.78440094,71.284,67.78440094,57.2880465
Saint Kitts and Nevis,KNA,2018,0.01,0.835,180.8,68.60479736,71.336,68.60479736,56.0161595
Saint Kitts and Nevis,KNA,2019,0.01,0.839,180.58461538461538,69.43499756,71.54,69.43499756,54.4171735
Saint Kitts and Nevis,KNA,2020,0.01,0.828,180.26923076923077,70.27529907,71.181,70.27529907,54.4282901
Saint Kitts and Nevis,KNA,2021,0.01,0.818,179.8576923076923,74.37159729,69.271,74.37159729,54.9805156
Saint Kitts and Nevis,KNA,2022,0.01,0.829,179.65,75.76229858,70.313,75.76229858,54.1495055
Saint Kitts and Nevis,KNA,2023,0.01,0.84,179.83846153846153,76.58950043,72.145,76.58950043,54.9794388
Saint Lucia,LCA,2004,0.0,0.726,269.24426229508197,21.395212362765,72.453,21.395212362765,52.089431399999995
Saint Lucia,LCA,2005,0.0,0.73,271.2295081967213,21.5675829464215,72.544,21.5675829464215,70.7809644
Saint Lucia,LCA,2006,0.0,0.741,273.17868852459014,24.5,72.794,24.5,70.8773647
Saint Lucia,LCA,2007,0.0,0.74,275.01311475409835,27.89999962,72.86,27.89999962,70.80831069999999
Saint Lucia,LCA,2008,0.0,0.749,276.7344262295082,30.0,72.963,30.0,70.82666569999999
Saint Lucia,LCA,2009,0.0,0.751,278.4737704918033,31.0,72.946,31.0,70.82602
Saint Lucia,LCA,2010,0.0,0.749,280.1737704918033,32.5,72.768,32.5,75.2149757
Saint Lucia,LCA,2011,0.0,0.755,281.64098360655737,34.0,72.962,34.0,75.18154679999999
Saint Lucia,LCA,2012,0.0,0.748,282.9295081967213,45.865,72.86,45.865,71.5293647
Saint Lucia,LCA,2013,0.0,0.741,284.21147540983605,49.3871994,72.687,49.3871994,71.53374699999999
Saint Lucia,LCA,2014,0.0,0.746,285.472131147541,53.17969894,72.676,53.17969894,54.942425099999994
Saint Lucia,LCA,2015,0.0,0.757,286.7295081967213,57.26330185,72.932,57.26330185,59.3978986
Saint Lucia,LCA,2016,0.0,0.76,287.94426229508196,58.22259903,72.552,58.22259903,59.418217
Saint Lucia,LCA,2017,0.0,0.757,289.0852459016393,59.16009903,72.522,59.16009903,58.010681399999996
Saint Lucia,LCA,2018,0.0,0.759,290.1918032786885,60.11259842,72.655,60.11259842,57.035389599999995
Saint Lucia,LCA,2019,0.0,0.745,291.24754098360654,61.08050156,72.249,61.08050156,57.4607533
Saint Lucia,LCA,2020,0.0,0.734,292.21311475409834,62.06399918,72.308,62.06399918,55.5130096
Saint Lucia,LCA,2021,0.0,0.724,292.65901639344264,63.06330109,69.119,63.06330109,55.3468671
Saint Lucia,LCA,2022,0.0,0.747,293.08360655737704,66.95159912,72.67,66.95159912,55.3718836
Saint Lucia,LCA,2023,0.0,0.748,293.90983606557376,67.44390106,72.697,67.44390106,55.4898088
Saint Vincent and the Grenadines,VCT,2004,0.0,0.719,289.3205128205128,7.37116584201749,70.445,7.37116584201749,52.089431399999995
Saint Vincent and the Grenadines,VCT,2005,0.0,0.724,288.3333333333333,9.19827808234299,70.454,9.19827808234299,67.5568077
Saint Vincent and the Grenadines,VCT,2006,0.0,0.731,287.2153846153846,12.0,70.434,12.0,67.65320799999999
Saint Vincent and the Grenadines,VCT,2007,0.0,0.737,285.9769230769231,16.0,70.446,16.0,67.5841561
Saint Vincent and the Grenadines,VCT,2008,0.0,0.741,284.6871794871795,21.0,70.611,21.0,67.6025111
Saint Vincent and the Grenadines,VCT,2009,0.0,0.745,283.3538461538462,31.0,70.712,31.0,67.60186329999999
Saint Vincent and the Grenadines,VCT,2010,0.0,0.746,281.94615384615383,33.70000076,70.66,33.70000076,71.3318215
Saint Vincent and the Grenadines,VCT,2011,0.0,0.749,280.3820512820513,36.70000076,70.609,36.70000076,71.2983946
Saint Vincent and the Grenadines,VCT,2012,0.0,0.753,278.8102564102564,40.0,70.539,40.0,71.2289318
Saint Vincent and the Grenadines,VCT,2013,0.0,0.755,277.2692307692308,43.5,70.091,43.5,71.2342108
Saint Vincent and the Grenadines,VCT,2014,0.0,0.759,275.7307692307692,47.4,70.355,47.4,60.1053159
Saint Vincent and the Grenadines,VCT,2015,0.0,0.765,274.2564102564103,49.40000153,70.463,49.40000153,61.5503145
Saint Vincent and the Grenadines,VCT,2016,0.0,0.771,272.6897435897436,51.5,70.7,51.5,61.572725899999995
Saint Vincent and the Grenadines,VCT,2017,0.0,0.778,270.9307692307692,53.70000076,71.013,53.70000076,62.0619375
Saint Vincent and the Grenadines,VCT,2018,0.0,0.783,269.04102564102567,56.0,71.017,56.0,63.09947
Saint Vincent and the Grenadines,VCT,2019,0.0,0.787,267.0948717948718,59.57630157,70.994,59.57630157,63.242581699999995
Saint Vincent and the Grenadines,VCT,2020,0.0,0.781,265.4512820512821,63.38100052,69.605,63.38100052,63.2520223
Saint Vincent and the Grenadines,VCT,2021,0.0,0.781,263.6948717948718,68.83339691,69.132,68.83339691,62.8358281
Saint Vincent and the Grenadines,VCT,2022,0.0,0.794,261.65641025641025,74.75479889,71.191,74.75479889,62.5172101
Saint Vincent and the Grenadines,VCT,2023,0.0,0.798,259.8025641025641,75.53679657,71.23,75.53679657,62.251770699999994
Samoa,WSM,1996,0.0,0.663,62.21590106007067,,69.767,,47.015135699999995
Samoa,WSM,1998,0.0,0.669,63.21731448763251,0.23,70.308,0.23,46.9246966
Samoa,WSM,2000,0.0,0.676,64.19964664310955,0.566392532680849,70.791,0.566392532680849,46.6602713
Samoa,WSM,2002,0.0,0.682,65.18409893992933,2.24483267578443,71.233,2.24483267578443,46.473077599999996
Samoa,WSM,2003,0.0,0.687,65.52296819787986,2.79963044878076,71.441,2.79963044878076,46.409221599999995
Samoa,WSM,2004,0.0,0.691,65.81236749116607,3.07552941044897,71.508,3.07552941044897,44.4472744
Samoa,WSM,2005,0.0,0.694,66.06996466431096,3.35259211246829,71.487,3.35259211246829,53.3586606
Samoa,WSM,2006,0.0,0.697,66.32826855123675,4.46917387320954,71.62,4.46917387320954,53.472428199999996
Samoa,WSM,2007,0.0,0.701,66.69717314487633,4.75,71.605,4.75,53.3909357
Samoa,WSM,2008,0.0,0.702,67.1756183745583,5.031599998,71.531,5.031599998,53.412596199999996
Samoa,WSM,2009,0.0,0.694,67.67243816254417,6.0,69.486,6.0,52.041039999999995
Samoa,WSM,2010,0.0,0.708,68.2060070671378,7.0,71.451,7.0,51.568993199999994
Samoa,WSM,2011,0.0,0.711,68.80318021201414,11.0,71.393,11.0,51.5417036
Samoa,WSM,2012,0.0,0.707,69.4339222614841,12.92249966,71.159,12.92249966,51.4849969
Samoa,WSM,2013,0.0,0.706,70.05936395759717,15.30000019,71.229,15.30000019,51.489306299999996
Samoa,WSM,2014,0.0,0.706,70.68445229681979,21.20000076,71.142,21.20000076,51.4387632
Samoa,WSM,2015,0.0,0.708,71.30106007067138,,71.06,,51.4838087
Samoa,WSM,2016,0.0,0.712,71.90777385159011,,71.003,,51.6752329
Samoa,WSM,2017,0.0,0.712,73.89028776978417,,70.991,,60.3195159
Samoa,WSM,2018,0.0,0.711,74.66978417266186,,71.052,,60.372536499999995
Samoa,WSM,2019,0.0,0.708,75.46043165467626,,70.269,,60.4455822
Samoa,WSM,2020,0.0,0.708,76.2388489208633,,70.727,,64.2689611
Samoa,WSM,2021,0.0,0.706,76.89892086330936,,71.096,,63.375096899999996
Samoa,WSM,2022,0.0,0.703,77.43201438848921,,71.55,,63.3630998
Samoa,WSM,2023,0.0,0.708,77.9363309352518,,71.698,,64.4299764
Sao Tome and Principe,STP,1996,0.0,,142.66875,,60.576,,54.778762199999996
Sao Tome and Principe,STP,1998,0.0,,146.615625,0.296,60.785,0.296,54.7225818
Sao Tome and Principe,STP,2000,0.0,,150.01875,4.6385168164075,61.207,4.6385168164075,52.2329398
Sao Tome and Principe,STP,2002,0.0,,156.16875,7.580665168911,61.826,7.580665168911,52.116656299999995
Sao Tome and Principe,STP,2003,0.0,,160.22291666666666,10.1618443069961,62.158,10.1618443069961,46.191957099999996
Sao Tome and Principe,STP,2004,0.0,,164.27604166666666,13.3228526892178,62.56,13.3228526892178,41.3199493
Sao Tome and Principe,STP,2005,0.0,0.535,168.37395833333332,13.75949955,62.434,13.75949955,39.4106948
Sao Tome and Principe,STP,2006,0.0,0.546,172.53958333333333,14.18200016,63.041,14.18200016,38.5604472
Sao Tome and Principe,STP,2007,0.0,0.552,176.77083333333334,14.5904831987414,63.336,14.5904831987414,40.2412475
Sao Tome and Principe,STP,2008,0.0,0.557,181.034375,15.47999954,63.448,15.47999954,41.9584239
Sao Tome and Principe,STP,2009,0.0,0.561,185.26354166666667,16.40999985,63.669,16.40999985,42.9845118
Sao Tome and Principe,STP,2010,0.0,0.564,189.37708333333333,18.75,63.867,18.75,43.3007474
Sao Tome and Principe,STP,2011,0.0,0.569,193.384375,20.16119957,64.122,20.16119957,44.656227799999996
Sao Tome and Principe,STP,2012,0.0,0.574,197.33229166666666,21.57239914,64.505,21.57239914,44.632225399999996
Sao Tome and Principe,STP,2013,0.0,0.585,201.19583333333333,23.0,64.93,23.0,43.9328763
Sao Tome and Principe,STP,2014,0.0,0.596,204.965625,24.40999985,65.478,24.40999985,46.221550199999996
Sao Tome and Principe,STP,2015,0.0,0.608,208.63645833333334,25.81999969,66.023,25.81999969,46.2401805
Sao Tome and Principe,STP,2016,0.0,0.613,212.17604166666666,28.0,66.563,28.0,45.4882966
Sao Tome and Principe,STP,2017,0.0,0.617,215.59375,32.61640167,67.074,32.61640167,49.8006138
Sao Tome and Principe,STP,2018,0.0,0.621,218.94479166666667,37.99380112,67.602,37.99380112,51.0235871
Sao Tome and Principe,STP,2019,0.0,0.625,222.28333333333333,44.25790024,68.043,44.25790024,51.416874
Sao Tome and Principe,STP,2020,0.0,0.628,226.49479166666666,51.55469894,67.979,51.55469894,49.661432999999995
Sao Tome and Principe,STP,2021,0.0,0.631,231.209375,54.94950104,68.026,54.94950104,51.1349216
Sao Tome and Principe,STP,2022,0.0,0.636,235.734375,58.56779861,69.237,58.56779861,50.7868765
Sao Tome and Principe,STP,2023,0.0,0.637,240.490625,58.70130157,69.718,58.70130157,50.3213678
Saudi Arabia,SAU,1996,0.0,0.711,6.4339551284138645,0.026699999999999998,71.288,0.026699999999999998,40.1271683
Saudi Arabia,SAU,1998,0.0,0.725,6.941552037735674,0.101,71.957,0.101,40.101544499999996
Saudi Arabia,SAU,2000,0.0,0.737,7.525606947978546,2.21069180908888,72.607,2.21069180908888,40.0266285
Saudi Arabia,SAU,2002,0.0,0.75,8.331857151496262,6.38470501955932,73.296,6.38470501955932,47.0530542
Saudi Arabia,SAU,2003,0.0,0.762,8.739291246644864,8.00158289090878,73.657,8.00158289090878,42.317616
Saudi Arabia,SAU,2004,0.0,0.773,9.149914638854904,10.2345329969583,74.027,10.2345329969583,38.176088799999995
Saudi Arabia,SAU,2005,0.0,0.782,9.564118547325428,12.7050359882849,74.4,12.7050359882849,39.7139758
Saudi Arabia,SAU,2006,0.0,0.785,9.9824365373612,19.4595543513634,74.762,19.4595543513634,41.254364699999996
Saudi Arabia,SAU,2007,0.0,0.786,10.405366820332233,30.0,75.066,30.0,41.337441999999996
Saudi Arabia,SAU,2008,0.0,0.792,10.833132684247497,36.0,75.301,36.0,43.7758465
Saudi Arabia,SAU,2009,0.0,0.794,11.26564946573692,38.0,75.447,38.0,42.558631999999996
Saudi Arabia,SAU,2010,0.0,0.801,11.154392958984785,41.0,75.616,41.0,45.3921533
Saudi Arabia,SAU,2011,0.0,0.811,11.672318799454805,47.5,75.808,47.5,43.539360599999995
Saudi Arabia,SAU,2012,0.0,0.819,12.173318478478292,54.0,76.09,54.0,43.9064712
Saudi Arabia,SAU,2013,0.0,0.827,12.850226776884108,60.5,76.517,60.5,44.260584699999995
Saudi Arabia,SAU,2014,0.0,0.841,13.169002507338268,64.713657369019,77.116,64.713657369019,42.7766758
Saudi Arabia,SAU,2015,0.0,0.851,13.870084523815061,69.6162358014004,77.776,69.6162358014004,45.000931
Saudi Arabia,SAU,2016,0.0,0.86,14.399377584675,74.8792746891625,78.354,74.8792746891625,50.2916026
Saudi Arabia,SAU,2017,0.0,0.869,14.410149835557686,94.1755996113911,78.721,94.1755996113911,50.0814185
Saudi Arabia,SAU,2018,0.0,0.875,14.046807214063422,93.3100018480347,78.75,93.3100018480347,51.0050357
Saudi Arabia,SAU,2019,0.01,0.878,13.985178793221348,95.7247355953812,78.313,95.7247355953812,52.166833
Saudi Arabia,SAU,2020,0.01,0.875,14.677702366387711,97.8623325,77.596,97.8623325,54.3630881
Saudi Arabia,SAU,2021,0.01,0.878,14.32038247375203,100.0,77.089,100.0,52.642418
Saudi Arabia,SAU,2022,0.790000021,0.893,14.967378552256372,100.0,77.31,100.0,53.4564616
Saudi Arabia,SAU,2023,1.590000033,0.9,15.677949378747634,100.0,78.732,100.0,57.5090881
Senegal,SEN,1996,0.0,0.385,47.09403209889368,0.0112,57.129,0.0112,47.0178947
Senegal,SEN,1998,0.0,0.389,49.35829221420038,0.0799,57.076,0.0799,50.9920751
Senegal,SEN,2000,0.0,0.398,51.77509998441801,0.403967485868965,57.615,0.403967485868965,50.9171591
Senegal,SEN,2002,0.0,0.409,54.36147093959383,1.00645453672323,58.912,1.00645453672323,55.2142628
Senegal,SEN,2003,0.0,0.416,55.685742481691165,2.10143642986685,59.474,2.10143642986685,44.522062899999995
Senegal,SEN,2004,0.0,0.423,57.00775982963694,4.38602398008563,60.308,4.38602398008563,44.7384833
Senegal,SEN,2005,0.0,0.43,58.356993715265155,4.78668408310535,60.98,4.78668408310535,44.1257842
Senegal,SEN,2006,0.0,0.438,59.73143925621981,5.61173865217952,61.801,5.61173865217952,41.9074355
Senegal,SEN,2007,0.0,0.45,61.13511660520438,6.889999866,62.653,6.889999866,40.441169099999996
Senegal,SEN,2008,0.0,0.462,62.58224172856178,7.1199998860000004,63.201,7.1199998860000004,40.303826199999996
Senegal,SEN,2009,0.0,0.47,64.08034592011634,7.5,63.751,7.5,38.855872399999996
Senegal,SEN,2010,0.0,0.477,65.62828130680933,8.0,64.221,8.0,36.523260199999996
Senegal,SEN,2011,0.0,0.491,67.30845582506622,9.800000191,64.799,9.800000191,40.3257276
Senegal,SEN,2012,0.0,0.499,69.13465433958343,10.80000019,65.229,10.80000019,42.573805
Senegal,SEN,2013,0.0,0.504,71.21409131044513,13.10000038,65.638,13.10000038,43.3654595
Senegal,SEN,2014,0.0,0.508,73.50595751311484,17.70000076,66.001,17.70000076,48.5756285
Senegal,SEN,2015,0.0,0.509,75.79769905988677,21.70000076,66.451,21.70000076,49.4870866
Senegal,SEN,2016,0.0,0.516,78.08923804082481,25.66480064,66.724,25.66480064,48.492957999999994
Senegal,SEN,2017,0.0,0.517,80.37709447878252,29.64310074,67.059,29.64310074,47.4956779
Senegal,SEN,2018,0.0,0.522,82.65983483093544,35.29999924,67.379,35.29999924,48.4035977
Senegal,SEN,2019,0.02,0.52,84.93700721965408,43.37969971,67.668,43.37969971,47.8481741
Senegal,SEN,2020,0.219999999,0.522,87.20313197943177,53.30879974,67.496,53.30879974,47.5398955
Senegal,SEN,2021,0.400000006,0.522,89.44510985300992,55.04040146,66.868,55.04040146,48.585378899999995
Senegal,SEN,2022,0.400000006,0.526,91.67975380460189,56.82830048,67.788,56.82830048,48.1977676
Senegal,SEN,2023,0.379999995,0.53,93.89483716823352,59.18740082,68.683,59.18740082,48.626185799999995
Serbia,SRB,1996,0.0,0.692,,,72.79485365853658,,26.9010298
Serbia,SRB,1998,0.0,0.699,,,72.1948780487805,,21.7349772
Serbia,SRB,2000,0.0,0.701,,,71.5829268292683,,24.169586499999998
Serbia,SRB,2002,0.0,0.711,,,72.28536585365855,,24.2699784
Serbia,SRB,2003,0.0,0.72,,,72.43658536585367,,32.6817934
Serbia,SRB,2004,0.0,0.732,,23.5,72.6829268292683,23.5,35.5097585
Serbia,SRB,2005,0.0,0.743,,26.299999240000002,72.83414634146342,26.299999240000002,35.208732399999995
Serbia,SRB,2006,0.0,0.753,84.742385090327,27.2,73.38536585365854,27.2,43.0646116
Serbia,SRB,2007,0.0,0.763,84.39948547907615,33.15,73.63170731707318,33.15,41.5610745
Serbia,SRB,2008,0.0,0.773,84.04095586553854,35.6,73.88536585365853,35.6,41.5602972
Serbia,SRB,2009,0.0,0.774,83.70463068831465,38.1,73.98536585365855,38.1,41.0930599
Serbia,SRB,2010,0.0,0.775,83.36880859821633,40.9,74.33658536585367,40.9,40.4481707
Serbia,SRB,2011,0.0,0.785,82.74089869654699,42.2,74.53658536585367,42.2,41.131203
Serbia,SRB,2012,0.0,0.788,82.3404642122113,48.09999847,74.83658536585368,48.09999847,39.9058554
Serbia,SRB,2013,0.0,0.792,81.94092156414361,53.450364175,75.18536585365854,53.450364175,40.3926016
Serbia,SRB,2014,0.0,0.795,81.5434141321747,62.0750804639377,75.33658536585367,62.0750804639377,43.384344899999995
Serbia,SRB,2015,0.0,0.802,81.12717813857763,65.3170254003801,75.28780487804879,65.3170254003801,41.2991308
Serbia,SRB,2016,0.029999999,0.806,80.70343013949234,67.0568413716938,75.68780487804878,67.0568413716938,40.7552813
Serbia,SRB,2017,0.050000001,0.808,80.275074319689,70.3308355269141,75.53902439024391,70.3308355269141,39.5919173
Serbia,SRB,2018,0.150000006,0.814,79.8376857992225,73.360709154564,75.89024390243902,73.360709154564,40.0223211
Serbia,SRB,2019,0.899999976,0.817,79.4104161902584,77.4167736219802,75.93658536585367,77.4167736219802,40.495920399999996
Serbia,SRB,2020,0.980000019,0.809,82.04454750862172,78.36804864,74.47804878048781,78.36804864,40.4013317
Serbia,SRB,2021,1.080000043,0.807,81.27394458318469,81.16588116,72.78048780487805,81.16588116,38.325359999999996
Serbia,SRB,2022,0.949999988,0.826,79.25376382447378,83.53825397,75.23658536585367,83.53825397,38.039608199999996
Serbia,SRB,2023,1.070000052,0.833,78.76302770840766,85.35746686,76.14146341463415,85.35746686,37.699811499999996
Seychelles,SYC,1996,0.0,,166.12391304347827,0.651,71.5609756097561,0.651,60.810866999999995
Seychelles,SYC,1998,0.0,,171.40434782608696,2.53,71.74634146341464,2.53,60.7546866
Seychelles,SYC,2000,0.0,,176.37173913043478,7.39562918315276,72.77804878048782,7.39562918315276,60.5904265
Seychelles,SYC,2002,0.0,,182.00652173913045,14.3041708309972,71.08780487804879,14.3041708309972,61.3801358
Seychelles,SYC,2003,0.0,,179.9586956521739,14.5925043169492,71.02926829268294,14.5925043169492,62.578661399999994
Seychelles,SYC,2004,0.0,,179.29347826086956,24.2721392249906,72.6609756097561,24.2721392249906,52.3002956
Seychelles,SYC,2005,0.0,,180.12608695652173,25.4132681462836,72.13170731707318,25.4132681462836,50.1243771
Seychelles,SYC,2006,0.0,,183.91304347826087,34.95197117065,72.21707317073172,34.95197117065,50.175152999999995
Seychelles,SYC,2007,0.0,,184.85434782608695,38.38,73.14390243902439,38.38,50.138780999999994
Seychelles,SYC,2008,0.0,,189.03478260869565,40.44,73.16341463414635,40.44,50.148450399999994
Seychelles,SYC,2009,0.0,,189.77826086956523,,73.0829268292683,,56.196044
Seychelles,SYC,2010,0.0,0.758,195.15217391304347,41.0,73.19756097560976,41.0,56.7830526
Seychelles,SYC,2011,0.0,0.772,190.08913043478262,43.16400146,72.72439024390245,43.16400146,56.768434199999994
Seychelles,SYC,2012,0.0,0.797,191.96304347826086,47.07600021,74.27560975609757,47.07600021,56.1672302
Seychelles,SYC,2013,0.01,0.797,195.5413043478261,50.40000153,73.11951219512196,50.40000153,56.2957215
Seychelles,SYC,2014,0.01,0.814,198.60652173913044,51.25469971,73.22926829268293,51.25469971,57.394881299999994
Seychelles,SYC,2015,0.01,0.819,203.08478260869566,54.25960159,74.29512195121953,54.25960159,66.555125
Seychelles,SYC,2016,0.01,0.836,205.8195652173913,56.51470184,74.30975609756099,56.51470184,66.3049154
Seychelles,SYC,2017,0.01,0.844,208.35434782608695,62.55310059,74.3,62.55310059,62.4708165
Seychelles,SYC,2018,0.01,0.847,210.3521739130435,69.23660278,72.84146341463415,69.23660278,64.37946769999999
Seychelles,SYC,2019,0.0,0.85,212.22826086956522,76.63420105,74.04634146341465,76.63420105,69.5823659
Seychelles,SYC,2020,0.01,0.853,214.04782608695652,79.25170135,77.23658536585367,79.25170135,71.0274637
Seychelles,SYC,2021,0.01,0.838,215.77826086956523,81.99530029,73.39756097560975,81.99530029,71.01392419999999
Seychelles,SYC,2022,0.01,0.836,260.60434782608695,84.83380127,74.50975609756098,84.83380127,71.12310699999999
Seychelles,SYC,2023,0.01,0.848,260.37608695652176,86.001297,75.41951219512197,86.001297,71.1677113
Sierra Leone,SLE,1996,0.0,0.311,58.17691881407592,0.00251,43.528,0.00251,34.7625544
Sierra Leone,SLE,1998,0.0,0.304,59.51489332224993,0.014799999999999999,42.714,0.014799999999999999,34.4070037
Sierra Leone,SLE,2000,0.0,0.318,61.28582709891937,0.118254245682183,44.834,0.118254245682183,34.2850727
Sierra Leone,SLE,2002,0.0,0.345,68.87551953449709,0.176198956814076,46.174,0.176198956814076,31.573282
Sierra Leone,SLE,2003,0.0,0.354,71.73298697700194,0.190173281668183,46.784,0.190173281668183,31.408775
Sierra Leone,SLE,2004,0.0,0.363,74.19945968412303,0.203007680592588,47.485,0.203007680592588,31.0022703
Sierra Leone,SLE,2005,0.0,0.37,76.22211138819618,0.215399995,48.306,0.215399995,26.826020699999997
Sierra Leone,SLE,2006,0.0,0.372,77.92277639235245,0.227699995,49.547,0.227699995,27.369692099999998
Sierra Leone,SLE,2007,0.0,0.391,79.65297866444999,0.239800006,50.024,0.239800006,28.4850776
Sierra Leone,SLE,2008,0.0,0.4,81.66697146023829,0.25,50.693,0.25,29.8234803
Sierra Leone,SLE,2009,0.0,0.406,83.89645331116652,0.25999999,51.312,0.25999999,32.541902199999996
Sierra Leone,SLE,2010,0.0,0.41,86.21105569409809,0.579999983,51.927,0.579999983,35.0645095
Sierra Leone,SLE,2011,0.0,0.416,88.49059296203934,0.899999976,52.594,0.899999976,34.3604927
Sierra Leone,SLE,2012,0.0,0.418,90.76032141867553,2.5,53.159,2.5,32.287182699999995
Sierra Leone,SLE,2013,0.0,0.436,93.01816292601829,4.0,54.051,4.0,31.6292802
Sierra Leone,SLE,2014,0.0,0.438,95.26717927403713,6.057300091,54.281,6.057300091,30.806732999999998
Sierra Leone,SLE,2015,0.0,0.432,97.50145469659185,6.344399929,55.454,6.344399929,31.685715599999998
Sierra Leone,SLE,2016,0.0,0.441,99.82443890274314,7.680099964,56.937,7.680099964,31.1224423
Sierra Leone,SLE,2017,0.0,0.445,102.23467719589914,9.297100067,57.761,9.297100067,34.392030999999996
Sierra Leone,SLE,2018,0.0,0.451,104.66282903851483,14.42230034,59.059,14.42230034,37.0948912
Sierra Leone,SLE,2019,0.0,0.455,107.12096148517595,15.71370029,59.593,15.71370029,37.472974799999996
Sierra Leone,SLE,2020,0.0,0.454,109.62258243280687,17.12080002,59.694,17.12080002,38.520615899999996
Sierra Leone,SLE,2021,0.0,0.458,112.14466611249654,18.65390015,60.26,18.65390015,38.179313199999996
Sierra Leone,SLE,2022,0.0,0.463,114.66898032696038,21.50880051,61.275,21.50880051,36.6545609
Sierra Leone,SLE,2023,0.0,0.467,117.21407592130784,23.71360016,61.786,23.71360016,36.343891899999996
Singapore,SGP,1996,0.0,0.859,5478.662686567164,8.35,76.59512195121953,8.35,87.49223359999999
Singapore,SGP,1998,0.0,0.869,5861.511940298507,19.6,77.3,19.6,85.7782654
Singapore,SGP,2000,0.0,0.882,6011.771641791045,36.0,77.95121951219514,36.0,86.3210604
Singapore,SGP,2002,0.0,0.891,6186.592592592592,47.0,78.55121951219512,47.0,90.5837191
Singapore,SGP,2003,0.0,0.897,5989.55749636099,53.8379432881911,79.0390243902439,53.8379432881911,90.454906
Singapore,SGP,2004,0.0,0.905,6047.407837445573,62.0,79.49024390243902,62.0,88.41770079999999
Singapore,SGP,2005,0.0,0.911,6191.236574746009,61.0,79.99024390243903,61.0,88.39937619999999
Singapore,SGP,2006,0.0,0.911,6342.024495677233,59.0,80.14146341463415,59.0,91.3727665
Singapore,SGP,2007,0.0,0.914,6602.30071942446,69.9,80.44146341463416,69.9,91.77725919999999
Singapore,SGP,2008,0.0,0.924,6913.4228571428575,69.0,80.79024390243903,69.0,91.7466357
Singapore,SGP,2009,0.0,0.928,7125.104285714286,69.0,81.24146341463415,69.0,91.1895523
Singapore,SGP,2010,0.0,0.932,7231.811965811966,71.0,81.54146341463417,71.0,89.79609669999999
Singapore,SGP,2011,0.0,0.933,7363.193181818182,71.0,81.7439024390244,71.0,89.806347
Singapore,SGP,2012,0.0,0.933,7524.698300283286,72.0,81.99512195121952,72.0,90.1227627
Singapore,SGP,2013,0.0,0.934,7636.7213578500705,80.90209961,82.24634146341465,80.90209961,89.43728109999999
Singapore,SGP,2014,0.0,0.934,7714.7023977433,79.0292358633435,82.49512195121953,79.0292358633435,89.4723597
Singapore,SGP,2015,0.0,0.935,7806.772919605078,79.0129570025584,82.7439024390244,79.0129570025584,89.9569319
Singapore,SGP,2016,0.0,0.934,7908.720733427363,84.4522678893074,82.84634146341465,84.4522678893074,90.4515115
Singapore,SGP,2017,0.0,0.935,7882.377808988764,84.4522678893074,83.09512195121954,84.4522678893074,90.6151744
Singapore,SGP,2018,0.0,0.939,7897.305322128852,88.1656360313447,83.29756097560976,88.1656360313447,90.87691769999999
Singapore,SGP,2019,0.0,0.942,7965.878491620112,88.9492526850762,83.59512195121953,88.9492526850762,90.7440179
Singapore,SGP,2020,0.0,0.944,7918.951253481894,92.00434653,83.5439024390244,92.00434653,90.9144779
Singapore,SGP,2021,0.0,0.948,7595.49582172702,96.92468156,83.09268292682928,96.92468156,89.95850469999999
Singapore,SGP,2022,0.0,0.942,7851.005571030641,95.95386476,82.89512195121952,95.95386476,89.0057518
Singapore,SGP,2023,0.0,0.946,8241.849582172701,94.28518987,83.09756097560977,94.28518987,86.801475
Slovakia,SVK,1996,0.0,0.74,111.7122869022869,0.783,72.65365853658537,0.783,55.305991399999996
Slovakia,SVK,1998,0.0,0.758,112.06893970893971,2.69,72.55121951219513,2.69,56.877758699999994
Slovakia,SVK,2000,0.0,0.774,112.03160083160083,9.42680320061637,73.05121951219513,9.42680320061637,55.3540407
Slovakia,SVK,2002,0.0,0.79,111.78611226611227,40.14,73.60487804878049,40.14,48.685981299999995
Slovakia,SVK,2003,0.0,0.796,111.6893369361879,43.04,73.60487804878049,43.04,53.7461706
Slovakia,SVK,2004,0.01,0.806,111.68981288981288,52.89,73.95853658536586,52.89,55.1737858
Slovakia,SVK,2005,0.01,0.815,111.70076923076923,55.19,73.90487804878049,55.19,56.897666199999996
Slovakia,SVK,2006,0.01,0.824,111.70590436590436,56.08,74.2048780487805,56.08,57.5439015
Slovakia,SVK,2007,0.01,0.834,111.73850311850312,61.8,74.20731707317074,61.8,55.598416799999995
Slovakia,SVK,2008,0.01,0.842,111.83436590436591,66.05,74.7048780487805,66.05,54.3244733
Slovakia,SVK,2009,0.01,0.845,112.00677895612394,70.0,74.90975609756099,70.0,51.5025767
Slovakia,SVK,2010,0.01,0.851,112.10887692083757,75.71,75.11219512195122,75.71,52.4691039
Slovakia,SVK,2011,0.0,0.856,112.26052237564465,74.4399971746757,75.95853658536586,74.4399971746757,52.4684865
Slovakia,SVK,2012,0.01,0.856,112.45173432041258,76.7099901181121,76.10975609756099,76.7099901181121,51.4441657
Slovakia,SVK,2013,0.01,0.858,112.57263766428215,77.8826,76.41219512195123,77.8826,50.881011799999996
Slovakia,SVK,2014,0.01,0.859,112.7006863560732,79.9843017656729,76.81219512195123,79.9843017656729,51.6217183
Slovakia,SVK,2015,0.01,0.861,112.80314878748804,77.6346820339875,76.56341463414634,77.6346820339875,51.754986599999995
Slovakia,SVK,2016,0.01,0.864,112.9533693843594,80.475857275668,77.16585365853659,80.475857275668,53.6057834
Slovakia,SVK,2017,0.01,0.865,113.1287853577371,81.6256675172655,77.16585365853659,81.6256675172655,52.4419013
Slovakia,SVK,2018,0.01,0.868,113.28558652246257,80.4489224826099,77.2658536585366,80.4489224826099,53.1998071
Slovakia,SVK,2019,0.01,0.871,113.43899750415973,82.8536605021784,77.66585365853659,82.8536605021784,52.914628199999996
Slovakia,SVK,2020,0.0,0.867,113.53633527454242,89.92090413,76.86585365853658,89.92090413,56.350839199999996
Slovakia,SVK,2021,0.0,0.859,113.29548668885191,88.92560523,74.61463414634147,88.92560523,55.0911781
Slovakia,SVK,2022,0.0,0.873,112.97321131447588,89.06766196,76.96585365853659,89.06766196,55.4957092
Slovakia,SVK,2023,0.0,0.88,112.8689683860233,87.2131343,78.11951219512196,87.2131343,55.640102199999994
Slovenia,SVN,1996,0.0,0.778,98.74021847070506,5.07,74.45853658536585,5.07,75.4309468
Slovenia,SVN,1998,0.0,0.802,98.39270109235352,10.1,74.80731707317075,10.1,73.9369171
Slovenia,SVN,2000,0.0,0.829,98.75496524329692,15.1102595640388,75.41219512195123,15.1102595640388,64.7221205
Slovenia,SVN,2002,0.0,0.855,99.03326713008937,27.8388854180687,76.00731707317074,27.8388854180687,63.6659455
Slovenia,SVN,2003,0.0,0.865,99.09299900695135,31.8547930120441,76.85853658536585,31.8547930120441,63.84063
Slovenia,SVN,2004,0.0,0.87,99.15650446871896,40.81,77.20731707317073,40.81,65.4620113
Slovenia,SVN,2005,0.0,0.876,99.32840119165839,46.81,77.61219512195122,46.81,64.7805659
Slovenia,SVN,2006,0.0,0.883,99.64587884806356,54.01,78.08658536585367,54.01,67.3040658
Slovenia,SVN,2007,0.0,0.888,100.2046673286991,56.74,78.56097560975611,56.74,67.8094747
Slovenia,SVN,2008,0.0,0.894,100.33237037257646,58.0,78.7658536585366,58.0,65.720018
Slovenia,SVN,2009,0.0,0.894,101.24537124363391,64.0,78.97073170731707,64.0,66.2317078
Slovenia,SVN,2010,0.0,0.896,101.68582660749918,70.0,79.4219512195122,70.0,62.5919641
Slovenia,SVN,2011,0.0,0.897,101.89829246500545,67.3399948092396,79.97073170731709,67.3399948092396,62.021132599999994
Slovenia,SVN,2012,0.0,0.897,102.1140491519282,68.3499745287825,80.12439024390244,68.3499745287825,61.7056359
Slovenia,SVN,2013,0.0,0.907,102.28167825223436,72.6756,80.3219512195122,72.6756,60.0035374
Slovenia,SVN,2014,0.0,0.907,102.38232373386296,71.5862515855601,81.0780487804878,71.5862515855601,60.0740589
Slovenia,SVN,2015,0.01,0.909,102.44610924111089,73.0986599745829,80.77560975609757,73.0986599745829,61.1644339
Slovenia,SVN,2016,0.01,0.914,102.52417833382981,75.4985042610791,81.17560975609757,75.4985042610791,63.2807451
Slovenia,SVN,2017,0.01,0.918,102.610871929328,78.8854263554775,81.02926829268294,78.8854263554775,63.9308607
Slovenia,SVN,2018,0.01,0.922,102.99229256470868,79.7499765956562,81.3780487804878,79.7499765956562,64.4444248
Slovenia,SVN,2019,0.01,0.923,103.71193460598715,83.1083578026717,81.52926829268293,83.1083578026717,65.0294052
Slovenia,SVN,2020,0.01,0.918,104.40888142865656,86.60130109,80.53170731707318,86.60130109,63.562675199999994
Slovenia,SVN,2021,0.01,0.924,104.68996444250213,89.00399524,80.67560975609756,89.00399524,61.9967416
Slovenia,SVN,2022,0.01,0.926,104.88846069803937,88.91248552,81.28292682926829,88.91248552,62.997112599999994
Slovenia,SVN,2023,0.01,0.931,105.31480791675979,90.37794678,81.92926829268292,90.37794678,61.649431199999995
Solomon Islands,SLB,1996,0.0,,14.14823151125402,0.269,66.739,0.269,56.279234699999996
Solomon Islands,SLB,1998,0.0,,14.972168631654162,0.508,66.89,0.508,56.162878299999996
Solomon Islands,SLB,2000,0.0,0.547,15.736655948553055,0.481296806114395,67.116,0.481296806114395,46.878554
Solomon Islands,SLB,2002,0.0,0.539,16.351232583065382,0.501919843401009,67.35,0.501919843401009,46.575173899999996
Solomon Islands,SLB,2003,0.0,0.543,16.65430510896749,0.555609881855115,67.479,0.555609881855115,46.493019499999996
Solomon Islands,SLB,2004,0.0,0.548,16.95644873168989,0.64967267325146,67.628,0.64967267325146,43.9348519
Solomon Islands,SLB,2005,0.0,0.553,17.25902107895677,0.844299972,67.79,0.844299972,46.969161199999995
Solomon Islands,SLB,2006,0.0,0.553,17.563201143265452,1.646299958,67.968,1.646299958,42.1104115
Solomon Islands,SLB,2007,0.0,0.552,17.869096105752053,2.0,67.845,2.0,38.1286183
Solomon Islands,SLB,2008,0.0,0.556,18.17756341550554,3.0,68.336,3.0,39.2893286
Solomon Islands,SLB,2009,0.0,0.557,18.511647016791713,4.0,68.397,4.0,41.4233572
Solomon Islands,SLB,2010,0.0,0.564,19.041371918542335,5.0,68.669,5.0,39.524707299999996
Solomon Islands,SLB,2011,0.0,0.567,19.755091103965704,6.0,68.824,6.0,39.1997922
Solomon Islands,SLB,2012,0.0,0.57,20.49324758842444,6.997399807,68.961,6.997399807,39.7345553
Solomon Islands,SLB,2013,0.0,0.576,21.255627009646304,8.0,69.007,8.0,39.6563805
Solomon Islands,SLB,2014,0.0,0.575,22.040300107181135,9.0,68.984,9.0,39.7617579
Solomon Islands,SLB,2015,0.0,0.576,22.84440871739907,10.00049973,69.323,10.00049973,39.733686999999996
Solomon Islands,SLB,2016,0.0,0.578,23.664844587352626,11.00090027,69.501,11.00090027,39.536572899999996
Solomon Islands,SLB,2017,0.0,0.581,24.497034655234014,15.14840031,69.652,15.14840031,44.8299649
Solomon Islands,SLB,2018,0.0,0.582,25.334083601286174,20.8593998,69.806,20.8593998,44.8627117
Solomon Islands,SLB,2019,0.0,0.583,26.01454090746695,22.48880005,69.981,22.48880005,47.8640293
Solomon Islands,SLB,2020,0.0,0.579,26.59871382636656,24.1984005,69.258,24.1984005,47.3357009
Solomon Islands,SLB,2021,0.0,0.577,27.24512325830654,26.03790092,68.89,26.03790092,44.3157328
Solomon Islands,SLB,2022,0.0,0.583,27.905180421579136,28.01729965,70.409,28.01729965,44.3082596
Solomon Islands,SLB,2023,0.0,0.584,28.581814933904965,28.67239952,70.528,28.67239952,44.2825853
Somalia,SOM,1996,0.0,,12.042072879140498,0.0015099999999999998,50.524,0.0015099999999999998,15.1395971
Somalia,SOM,1998,0.0,,12.999995217904166,0.0071600000000000006,50.755,0.0071600000000000006,15.097893399999998
Somalia,SOM,2000,0.0,,14.089190869385023,0.02,50.747,0.02,15.177719999999999
Somalia,SOM,2002,0.0,,15.22310549303408,0.115614213354469,50.82,0.115614213354469,19.6392699
Somalia,SOM,2003,0.0,,15.795512800076514,0.376198002539086,50.721,0.376198002539086,15.2412966
Somalia,SOM,2004,0.0,,16.388239232314216,1.05345474358422,50.685,1.05345474358422,14.5724272
Somalia,SOM,2005,0.0,,16.967239455478687,1.077299953,50.894,1.077299953,14.298634199999999
Somalia,SOM,2006,0.0,,17.49530079382791,1.100200057,50.915,1.100200057,14.3814949
Somalia,SOM,2007,0.0,,18.048557401090317,1.122200012,50.885,1.122200012,14.349932299999999
Somalia,SOM,2008,0.0,,18.591328466222464,1.142699957,51.456,1.142699957,13.7299847
Somalia,SOM,2009,0.0,,19.066536487391208,1.160599947,52.101,1.160599947,15.747264099999999
Somalia,SOM,2010,0.0,,19.5456307584404,,48.9,,13.756383699999999
Somalia,SOM,2011,0.0,,19.6844294959671,1.25,32.453,1.25,14.2226191
Somalia,SOM,2012,0.0,,19.86348710428157,1.376700044,49.138,1.376700044,14.475484499999999
Somalia,SOM,2013,0.0,,20.51454394746071,1.5,54.016,1.5,14.547117199999999
Somalia,SOM,2014,0.0,,21.26357477603851,1.629999995,54.442,1.629999995,12.6356565
Somalia,SOM,2015,0.0,,22.008740077151145,1.75999999,55.056,1.75999999,12.841268
Somalia,SOM,2016,0.0,,22.872349921892436,1.879999995,55.283,1.879999995,12.735736699999999
Somalia,SOM,2017,0.01,,23.7775831287659,,52.19,,13.0015162
Somalia,SOM,2018,0.01,,24.631757898428283,,54.767,,11.2901025
Somalia,SOM,2019,0.01,,25.55387987375267,2.731400013,57.249,2.731400013,14.773146299999999
Somalia,SOM,2020,0.01,,26.54253036630854,15.02369976,57.095,15.02369976,16.4911223
Somalia,SOM,2021,0.01,,27.5312127395033,23.87479973,55.703,23.87479973,15.405471599999998
Somalia,SOM,2022,0.01,0.385,28.376792488921478,27.6,53.931,27.6,15.4929758
Somalia,SOM,2023,0.01,0.404,29.26421876494405,26.12010002,58.816,26.12010002,15.1272497
South Africa,ZAF,1996,0.0,0.649,37.19676033929881,0.8420000000000001,61.079,0.8420000000000001,65.3860104
South Africa,ZAF,1998,0.0,0.634,38.104246181239645,2.91,59.912,2.91,62.261533199999995
South Africa,ZAF,2000,0.0,0.618,38.875696774353095,5.34855973203537,58.368,5.34855973203537,57.422579799999994
South Africa,ZAF,2002,0.0,0.614,39.58437955963696,6.71032243705404,55.58,6.71032243705404,51.9269465
South Africa,ZAF,2003,0.01,0.61,39.98083241968856,7.00769172611251,54.245,7.00769172611251,50.636981899999995
South Africa,ZAF,2004,0.01,0.613,40.38564409895391,8.4251186825406,53.963,8.4251186825406,52.3227313
South Africa,ZAF,2005,0.01,0.616,40.796670486113975,7.48854252992921,53.914,7.48854252992921,54.7141087
South Africa,ZAF,2006,0.01,0.622,41.21563692718595,7.60713967477381,54.22,7.60713967477381,57.1544422
South Africa,ZAF,2007,0.01,0.632,41.65279080694755,8.06537517355504,54.948,8.06537517355504,54.0919892
South Africa,ZAF,2008,0.02,0.643,42.13586708323373,8.43,55.982,8.43,51.085475599999995
South Africa,ZAF,2009,0.029999999,0.657,42.64194412615717,10.0,57.413,10.0,49.9930561
South Africa,ZAF,2010,0.029999999,0.669,43.14935495305377,24.0,58.886,24.0,49.7434234
South Africa,ZAF,2011,0.039999999,0.683,43.68612798720623,33.97,60.602,33.97,50.0562259
South Africa,ZAF,2012,0.039999999,0.696,44.335182880083096,41.0,61.737,41.0,47.2643576
South Africa,ZAF,2013,0.039999999,0.705,45.07397719872392,46.5,62.388,46.5,47.1755317
South Africa,ZAF,2014,1.070000052,0.713,45.82911243188881,49.0,63.184,49.0,47.563697499999996
South Africa,ZAF,2015,3.069999933,0.722,46.75954545829246,51.91910172,64.053,51.91910172,48.086095099999994
South Africa,ZAF,2016,4.210000038,0.722,47.201403852970515,54.0,64.749,54.0,48.4749937
South Africa,ZAF,2017,7.019999981,0.726,47.51103545491266,56.16740036,65.422,56.16740036,46.238209
South Africa,ZAF,2018,6.409999847,0.732,48.31710837613038,62.40000153,65.726,62.40000153,46.8965568
South Africa,ZAF,2019,6.6300001139999996,0.742,49.12074536926362,69.69689941,66.071,69.69689941,48.5628824
South Africa,ZAF,2020,6.409999847,0.724,49.924062518032464,72.1128006,65.15,72.1128006,48.3743811
South Africa,ZAF,2021,8.649999619,0.721,50.69912619838594,74.96859741,62.01,74.96859741,49.1616473
South Africa,ZAF,2022,9.699999809,0.737,51.42108994386237,78.29319763,65.454,78.29319763,44.545874999999995
South Africa,ZAF,2023,11.60000038,0.741,52.10856902620581,78.33670044,66.139,78.33670044,43.612369799999996
South Korea,KOR,1996,0.0,0.801,471.9539809247356,1.62,74.15121951219513,1.62,60.4804745
South Korea,KOR,1998,0.002,0.809,479.8517831225378,6.78,75.00487804878048,6.78,56.5133119
South Korea,KOR,2000,0.02,0.83,487.3326871241966,44.7,75.90975609756099,44.7,54.124290599999995
South Korea,KOR,2002,0.01,0.846,492.2485380721149,59.4,76.7658536585366,59.4,53.6833227
South Korea,KOR,2003,0.02,0.852,494.75547520661155,65.5,77.21463414634147,65.5,56.2796436
South Korea,KOR,2004,0.050000001,0.859,496.61763065482336,72.7,77.66585365853659,72.7,55.514163399999994
South Korea,KOR,2005,0.129999995,0.866,497.5174083634486,73.5,78.16829268292683,73.5,59.6317935
South Korea,KOR,2006,0.239999995,0.871,499.98236994219656,78.1,78.66829268292685,78.1,55.6589086
South Korea,KOR,2007,0.379999995,0.876,502.30744944283947,78.8,79.11951219512196,78.8,58.2281787
South Korea,KOR,2008,0.439999998,0.878,505.7707804928343,81.0,79.5170731707317,81.0,56.246826
South Korea,KOR,2009,0.689999998,0.881,508.0139604368432,81.6,79.96829268292684,81.6,56.6994348
South Korea,KOR,2010,0.819999993,0.894,509.8159670781893,83.7,80.11707317073171,83.7,56.444071699999995
South Korea,KOR,2011,0.860000014,0.899,513.8042802757485,83.7591201534472,80.56829268292685,83.7591201534472,59.637465199999994
South Korea,KOR,2012,0.910000026,0.901,515.8755831877505,84.07,80.81951219512196,84.07,58.490428099999995
South Korea,KOR,2013,1.149999976,0.905,517.6122698253033,84.77,81.27073170731707,84.77,59.689425199999995
South Korea,KOR,2014,1.149999976,0.91,520.8524992302166,87.5568264944747,81.7219512195122,87.5568264944747,58.059757
South Korea,KOR,2015,1.340000033,0.914,523.5255477448817,89.8962557995106,82.02439024390245,89.8962557995106,54.837592099999995
South Korea,KOR,2016,1.679999948,0.918,525.3700725210024,92.8430256796075,82.27560975609758,92.8430256796075,55.0047204
South Korea,KOR,2017,2.170000076,0.922,526.7348066864937,95.0694218761004,82.62682926829268,95.0694218761004,56.51282
South Korea,KOR,2018,2.460000038,0.924,528.9690114848237,96.0228595797887,82.62682926829268,96.0228595797887,58.8116187
South Korea,KOR,2019,2.680000067,0.927,530.3772745901639,96.157579184239,83.22682926829269,96.157579184239,60.2693169
South Korea,KOR,2020,3.150000095,0.928,531.109006147541,96.50506052,83.42682926829269,96.50506052,63.154697
South Korea,KOR,2021,3.180000067,0.933,530.4256045081967,97.57132698,83.52682926829269,97.57132698,63.267039499999996
South Korea,KOR,2022,3.369999886,0.928,529.4320594262296,97.16855335,82.68048780487806,97.16855335,64.4874887
South Korea,KOR,2023,3.390000105,0.937,529.8424077868852,97.41597478,83.42926829268293,97.41597478,65.6442296
South Sudan,SSD,2012,0.0,0.389,17.021252353899957,1.5,58.241,1.5,20.695090699999998
South Sudan,SSD,2013,0.0,0.391,17.670113778424824,2.200000048,58.285,2.200000048,19.0386874
South Sudan,SSD,2014,0.0,0.343,17.778983431709207,2.599999905,45.625,2.599999905,13.0742096
Peru,PER,1990,0.0,0.625,17.19903984375,0.0,63.979,0.0,
Peru,PER,1991,0.0,0.628,17.56544921875,,64.248,,
Peru,PER,1992,0.0,0.629,17.926828125,,65.031,,
Peru,PER,1993,0.0,0.633,18.29201796875,,65.732,,
Peru,PER,1994,0.0,0.644,18.65741640625,0.0085,66.544,0.0085,
Peru,PER,1995,0.0,0.654,19.02259296875,0.0334,67.22,0.0334,
Peru,PER,1997,0.0006,0.663,19.74542734375,0.40299999999999997,68.324,0.40299999999999997,
Peru,PER,1999,0.0006,0.68,20.45820625,1.95,69.302,1.95,
Peru,PER,2001,0.0,0.69,21.06609453125,7.57876295717419,70.315,7.57876295717419,
Philippines,PHL,1990,0.0,0.593,210.80144213032833,0.0,64.382,0.0,
Philippines,PHL,1991,0.0,0.594,215.9246369520743,,64.622,,
Philippines,PHL,1992,0.0,0.599,221.1024750980984,,65.353,,
Philippines,PHL,1993,0.0,0.602,226.48362008250328,,65.661,,
Philippines,PHL,1994,0.0,0.606,231.47630881711774,0.005840000000000001,66.0,0.005840000000000001,
Philippines,PHL,1995,0.0,0.609,236.59739745782608,0.0286,66.311,0.0286,
Philippines,PHL,1997,0.0,0.623,247.87473588892243,0.13699999999999998,66.994,0.13699999999999998,
Philippines,PHL,1999,0.0,0.628,260.76820941073885,1.43,67.503,1.43,
Philippines,PHL,2001,0.0,0.636,273.0036153871952,2.52400566008269,67.829,2.52400566008269,
Poland,POL,1990,0.0,0.722,124.42711809069836,0.0,70.89024390243902,0.0,
Poland,POL,1991,0.0,0.72,124.86921871429038,0.005229999999999999,70.58780487804879,0.005229999999999999,
Poland,POL,1992,0.0,0.724,125.25275719089751,0.0521,71.09024390243904,0.0521,
Poland,POL,1993,0.0,0.737,125.571869796598,0.13,71.59512195121953,0.13,
Poland,POL,1994,0.0,0.747,125.83712168206601,0.38899999999999996,71.69512195121952,0.38899999999999996,
Poland,POL,1995,0.0,0.754,126.00802507427602,0.6479999999999999,71.89268292682927,0.6479999999999999,
Poland,POL,1997,0.0,0.775,126.18648992784615,2.07,72.64634146341464,2.07,
Poland,POL,1999,0.0,0.793,126.22113356622809,5.46,73.04390243902441,5.46,
Poland,POL,2001,0.01,0.809,124.87536648274511,9.9006697073534,74.2,9.9006697073534,
Portugal,PRT,1990,0.0,0.707,109.10620765027322,0.0,73.96585365853659,0.0,
Portugal,PRT,1991,0.0,0.718,108.85502732240437,0.1,74.01463414634146,0.1,
Portugal,PRT,1992,0.0,0.735,108.7704262295082,0.25,74.31219512195123,0.25,
Portugal,PRT,1993,0.01,0.751,108.9035519125683,0.45,74.51219512195122,0.45,
Portugal,PRT,1994,0.02,0.765,109.19699453551912,0.719,74.91463414634147,0.719,
Portugal,PRT,1995,0.02,0.773,109.57569398907104,1.49,75.31219512195122,1.49,
Portugal,PRT,1997,0.039999999,0.789,110.48062295081967,4.95,75.41219512195123,4.95,
Portugal,PRT,1999,0.119999997,0.793,111.67025136612021,14.7,75.96341463414635,14.7,
Portugal,PRT,2001,0.25999999,0.801,113.25379234972678,18.0871365595338,76.81463414634149,18.0871365595338,
Qatar,QAT,1990,0.0,0.767,37.91343669250646,0.0,73.405,0.0,
Qatar,QAT,1991,0.0,0.768,39.17769164513351,,73.654,,
Qatar,QAT,1992,0.0,0.77,40.45279931093884,,73.876,,
Qatar,QAT,1993,0.0,0.778,41.73514211886305,,74.071,,
Qatar,QAT,1994,0.0,0.784,43.01972437553833,,74.245,,
Qatar,QAT,1995,0.0,0.788,44.300172265288545,0.19,74.404,0.19,
Qatar,QAT,1997,0.0,0.794,47.41602067183462,3.08,74.713,3.08,
Qatar,QAT,1999,0.0,0.796,52.756244616709736,4.07,75.048,4.07,
Qatar,QAT,2001,0.0,0.795,58.39147286821706,6.17026856093911,75.486,6.17026856093911,
Romania,ROU,1990,0.0,0.719,101.16344015696534,0.0,69.74121951219513,0.0,
Romania,ROU,1991,0.0,0.705,100.24036869171097,,69.78439024390244,,
Romania,ROU,1992,0.0,0.694,99.33881286498736,,69.78439024390244,,
Romania,ROU,1993,0.0,0.692,99.20369563322583,0.0036999999999999997,69.56341463414635,0.0036999999999999997,
Romania,ROU,1994,0.0,0.695,99.03799834429873,0.0263,69.50975609756098,0.0263,
Romania,ROU,1995,0.0,0.701,98.84644211076736,0.075,69.4560975609756,0.075,
Romania,ROU,1997,0.0,0.709,98.26156929377423,0.445,69.0048780487805,0.445,
Romania,ROU,1999,0.0,0.724,97.87473867595818,2.7,70.51219512195124,2.7,
Romania,ROU,2001,0.0,0.737,96.34743807409342,4.53866902895312,71.16097560975611,4.53866902895312,
Russia,RUS,1990,0.0,0.762,,0.0,68.88609756097561,0.0,
Russia,RUS,1991,0.0,0.758,,,68.47439024390245,,
Russia,RUS,1992,0.0,0.744,9.062760838196578,0.000673,66.87317073170732,0.000673,
Russia,RUS,1993,0.0,0.725,9.059999157826901,0.0134,64.9358536585366,0.0134,
Russia,RUS,1994,0.0,0.712,9.05957648127472,0.053799999999999994,64.46707317073171,0.053799999999999994,
Russia,RUS,1995,0.0,0.713,9.059246824166982,0.148,64.69073170731708,0.148,
Russia,RUS,1997,0.0,0.734,9.030986131335611,0.473,66.6987804878049,0.473,
Russia,RUS,1999,0.0,0.74,8.982804171947297,1.02,65.98219512195124,1.02,
Russia,RUS,2001,0.0,0.758,8.91163375342787,2.94436778664985,65.38341463414635,2.94436778664985,
Rwanda,RWA,1990,0.0,,298.9585326307256,0.0,47.763,0.0,
Rwanda,RWA,1991,0.0,,305.10603972436155,,46.243,,
Rwanda,RWA,1992,0.0,,311.4416700445886,,44.397,,
Rwanda,RWA,1993,0.0,,323.51568706931494,,42.937,,
Rwanda,RWA,1994,0.0,,275.3284150790434,,12.158,,
Rwanda,RWA,1995,0.0,0.294,230.00072963113092,,41.518,,
Rwanda,RWA,1997,0.0,0.295,314.35905958654234,0.00163,41.978,0.00163,
Rwanda,RWA,1999,0.0,0.317,330.2761248479935,0.0672,45.749,0.0672,
Rwanda,RWA,2001,0.0,0.37,335.91787596270774,0.240672409832383,49.49,0.240672409832383,
Saint Kitts and Nevis,KNA,1990,0.0,,155.5076923076923,0.0,65.641,0.0,
Saint Kitts and Nevis,KNA,1991,0.0,,155.22307692307692,,65.958,,
Saint Kitts and Nevis,KNA,1992,0.0,,156.59615384615384,,66.339,,
Saint Kitts and Nevis,KNA,1993,0.0,,158.62307692307692,,66.708,,
Saint Kitts and Nevis,KNA,1994,0.0,,160.6769230769231,,67.002,,
Saint Kitts and Nevis,KNA,1995,0.0,,162.7923076923077,,67.23,,
Saint Kitts and Nevis,KNA,1996,0.0,,164.91153846153847,1.95,67.488,1.95,
Saint Kitts and Nevis,KNA,1997,0.0,,167.03076923076924,2.26,67.811,2.26,
Saint Kitts and Nevis,KNA,1998,0.0,,169.22307692307692,3.34,67.891,3.34,
Saint Kitts and Nevis,KNA,1999,0.0,,171.5423076923077,4.4,68.725,4.4,
Saint Kitts and Nevis,KNA,2000,0.0,,174.03076923076924,5.86281024037522,69.249,5.86281024037522,
Saint Kitts and Nevis,KNA,2001,0.0,,176.00384615384615,7.71472655580319,69.767,7.71472655580319,
Saint Kitts and Nevis,KNA,2002,0.0,,177.0,21.152381758186,70.194,21.152381758186,
Saint Kitts and Nevis,KNA,2003,0.0,,177.6,22.9697842928439,70.614,22.9697842928439,
Saint Lucia,LCA,1990,0.0,0.683,225.9950819672131,0.0,70.008,0.0,
Saint Lucia,LCA,1991,0.0,0.685,228.72131147540983,,70.309,,
Saint Lucia,LCA,1992,0.0,0.692,232.1590163934426,,70.734,,
Saint Lucia,LCA,1993,0.0,0.694,235.61639344262295,,71.05,,
Saint Lucia,LCA,1994,0.0,0.696,239.1639344262295,,71.076,,
Saint Lucia,LCA,1995,0.0,0.698,242.9639344262295,0.306,71.172,0.306,
Saint Lucia,LCA,1996,0.0,0.701,246.61639344262295,0.67,70.963,0.67,
Saint Lucia,LCA,1997,0.0,0.701,250.11311475409835,0.992,70.778,0.992,
Saint Lucia,LCA,1998,0.0,0.705,253.5688524590164,1.3,70.68,1.3,
Saint Lucia,LCA,1999,0.0,0.708,256.8885245901639,1.93,70.692,1.93,
Saint Lucia,LCA,2000,0.0,0.71,260.0262295081967,5.09048334139327,70.779,5.09048334139327,
Saint Lucia,LCA,2001,0.0,0.712,262.68360655737706,8.18186395448366,71.367,8.18186395448366,
Saint Lucia,LCA,2002,0.0,0.716,264.98524590163936,14.6418357746777,71.707,14.6418357746777,
Saint Lucia,LCA,2003,0.0,0.721,267.1737704918033,20.9824734633424,72.188,20.9824734633424,
Saint Vincent and the Grenadines,VCT,1990,0.0,,286.6974358974359,0.0,70.647,0.0,
Saint Vincent and the Grenadines,VCT,1991,0.0,,287.74871794871797,,70.64,,
Saint Vincent and the Grenadines,VCT,1992,0.0,,288.4846153846154,,70.745,,
Saint Vincent and the Grenadines,VCT,1993,0.0,,289.06410256410254,,70.621,,
Saint Vincent and the Grenadines,VCT,1994,0.0,,289.53333333333336,,70.602,,
Saint Vincent and the Grenadines,VCT,1995,0.0,,289.86410256410255,0.129,70.575,0.129,
Saint Vincent and the Grenadines,VCT,1996,0.0,,290.0487179487179,0.483,70.466,0.483,
Saint Vincent and the Grenadines,VCT,1997,0.0,,290.1051282051282,0.9259999999999999,70.382,0.9259999999999999,
Saint Vincent and the Grenadines,VCT,1998,0.0,,290.20512820512823,1.85,70.263,1.85,
Saint Vincent and the Grenadines,VCT,1999,0.0,,290.6820512820513,2.78,70.312,2.78,
Saint Vincent and the Grenadines,VCT,2000,0.0,0.7,291.14102564102564,3.24503741064558,70.35,3.24503741064558,
Saint Vincent and the Grenadines,VCT,2001,0.0,0.704,291.0282051282051,5.09480977832946,70.382,5.09480977832946,
Saint Vincent and the Grenadines,VCT,2002,0.0,0.71,290.6333333333333,5.54959487957379,70.658,5.54959487957379,
Saint Vincent and the Grenadines,VCT,2003,0.0,0.715,290.1051282051282,6.46227416659743,70.43,6.46227416659743,
Samoa,WSM,1990,0.0,,59.7321554770318,0.0,67.808,0.0,
Samoa,WSM,1991,0.0,,59.84734982332156,,68.039,,
Samoa,WSM,1992,0.0,,60.18763250883392,,68.532,,
Samoa,WSM,1993,0.0,,60.69752650176679,,68.818,,
Samoa,WSM,1994,0.0,,61.18692579505301,,69.162,,
Samoa,WSM,1995,0.0,0.655,61.68586572438163,,69.469,,
Samoa,WSM,1997,0.0,0.665,62.73745583038869,0.175,70.045,0.175,
Samoa,WSM,1999,0.0,0.672,63.70141342756184,0.285,70.555,0.285,
Samoa,WSM,2001,0.0,0.683,64.72296819787987,1.68990283058724,71.028,1.68990283058724,
Sao Tome and Principe,STP,1990,0.0,,128.10416666666666,0.0,60.707,0.0,
Sao Tome and Principe,STP,1991,0.0,,130.934375,,60.792,,
Sao Tome and Principe,STP,1992,0.0,,133.44791666666666,,60.706,,
Sao Tome and Principe,STP,1993,0.0,,135.903125,,60.618,,
Sao Tome and Principe,STP,1994,0.0,,138.2625,,60.552,,
Sao Tome and Principe,STP,1995,0.0,,140.515625,,60.536,,
Sao Tome and Principe,STP,1997,0.0,,144.71041666666667,,60.648,,
Sao Tome and Principe,STP,1999,0.0,,148.37708333333333,0.363,60.976,0.363,
Sao Tome and Principe,STP,2001,0.0,,152.47395833333334,6.31091788794615,61.5,6.31091788794615,
Saudi Arabia,SAU,1990,0.0,0.67,4.949872307169871,0.0,68.874,0.0,
Saudi Arabia,SAU,1991,0.0,0.681,5.191792304936991,,69.341,,
Saudi Arabia,SAU,1992,0.0,0.688,5.436447115630626,,69.799,,
Saudi Arabia,SAU,1993,0.0,0.693,5.682615632951728,,70.208,,
Saudi Arabia,SAU,1994,0.0,0.699,5.931106345566105,,70.587,,
Saudi Arabia,SAU,1995,0.0,0.705,6.181935534891077,0.011000000000000001,70.944,0.011000000000000001,
Saudi Arabia,SAU,1997,0.0,0.718,6.686984169810531,0.0521,71.624,0.0521,
Saudi Arabia,SAU,1999,0.0,0.729,7.19735171117696,0.494,72.29,0.494,
Saudi Arabia,SAU,2001,0.0,0.744,7.927374179532863,4.6810531658103,72.951,4.6810531658103,
Senegal,SEN,1990,0.0,0.377,40.10036357970186,0.0,56.674,0.0,
Senegal,SEN,1991,0.0,0.379,41.25634965979328,,57.037,,
Senegal,SEN,1992,0.0,0.381,42.42660884018075,,57.287,,
Senegal,SEN,1993,0.0,0.382,43.610284111567026,,57.348,,
Senegal,SEN,1994,0.0,0.382,44.79342440139199,,57.479,,
Senegal,SEN,1995,0.0,0.384,45.956998909260896,0.0006929999999999999,57.336,0.0006929999999999999,
Senegal,SEN,1997,0.0,0.386,48.218433490884536,0.0273,57.107,0.0273,
Senegal,SEN,1999,0.0,0.392,50.54218563340778,0.311,57.315,0.311,
Senegal,SEN,2001,0.0,0.404,53.045977250298655,0.983794058848003,58.158,0.983794058848003,
Serbia,SRB,1990,0.0,,,,72.15526829268295,,
Serbia,SRB,1991,0.0,,,,71.8760487804878,,
Serbia,SRB,1992,0.0,,,,71.56882926829267,,
Serbia,SRB,1993,0.0,,,,71.79468292682928,,
Serbia,SRB,1994,0.0,,,,72.20402439024392,,
Serbia,SRB,1995,0.0,0.686,,,72.61573170731708,,
Serbia,SRB,1997,0.0,0.698,,,72.8280975609756,,
Serbia,SRB,1999,0.0,0.685,,,69.92714634146341,,
Serbia,SRB,2001,0.0,0.707,,,72.23414634146341,,
Seychelles,SYC,1990,0.0,,151.1021739130435,0.0,68.10731707317073,0.0,
Seychelles,SYC,1991,0.0,,153.12826086956522,,70.71219512195123,,
Seychelles,SYC,1992,0.0,,153.83260869565217,,71.21463414634147,,
Seychelles,SYC,1993,0.0,,157.0717391304348,,69.46829268292684,,
Seychelles,SYC,1994,0.0,,161.31521739130434,,70.72926829268293,,
Seychelles,SYC,1995,0.0,,163.70434782608694,,72.4829268292683,,
Seychelles,SYC,1997,0.0,,168.08478260869566,1.28,71.21219512195123,1.28,
Seychelles,SYC,1999,0.0,,174.80434782608697,6.23,72.66829268292685,6.23,
Seychelles,SYC,2001,0.0,,176.52608695652174,11.0151029300174,73.25365853658538,11.0151029300174,
Sierra Leone,SLE,1990,0.0,0.313,58.143917982820724,0.0,43.72,0.0,
Sierra Leone,SLE,1991,0.0,0.303,58.828858409531726,,43.287,,
Sierra Leone,SLE,1992,0.0,0.305,57.721889720144084,,43.451,,
Sierra Leone,SLE,1993,0.0,0.312,57.59393183707398,0.0,43.428,0.0,
Sierra Leone,SLE,1994,0.0,0.312,57.81525353283458,0.0,42.808,0.0,
Sierra Leone,SLE,1995,0.0,0.314,57.89940426711,0.0,42.579,0.0,
Sierra Leone,SLE,1997,0.0,0.307,58.9320587420338,0.00499,43.649,0.00499,
Sierra Leone,SLE,1999,0.0,0.301,59.823261291216404,0.0485,41.962,0.0485,
Sierra Leone,SLE,2001,0.0,0.33,65.01407592130784,0.160264445493032,45.448,0.160264445493032,
Singapore,SGP,1990,0.0,0.819,4547.958208955224,0.0,75.29512195121951,0.0,
Singapore,SGP,1991,0.0,0.826,4679.228358208955,0.16199999999999998,75.64634146341463,0.16199999999999998,
Singapore,SGP,1992,0.0,0.833,4821.937313432836,0.471,75.94634146341464,0.471,
Singapore,SGP,1993,0.0,0.84,4945.479104477612,0.763,76.04634146341465,0.763,
Singapore,SGP,1994,0.0,0.848,5103.05671641791,1.19,76.19756097560976,1.19,
Singapore,SGP,1995,0.0,0.854,5260.456716417911,2.87,76.2951219512195,2.87,
Singapore,SGP,1997,0.0,0.866,5665.728358208955,13.5,76.89756097560975,13.5,
Singapore,SGP,1999,0.0,0.875,5908.541791044776,24.2,77.55121951219512,24.2,
Singapore,SGP,2001,0.0,0.885,6176.137313432836,41.6704251756041,78.25121951219512,41.6704251756041,
Slovakia,SVK,1990,0.0,0.698,,0.0,70.93268292682927,0.0,
Slovakia,SVK,1991,0.0,0.697,,,70.8829268292683,,
Slovakia,SVK,1992,0.0,0.702,,,71.79512195121953,,
Slovakia,SVK,1993,0.0,0.71,110.71320166320166,0.128,72.4487804878049,0.128,
Slovakia,SVK,1994,0.0,0.72,111.15033264033264,0.319,72.3,0.319,
Slovakia,SVK,1995,0.0,0.729,111.47607068607068,0.523,72.25365853658538,0.523,
Slovakia,SVK,1997,0.0,0.747,111.9187318087318,1.17,72.7048780487805,1.17,
Slovakia,SVK,1999,0.0,0.765,112.18336798336799,5.44,72.90243902439025,5.44,
Slovakia,SVK,2001,0.0,0.781,111.82675675675675,12.5283218484637,73.40243902439026,12.5283218484637,
Slovenia,SVN,1990,0.0,0.734,,0.0,73.20487804878049,0.0,
Slovenia,SVN,1991,0.0,0.736,,,73.35365853658537,,
Slovenia,SVN,1992,0.0,0.741,99.1309831181728,,73.3048780487805,,
Slovenia,SVN,1993,0.0,0.746,98.89503475670308,0.41,73.25365853658538,0.41,
Slovenia,SVN,1994,0.0,0.756,98.78068520357498,1.07,73.4048780487805,1.07,
Slovenia,SVN,1995,0.0,0.768,98.80198609731877,2.9,73.95853658536586,2.9,
Slovenia,SVN,1997,0.0,0.789,98.60754716981133,7.59,74.70731707317073,7.59,
Slovenia,SVN,1999,0.0,0.82,98.46300893743793,12.6,75.00975609756098,12.6,
Slovenia,SVN,2001,0.0,0.845,98.91062562065541,30.1759104700854,75.75853658536586,30.1759104700854,
Solomon Islands,SLB,1990,0.0,,11.84119328331547,0.0,66.194,0.0,
Solomon Islands,SLB,1991,0.0,,12.20928903179707,,66.357,,
Solomon Islands,SLB,1992,0.0,,12.5832440157199,,66.471,,
Solomon Islands,SLB,1993,0.0,,12.963165416220079,,66.558,,
Solomon Islands,SLB,1994,0.0,,13.350303679885673,,66.661,,
Solomon Islands,SLB,1995,0.0,,13.74537334762415,0.0249,66.717,0.0249,
Solomon Islands,SLB,1997,0.0,,14.55784208645945,0.392,66.768,0.392,
Solomon Islands,SLB,1999,0.0,0.554,15.380493033226152,0.495,67.001,0.495,
Solomon Islands,SLB,2001,0.0,0.542,16.045909253304753,0.468551963584141,67.237,0.468551963584141,
Somalia,SOM,1990,0.0,,11.290226990148883,0.0,46.896,0.0,
Somalia,SOM,1991,0.0,,10.861351101476073,,25.418,,
Somalia,SOM,1992,0.0,,10.353408040297127,,25.034,,
Somalia,SOM,1993,0.0,,10.650363439283323,,50.551,,
Somalia,SOM,1994,0.0,,11.200938884815251,,50.303,,
Somalia,SOM,1995,0.0,,11.612533873178819,0.0,50.65,0.0,
Somalia,SOM,1997,0.0,,12.472542799757708,0.00295,50.278,0.00295,
Somalia,SOM,1999,0.0,,13.536613319730927,0.0139,50.611,0.0139,
Somalia,SOM,2001,0.0,,14.662691682341315,0.0790391786670095,50.829,0.0790391786670095,
South Africa,ZAF,1990,0.0,0.633,33.58882523143377,0.0,62.942,0.0,
South Africa,ZAF,1991,0.0,0.641,34.365049584119895,0.013300000000000001,62.983,0.013300000000000001,
South Africa,ZAF,1992,0.0,0.645,34.98793082129108,0.038900000000000004,62.839,0.038900000000000004,
South Africa,ZAF,1993,0.0,0.65,35.691627166986784,0.11399999999999999,62.618,0.11399999999999999,
South Africa,ZAF,1994,0.0,0.654,36.2744223429424,0.247,62.069,0.247,
South Africa,ZAF,1995,0.0,0.654,36.717435639565075,0.677,61.603,0.677,
South Africa,ZAF,1997,0.0,0.642,37.64505354095739,1.63,60.538,1.63,
South Africa,ZAF,1999,0.0,0.626,38.521737876002604,4.12,59.19,4.12,
South Africa,ZAF,2001,0.0,0.613,39.211270392139085,6.34661931839768,57.161,6.34661931839768,
South Korea,KOR,1990,0.0,0.738,444.4254924320962,0.0233,71.59756097560977,0.0233,
South Korea,KOR,1991,0.0,0.749,448.8461953141198,0.046099999999999995,72.04634146341465,0.046099999999999995,
South Korea,KOR,1992,0.0,0.759,453.53475015550487,0.0984,72.49756097560976,0.0984,
South Korea,KOR,1993,0.001,0.77,458.1653327804271,0.25,72.99756097560977,0.25,
South Korea,KOR,1994,0.001,0.779,462.7984656852581,0.311,73.39756097560976,0.311,
South Korea,KOR,1995,0.0,0.789,467.4786543645034,0.82,73.7,0.82,
South Korea,KOR,1997,0.001,0.812,476.400373211694,3.6,74.60243902439025,3.6,
South Korea,KOR,1999,0.005839,0.821,483.2746941737508,23.6,75.40975609756099,23.6,
South Korea,KOR,2001,0.01,0.838,489.66470953070086,56.6,76.41219512195123,56.6,
Peru,PER,1960,0.0,,,,50.597,,
Peru,PER,1961,0.0,,8.18368984375,,51.192,,
Peru,PER,1962,0.0,,8.425478125,,51.532,,
Peru,PER,1963,0.0,,8.67351484375,,52.597,,
Peru,PER,1964,0.0,,8.9281078125,,53.302,,
Peru,PER,1965,0.0,,9.18834765625,,53.871,,
Peru,PER,1966,0.0,,9.45413828125,,54.4,,
Peru,PER,1967,0.0,,9.7256359375,,54.893,,
Peru,PER,1968,0.0,,10.00311953125,,55.384,,
Peru,PER,1969,0.0,,10.28653671875,,55.816,,
Peru,PER,1970,0.0,,10.54784140625,,47.728,,
Peru,PER,1971,0.0,,10.81098984375,,56.493,,
Peru,PER,1972,0.0,,11.10167734375,,56.989,,
Peru,PER,1973,0.0,,11.39286484375,,57.333,,
Peru,PER,1974,0.0,,11.68480625,,57.769,,
Peru,PER,1975,0.0,,11.97965390625,,58.205,,
Peru,PER,1976,0.0,,12.27875703125,,58.57,,
Peru,PER,1977,0.0,,12.5857859375,,58.895,,
Peru,PER,1978,0.0,,12.90317109375,,59.261,,
Peru,PER,1979,0.0,,13.22901484375,,59.624,,
Peru,PER,1980,0.0,,13.56324140625,,59.982,,
Peru,PER,1981,0.0,,13.90531640625,,60.325,,
Peru,PER,1982,0.0,,14.25508046875,,60.559,,
Peru,PER,1983,0.0,,14.61402890625,,60.764,,
Peru,PER,1984,0.0,,14.980246875,,61.066,,
Peru,PER,1985,0.0,,15.350159375,,61.71,,
Peru,PER,1986,0.0,,15.7165015625,,62.154,,
Peru,PER,1987,0.0,,16.0799375,,62.544,,
Peru,PER,1988,0.0,,16.4489859375,,62.995,,
Peru,PER,1989,0.0,,16.82233515625,,63.405,,
Peru,PER,2025,2.109999895,,,,,,
Philippines,PHL,1960,0.0,,,,59.175,,
Philippines,PHL,1961,0.0,,96.53530812043184,,59.469,,
Philippines,PHL,1962,0.0,,99.65646080600818,,59.755,,
Philippines,PHL,1963,0.0,,102.84560785891505,,60.018,,
Philippines,PHL,1964,0.0,,106.0921075571649,,60.13,,
Philippines,PHL,1965,0.0,,109.38548917052236,,60.41,,
Philippines,PHL,1966,0.0,,112.71095688325622,,60.623,,
Philippines,PHL,1967,0.0,,116.07765037215852,,60.804,,
Philippines,PHL,1968,0.0,,119.48750083819486,,60.917,,
Philippines,PHL,1969,0.0,,122.9155736605646,,60.981,,
Philippines,PHL,1970,0.0,,126.13895259169851,,60.827,,
Philippines,PHL,1971,0.0,,129.14456849728424,,61.065,,
Philippines,PHL,1972,0.0,,132.12821028632737,,60.911,,
Philippines,PHL,1973,0.0,,135.11092110116354,,60.741,,
Philippines,PHL,1974,0.0,,138.0808913779805,,60.816,,
Philippines,PHL,1975,0.0,,141.2644665794681,,60.904,,
Philippines,PHL,1976,0.0,,144.88878156756212,,60.869,,
Philippines,PHL,1977,0.0,,148.8008921085287,,61.431,,
Philippines,PHL,1978,0.0,,152.8499882617299,,61.531,,
Philippines,PHL,1979,0.0,,156.981262367106,,61.727,,
Philippines,PHL,1980,0.0,,161.12868497836806,,61.884,,
Philippines,PHL,1981,0.0,,165.38124895194017,,61.942,,
Philippines,PHL,1982,0.0,,170.02282925847672,,62.175,,
Philippines,PHL,1983,0.0,,175.04987087902873,,62.349,,
Philippines,PHL,1984,0.0,,180.18640708320757,,62.426,,
Philippines,PHL,1985,0.0,,185.17290807257604,,62.735,,
Philippines,PHL,1986,0.0,,189.9757755642754,,62.875,,
Philippines,PHL,1987,0.0,,195.04811349230306,,63.299,,
Philippines,PHL,1988,0.0,,200.35232250058692,,63.711,,
Philippines,PHL,1989,0.0,,205.4709058590737,,64.105,,
Philippines,PHL,2025,1.460000038,,,,,,
Poland,POL,1960,0.0,,,,67.68048780487806,,
Poland,POL,1961,0.0,,97.828855006693,,67.77804878048781,,
Poland,POL,1962,0.0,,98.9536060596167,,67.4268292682927,,
Poland,POL,1963,0.0,,100.27098501420222,,68.37560975609757,,
Poland,POL,1964,0.0,,101.66655783734369,,68.62926829268294,,
Poland,POL,1965,0.0,,102.66397858238923,,69.42926829268292,,
Poland,POL,1966,0.0,,103.434653433021,,69.8268292682927,,
Poland,POL,1967,0.0,,104.43421267426295,,69.42439024390244,,
Poland,POL,1968,0.0,,105.43816317868686,,70.21951219512195,,
Poland,POL,1969,0.0,,106.2662835874498,,69.71951219512196,,
Poland,POL,1970,0.0,,106.64500963139508,,69.86829268292684,,
Poland,POL,1971,0.0,,107.03418329034575,,69.61219512195122,,
Poland,POL,1972,0.0,,107.92272029775702,,70.66585365853659,,
Poland,POL,1973,0.0,,108.9072447680303,,70.66341463414635,,
Poland,POL,1974,0.0,,109.95755329916092,,71.11707317073171,,
Poland,POL,1975,0.0,,111.05553233863333,,70.56097560975611,,
Poland,POL,1976,0.0,,112.16918606549349,,70.65609756097561,,
Poland,POL,1977,0.0,,113.25557478206927,,70.40243902439025,,
Poland,POL,1978,0.0,,114.15847726011296,,70.35121951219514,,
Poland,POL,1979,0.0,,115.07792288354175,,70.75121951219514,,
Poland,POL,1980,0.0,,116.14531979496556,,70.09756097560975,,
Poland,POL,1981,0.0,,117.20456756668517,,71.05121951219513,,
Poland,POL,1982,0.0,,118.28816154624703,,71.10243902439025,,
Poland,POL,1983,0.0,,119.40255313591695,,71.0,,
Poland,POL,1984,0.0,,120.48755754350452,,70.8,,
Poland,POL,1985,0.0,,121.45967873583858,,70.54878048780489,,
Poland,POL,1986,0.0,,122.28972215873846,,70.84878048780489,,
Poland,POL,1987,0.0,,122.98163505174834,,70.89756097560976,,
Poland,POL,1988,0.0,,123.49239936008358,,71.33170731707318,,
Poland,POL,1989,0.0,,123.93982500244866,,71.0439024390244,,
Poland,POL,2025,24.62000084,,,,,,
Portugal,PRT,1960,0.0,,,,64.00746341463416,,
Portugal,PRT,1961,0.0,,97.58815300546448,,62.66651219512196,,
Portugal,PRT,1962,0.0,,98.29491803278688,,64.1810243902439,,
Portugal,PRT,1963,0.0,,98.6924043715847,,64.78839024390244,,
Portugal,PRT,1964,0.0,,98.74715846994536,,64.98339024390245,,
Portugal,PRT,1965,0.0,,98.34530054644809,,65.96046341463415,,
Portugal,PRT,1966,0.0,,97.60644808743169,,65.48765853658539,,
Portugal,PRT,1967,0.0,,96.98928961748634,,66.33407317073171,,
Portugal,PRT,1968,0.0,,96.57540983606557,,66.67819512195122,,
Portugal,PRT,1969,0.0,,95.71262295081968,,66.27817073170732,,
Portugal,PRT,1970,0.0,,94.86809836065574,,67.07317073170732,,
Portugal,PRT,1971,0.0,,94.46727868852459,,66.77073170731708,,
Portugal,PRT,1972,0.0,,94.3216393442623,,68.32439024390244,,
Portugal,PRT,1973,0.0,,94.35081967213115,,67.52439024390245,,
Portugal,PRT,1974,0.0,,95.67612021857923,,68.01951219512196,,
Portugal,PRT,1975,0.0,,99.38218579234973,,68.30975609756098,,
Portugal,PRT,1976,0.0,,102.24928961748634,,68.8609756097561,,
Portugal,PRT,1977,0.0,,103.34071038251366,,70.01219512195122,,
Portugal,PRT,1978,0.0,,104.46174863387978,,70.31707317073172,,
Portugal,PRT,1979,0.0,,105.5875956284153,,71.16829268292685,,
Portugal,PRT,1980,0.0,,106.73565027322404,,71.21463414634147,,
Portugal,PRT,1981,0.0,,107.66515846994535,,71.61463414634147,,
Portugal,PRT,1982,0.0,,108.32536612021858,,72.41463414634147,,
Portugal,PRT,1983,0.0,,108.82912568306011,,72.2658536585366,,
Portugal,PRT,1984,0.0,,109.24843715846994,,72.51463414634145,,
Portugal,PRT,1985,0.0,,109.54768306010929,,72.81463414634148,,
Portugal,PRT,1986,0.0,,109.64736612021858,,73.26585365853659,,
Portugal,PRT,1987,0.0,,109.61782513661203,,73.66585365853659,,
Portugal,PRT,1988,0.0,,109.5039344262295,,73.71463414634147,,
Portugal,PRT,1989,0.001,,109.34426229508196,,74.2658536585366,,
Portugal,PRT,2025,13.67000008,,,,,,
Puerto Rico,PRI,1980,0.0,,361.44306651634724,,73.101,,
Puerto Rico,PRI,1981,0.0,,365.5639233370913,,72.981,,
Puerto Rico,PRI,1982,0.0,,369.4986471251409,,72.949,,
Puerto Rico,PRI,1983,0.0,,373.29627959413756,,73.375,,
Puerto Rico,PRI,1984,0.0,,377.0225479143179,,73.427,,
Puerto Rico,PRI,1985,0.0,,380.7215332581736,,72.633,,
Puerto Rico,PRI,1986,0.0,,384.39165727170234,,73.272,,
Puerto Rico,PRI,1987,0.0,,388.032694475761,,73.402,,
Puerto Rico,PRI,1988,0.0,,391.64577226606536,,73.153,,
Puerto Rico,PRI,1989,0.0,,395.22547914317926,,72.479,,
Puerto Rico,PRI,1990,0.0,,398.7598647125141,0.0,72.827,0.0,
Puerto Rico,PRI,1991,0.0,,401.59075535512966,,73.877,,
Puerto Rico,PRI,1992,0.0,,404.191206313416,,73.387,,
Puerto Rico,PRI,1993,0.0,,407.6095828635851,,73.309,,
Puerto Rico,PRI,1994,0.0,,411.41341600901916,0.0273,73.622,0.0273,
Puerto Rico,PRI,1995,0.0,,415.23145434047353,0.135,73.571,0.135,
Puerto Rico,PRI,1997,0.0,,423.83652762119505,1.33,74.674,1.33,
Puerto Rico,PRI,1999,0.0,,428.419503945885,5.27,75.278,5.27,
Puerto Rico,PRI,2001,0.0,,430.5269447576099,15.6300309162012,75.972,15.6300309162012,
Puerto Rico,PRI,2025,0.230000004,,,,,,
Qatar,QAT,1960,0.0,,,,57.773,,
Qatar,QAT,1961,0.0,,3.417743324720069,,58.502,,
Qatar,QAT,1962,0.0,,3.844099913867356,,59.226,,
Qatar,QAT,1963,0.0,,4.339362618432386,,59.96,,
Qatar,QAT,1964,0.0,,4.898105081826012,,60.7,,
Qatar,QAT,1965,0.0,,5.518087855297158,,61.441,,
Qatar,QAT,1966,0.0,,6.218087855297157,,62.171,,
Qatar,QAT,1967,0.0,,7.014556416881998,,62.884,,
Qatar,QAT,1968,0.0,,7.902583979328165,,63.577,,
Qatar,QAT,1969,0.0,,8.873815676141257,,64.246,,
Qatar,QAT,1970,0.0,,10.021533161068044,,64.889,,
Qatar,QAT,1971,0.0,,11.313178294573643,,65.49,,
Qatar,QAT,1972,0.0,,12.618949181739879,,66.07,,
Qatar,QAT,1973,0.0,,13.939793281653747,,66.629,,
Qatar,QAT,1974,0.0,,15.27665805340224,,67.165,,
Qatar,QAT,1975,0.0,,16.631093884582256,,67.679,,
Qatar,QAT,1976,0.0,,18.006201550387598,,68.172,,
Qatar,QAT,1977,0.0,,19.40439276485788,,68.639,,
Qatar,QAT,1978,0.0,,20.827562446167097,,69.083,,
Qatar,QAT,1979,0.0,,22.27993109388458,,69.507,,
Qatar,QAT,1980,0.0,,23.76511627906977,,69.915,,
Qatar,QAT,1981,0.0,,25.28449612403101,,70.313,,
Qatar,QAT,1982,0.0,,26.833505598621876,,70.704,,
Qatar,QAT,1983,0.0,,28.398708010335916,,71.089,,
Qatar,QAT,1984,0.0,,29.963652024117142,,71.465,,
Qatar,QAT,1985,0.0,,31.51937984496124,,71.831,,
Qatar,QAT,1986,0.0,,32.939018087855295,,72.184,,
Qatar,QAT,1987,0.0,,34.195090439276484,,72.52,,
Qatar,QAT,1988,0.0,,35.42325581395349,,72.836,,
Qatar,QAT,1989,0.0,,36.66201550387597,,73.131,,
Qatar,QAT,2025,0.0,,,,,,
Romania,ROU,1960,0.0,,,,65.86053658536586,,
Romania,ROU,1961,0.0,,80.55591733958497,,65.87714634146343,,
Romania,ROU,1962,0.0,,81.08253017278805,,65.25565853658537,,
Romania,ROU,1963,0.0,,81.60914300599114,,67.07170731707318,,
Romania,ROU,1964,0.0,,82.13565164539376,,67.84512195121953,,
Romania,ROU,1965,0.0,,82.62384301467397,,67.70726829268293,,
Romania,ROU,1966,0.0,,83.42211513414952,,68.89765853658538,,
Romania,ROU,1967,0.0,,84.80612138577754,,67.51595121951219,,
Romania,ROU,1968,0.0,,85.95915168880785,,67.56036585365854,,
Romania,ROU,1969,0.0,,86.867851871147,,66.69207317073172,,
Romania,ROU,1970,0.0,,87.91524702613528,,67.48241463414635,,
Romania,ROU,1971,0.0,,88.83201788660242,,68.50414634146341,,
Romania,ROU,1972,0.0,,89.68462707302248,,68.47024390243904,,
Romania,ROU,1973,0.0,,90.4561995311279,,69.00560975609757,,
Romania,ROU,1974,0.0,,91.29733871667969,,69.49975609756099,,
Romania,ROU,1975,0.0,,92.44413909872362,,69.6139024390244,,
Romania,ROU,1976,0.0,,93.56444386559,,69.69878048780488,,
Romania,ROU,1977,0.0,,94.45209690023444,,69.7419512195122,,
Romania,ROU,1978,0.0,,95.30026916731788,,69.48048780487805,,
Romania,ROU,1979,0.0,,95.90382912216724,,69.15317073170733,,
Romania,ROU,1980,0.0,,96.4108795693323,,69.09097560975611,,
Romania,ROU,1981,0.0,,97.04380481028045,,69.36829268292684,,
Romania,ROU,1982,0.0,,97.57636971433533,,69.53170731707318,,
Romania,ROU,1983,0.0,,97.94424763393245,,69.72634146341466,,
Romania,ROU,1984,0.0,,98.29185985933837,,69.65878048780489,,
Romania,ROU,1985,0.0,,98.69323174437788,,69.7068292682927,,
Romania,ROU,1986,0.0,,99.14405227055657,,69.49634146341464,,
Romania,ROU,1987,0.0,,99.63284709559781,,69.22682926829269,,
Romania,ROU,1988,0.0,,100.1027264044456,,69.38804878048781,,
Romania,ROU,1989,0.0,,100.98739045127535,,69.53073170731709,,
Romania,ROU,2025,5.96999979,,,,,,
Russia,RUS,1985,0.0,,,,67.85682926829269,,
Russia,RUS,1986,0.0,,,,69.38975609756099,,
Russia,RUS,1987,0.0,,,,69.44,,
Russia,RUS,1988,0.0,,,,69.46439024390244,,
Russia,RUS,1989,0.0,,,,69.17170731707317,,
Russia,RUS,2025,3.640000105,,,,,,
Rwanda,RWA,1980,0.0,,216.99468990676937,,48.122,,
Rwanda,RWA,1981,0.0,,224.04661532225376,,49.216,,
Rwanda,RWA,1982,0.0,,231.51799756789623,,50.188,,
Rwanda,RWA,1983,0.0,,239.37215241183623,,50.944,,
Rwanda,RWA,1984,0.0,,247.57304418321849,,51.445,,
Rwanda,RWA,1985,0.0,,256.0692338873125,,51.704,,
Rwanda,RWA,1986,0.0,,264.7702067288204,,51.706,,
Rwanda,RWA,1987,0.0,,273.5911228212404,,51.465,,
Rwanda,RWA,1988,0.0,,282.45119578435344,,50.914,,
Rwanda,RWA,1989,0.0,,291.2325091203891,,49.485,,
Saint Kitts and Nevis,KNA,1980,0.0,,164.80769230769232,,64.385,,
Saint Kitts and Nevis,KNA,1981,0.0,,164.22307692307692,,64.62,,
Saint Kitts and Nevis,KNA,1982,0.0,,163.58461538461538,,64.868,,
Saint Kitts and Nevis,KNA,1983,0.0,,162.8230769230769,,65.118,,
Saint Kitts and Nevis,KNA,1984,0.0,,161.97307692307692,,65.334,,
Saint Kitts and Nevis,KNA,1985,0.0,,161.05384615384617,,65.482,,
Saint Kitts and Nevis,KNA,1986,0.0,,160.06923076923076,,65.554,,
Saint Kitts and Nevis,KNA,1987,0.0,,159.03076923076924,,65.516,,
Saint Kitts and Nevis,KNA,1988,0.0,,157.93076923076924,,65.451,,
Saint Kitts and Nevis,KNA,1989,0.0,,156.76153846153846,,65.45,,
Saint Lucia,LCA,1980,0.0,,195.55737704918033,,67.801,,
Saint Lucia,LCA,1981,0.0,,198.6327868852459,,68.688,,
Saint Lucia,LCA,1982,0.0,,201.78196721311474,,68.977,,
Saint Lucia,LCA,1983,0.0,,204.99016393442622,,69.987,,
Saint Lucia,LCA,1984,0.0,,208.3065573770492,,70.522,,
Saint Lucia,LCA,1985,0.0,,211.7360655737705,,70.308,,
Saint Lucia,LCA,1986,0.0,,215.14590163934426,,70.229,,
Saint Lucia,LCA,1987,0.0,,218.4049180327869,,69.671,,
Saint Lucia,LCA,1988,0.0,,221.31147540983608,,69.736,,
Saint Lucia,LCA,1989,0.0,,223.79016393442623,,70.028,,
Saint Vincent and the Grenadines,VCT,1980,0.0,,267.2128205128205,,67.977,,
Saint Vincent and the Grenadines,VCT,1981,0.0,,269.4179487179487,,68.292,,
Saint Vincent and the Grenadines,VCT,1982,0.0,,271.7153846153846,,68.584,,
Saint Vincent and the Grenadines,VCT,1983,0.0,,273.94358974358977,,68.796,,
Saint Vincent and the Grenadines,VCT,1984,0.0,,276.12051282051283,,69.244,,
Saint Vincent and the Grenadines,VCT,1985,0.0,,278.2205128205128,,69.771,,
Saint Vincent and the Grenadines,VCT,1986,0.0,,280.2076923076923,,70.104,,
Saint Vincent and the Grenadines,VCT,1987,0.0,,282.05384615384617,,70.428,,
Saint Vincent and the Grenadines,VCT,1988,0.0,,283.73846153846154,,70.607,,
Saint Vincent and the Grenadines,VCT,1989,0.0,,285.3128205128205,,70.647,,
Samoa,WSM,1980,0.0,,58.06431095406361,,64.961,,
Samoa,WSM,1981,0.0,,58.5434628975265,,65.296,,
Samoa,WSM,1982,0.0,,58.82826855123675,,65.647,,
Samoa,WSM,1983,0.0,,58.9095406360424,,65.991,,
Samoa,WSM,1984,0.0,,58.93851590106007,,66.284,,
Samoa,WSM,1985,0.0,,58.95724381625442,,66.557,,
Samoa,WSM,1986,0.0,,59.0321554770318,,66.819,,
Samoa,WSM,1987,0.0,,59.24416961130742,,67.047,,
Samoa,WSM,1988,0.0,,59.48621908127208,,67.328,,
Samoa,WSM,1989,0.0,,59.63533568904594,,67.607,,
Sao Tome and Principe,STP,1980,0.0,,102.65,,59.361,,
Sao Tome and Principe,STP,1981,0.0,,104.80729166666667,,59.432,,
Sao Tome and Principe,STP,1982,0.0,,106.77916666666667,,59.533,,
Sao Tome and Principe,STP,1983,0.0,,108.72916666666667,,59.679,,
Sao Tome and Principe,STP,1984,0.0,,110.82708333333333,,59.893,,
Sao Tome and Principe,STP,1985,0.0,,113.18541666666667,,60.139,,
Sao Tome and Principe,STP,1986,0.0,,115.78125,,57.605,,
Sao Tome and Principe,STP,1987,0.0,,118.665625,,60.663,,
Sao Tome and Principe,STP,1988,0.0,,121.81145833333333,,60.808,,
Sao Tome and Principe,STP,1989,0.0,,124.978125,,59.731,,
Saudi Arabia,SAU,1960,0.0,,,,45.31,,
Saudi Arabia,SAU,1961,0.0,,1.1752145658211184,,45.88,,
Saudi Arabia,SAU,1962,0.0,,1.2192036991380153,,46.469,,
Saudi Arabia,SAU,1963,0.0,,1.2649921616605184,,47.086,,
Saudi Arabia,SAU,1964,0.0,,1.3127325335280902,,47.732,,
Saudi Arabia,SAU,1965,0.0,,1.3624155110736897,,48.436,,
Saudi Arabia,SAU,1966,0.0,,1.4141048244165437,,49.187,,
Saudi Arabia,SAU,1967,0.0,,1.4686964166926395,,49.994,,
Saudi Arabia,SAU,1968,0.0,,1.5270625066870107,,50.857,,
Saudi Arabia,SAU,1969,0.0,,1.5895845447483126,,51.773,,
Saudi Arabia,SAU,1970,0.0,,1.6572017360642697,,52.729,,
Saudi Arabia,SAU,1971,0.0,,1.7323572235996818,,53.727,,
Saudi Arabia,SAU,1972,0.0,,1.8168768520112202,,54.742,,
Saudi Arabia,SAU,1973,0.0,,1.9102028664598152,,55.765,,
Saudi Arabia,SAU,1974,0.0,,2.0112816266531452,,56.785,,
Saudi Arabia,SAU,1975,0.0,,2.119508859416939,,57.78,,
Saudi Arabia,SAU,1976,0.0,,2.236570389218911,,58.782,,
Saudi Arabia,SAU,1977,0.0,,2.3645493071093973,,59.749,,
Saudi Arabia,SAU,1978,0.0,,2.5035712125934437,,60.685,,
Saudi Arabia,SAU,1979,0.0,,2.6532653545394917,,61.518,,
Saudi Arabia,SAU,1980,0.0,,2.8134275174560055,,62.444,,
Saudi Arabia,SAU,1981,0.0,,2.986733435983793,,63.252,,
Saudi Arabia,SAU,1982,0.0,,3.174637273281264,,64.008,,
Saudi Arabia,SAU,1983,0.0,,3.373947406370221,,64.719,,
Saudi Arabia,SAU,1984,0.0,,3.5806590717731392,,65.391,,
Saudi Arabia,SAU,1985,0.0,,3.792071880131554,,66.027,,
Saudi Arabia,SAU,1986,0.0,,4.013899213374952,,66.648,,
Saudi Arabia,SAU,1987,0.0,,4.247214249496439,,67.242,,
Saudi Arabia,SAU,1988,0.0,,4.479327251836311,,67.814,,
Saudi Arabia,SAU,1989,0.0,,4.711560271481004,,68.359,,
Senegal,SEN,1980,0.0,,30.362218874980524,,48.294,,
Senegal,SEN,1981,0.0,,31.149223497636733,,49.083,,
Senegal,SEN,1982,0.0,,31.979229211032045,,49.863,,
Senegal,SEN,1983,0.0,,32.84944683945359,,50.811,,
Senegal,SEN,1984,0.0,,33.757668934711475,,51.694,,
Senegal,SEN,1985,0.0,,34.71296421336935,,52.586,,
Senegal,SEN,1986,0.0,,35.72529995325404,,53.718,,
Senegal,SEN,1987,0.0,,36.78143665922194,,54.632,,
Senegal,SEN,1988,0.0,,37.86224484495923,,55.546,,
Senegal,SEN,1989,0.0,,38.96643120552641,,56.209,,
Serbia,SRB,2025,1.470000029,,,,,,
Seychelles,SYC,1980,0.0,,137.52391304347827,,69.59756097560977,,
Seychelles,SYC,1981,0.0,,139.20652173913044,,70.18780487804878,,
Seychelles,SYC,1982,0.0,,140.02826086956523,,69.32439024390244,,
Seychelles,SYC,1983,0.0,,139.8586956521739,,70.3829268292683,,
Seychelles,SYC,1984,0.0,,140.6891304347826,,69.55365853658536,,
Seychelles,SYC,1985,0.0,,141.83478260869566,,69.69756097560976,,
Seychelles,SYC,1986,0.0,,142.72173913043477,,68.65609756097562,,
Seychelles,SYC,1987,0.0,,148.91086956521738,,68.23658536585366,,
Seychelles,SYC,1988,0.0,,149.4673913043478,,68.70243902439024,,
Seychelles,SYC,1989,0.0,,150.36304347826086,,67.97073170731709,,
Sierra Leone,SLE,1980,0.0,,45.33234968135218,,42.839,,
Sierra Leone,SLE,1981,0.0,,46.25852036575228,,43.086,,
Sierra Leone,SLE,1982,0.0,,47.21783042394015,,43.302,,
Sierra Leone,SLE,1983,0.0,,48.235605430867274,,43.455,,
Sierra Leone,SLE,1984,0.0,,49.30393460792463,,43.561,,
Sierra Leone,SLE,1985,0.0,,50.40784150734275,,43.556,,
Sierra Leone,SLE,1986,0.0,,51.65392075367138,,43.502,,
Sierra Leone,SLE,1987,0.0,,53.05788307010252,,43.748,,
Sierra Leone,SLE,1988,0.0,,54.50979495705182,,43.765,,
Sierra Leone,SLE,1989,0.0,,55.88857024106401,,43.741,,
Singapore,SGP,1965,0.0,,2816.268656716418,,67.23285365853658,,
Singapore,SGP,1966,0.0,,2887.1641791044776,,67.54782926829269,,
Singapore,SGP,1967,0.0,,2951.6417910447763,,67.65239024390246,,
Singapore,SGP,1968,0.0,,3002.9850746268658,,67.98078048780489,,
Singapore,SGP,1969,0.0,,3048.507462686567,,68.33397560975611,,
Singapore,SGP,1970,0.0,,3096.279104477612,,68.72475609756098,,
Singapore,SGP,1971,0.0,,3153.582089552239,,69.00021951219512,,
Singapore,SGP,1972,0.0,,3212.5373134328356,,69.16356097560977,,
Singapore,SGP,1973,0.0,,3273.134328358209,,69.53046341463416,,
Singapore,SGP,1974,0.0,,3328.0597014925374,,69.89451219512196,,
Singapore,SGP,1975,0.0,,3377.0149253731342,,70.40551219512196,,
Singapore,SGP,1976,0.0,,3422.8358208955224,,70.74704878048782,,
Singapore,SGP,1977,0.0,,3470.597014925373,,71.02612195121951,,
Singapore,SGP,1978,0.0,,3512.8358208955224,,71.28356097560977,,
Singapore,SGP,1979,0.0,,3557.4626865671644,,71.46175609756098,,
Singapore,SGP,1980,0.0,,3602.902985074627,,72.19024390243904,,
Singapore,SGP,1981,0.0,,3780.3507462686566,,72.58780487804879,,
Singapore,SGP,1982,0.0,,3949.949253731343,,72.68780487804878,,
Singapore,SGP,1983,0.0,,4001.5835820895522,,73.03658536585368,,
Singapore,SGP,1984,0.0,,4077.941791044776,,73.29024390243903,,
Singapore,SGP,1985,0.0,,4083.517910447761,,73.89024390243904,,
Singapore,SGP,1986,0.0,,4079.661194029851,,74.24634146341464,,
Singapore,SGP,1987,0.0,,4141.476119402985,,74.54878048780488,,
Singapore,SGP,1988,0.0,,4247.922388059702,,74.69756097560976,,
Singapore,SGP,1989,0.0,,4374.479104477612,,74.94634146341464,,
Singapore,SGP,2025,0.0,,,,,,
Slovakia,SVK,1965,0.0,,,,70.23526829268293,,
Slovakia,SVK,1966,0.0,,,,70.37743902439026,,
Slovakia,SVK,1967,0.0,,,,70.92558536585366,,
Slovakia,SVK,1968,0.0,,,,70.43675609756099,,
Slovakia,SVK,1969,0.0,,,,69.79539024390245,,
Slovakia,SVK,1970,0.0,,,,69.71258536585366,,
Slovakia,SVK,1971,0.0,,,,69.86256097560977,,
Slovakia,SVK,1972,0.0,,,,70.29821951219513,,
Slovakia,SVK,1973,0.0,,,,70.02139024390245,,
Slovakia,SVK,1974,0.0,,,,70.17817073170733,,
Slovakia,SVK,1975,0.0,,,,70.30504878048781,,
Slovakia,SVK,1976,0.0,,,,70.46319512195122,,
Slovakia,SVK,1977,0.0,,,,70.42312195121951,,
Slovakia,SVK,1978,0.0,,,,70.42643902439025,,
Slovakia,SVK,1979,0.0,,,,70.74473170731709,,
Slovakia,SVK,1980,0.0,,,,70.40853658536587,,
Slovakia,SVK,1981,0.0,,,,70.62926829268294,,
Slovakia,SVK,1982,0.0,,,,70.6890243902439,,
Slovakia,SVK,1983,0.0,,,,70.47902439024392,,
Slovakia,SVK,1984,0.0,,,,70.75097560975611,,
Slovakia,SVK,1985,0.0,,,,70.73463414634146,,
Slovakia,SVK,1986,0.0,,,,71.02121951219513,,
Slovakia,SVK,1987,0.0,,,,71.08878048780488,,
Slovakia,SVK,1988,0.0,,,,71.20780487804879,,
Slovakia,SVK,1989,0.0,,,,71.02634146341464,,
Slovakia,SVK,2025,0.0,,,,,,
Slovenia,SVN,2025,0.01,,,,,,
Solomon Islands,SLB,1980,0.0,,8.507859949982137,,63.669,,
Solomon Islands,SLB,1981,0.0,,8.808681672025724,,64.077,,
Solomon Islands,SLB,1982,0.0,,9.117541979278315,,64.456,,
Solomon Islands,SLB,1983,0.0,,9.43436941764916,,64.771,,
Solomon Islands,SLB,1984,0.0,,9.759306895319757,,65.049,,
Solomon Islands,SLB,1985,0.0,,10.091282600928903,,65.288,,
Solomon Islands,SLB,1986,0.0,,10.426652375848517,,64.718,,
Solomon Islands,SLB,1987,0.0,,10.768631654162201,,65.683,,
Solomon Islands,SLB,1988,0.0,,11.120578778135048,,65.866,,
Solomon Islands,SLB,1989,0.0,,11.47845659163987,,66.051,,
Somalia,SOM,1980,0.0,,9.462419102878822,,47.611,,
Somalia,SOM,1981,0.0,,9.536852424522587,,47.817,,
Somalia,SOM,1982,0.0,,9.570312749067492,,48.02,,
Somalia,SOM,1983,0.0,,9.88049542512832,,48.23,,
Somalia,SOM,1984,0.0,,10.247057417030637,,48.438,,
Somalia,SOM,1985,0.0,,10.66931647910224,,48.279,,
Somalia,SOM,1986,0.0,,11.118034877418944,,48.431,,
Somalia,SOM,1987,0.0,,11.522144291771607,,49.002,,
Somalia,SOM,1988,0.0,,11.533394969235184,,43.933,,
Somalia,SOM,1989,0.0,,11.341245576561354,,46.648,,
South Africa,ZAF,1960,0.0,,,,52.575,,
South Africa,ZAF,1961,0.0,,13.93798893734183,,53.067,,
South Africa,ZAF,1962,0.0,,14.3588043756028,,53.566,,
South Africa,ZAF,1963,0.0,,14.800685851832922,,53.895,,
South Africa,ZAF,1964,0.0,,15.259676528534568,,54.215,,
South Africa,ZAF,1965,0.0,,15.736161373022611,,54.427,,
South Africa,ZAF,1966,0.0,,16.23134886941612,,54.731,,
South Africa,ZAF,1967,0.0,,16.74572043294397,,54.955,,
South Africa,ZAF,1968,0.0,,17.275953968790443,,55.191,,
South Africa,ZAF,1969,0.0,,17.81786676998409,,55.44,,
South Africa,ZAF,1970,0.0,,18.36630752870768,,55.681,,
South Africa,ZAF,1971,0.0,,18.912152437164597,,56.02,,
South Africa,ZAF,1972,0.0,,19.46224599988459,,56.377,,
South Africa,ZAF,1973,0.0,,20.02676058660116,,56.72,,
South Africa,ZAF,1974,0.0,,20.599549909734645,,57.11,,
South Africa,ZAF,1975,0.0,,21.178098904450618,,57.591,,
South Africa,ZAF,1976,0.0,,21.75885548475381,,58.0,,
South Africa,ZAF,1977,0.0,,22.355267952089292,,58.48,,
South Africa,ZAF,1978,0.0,,22.973981320429647,,58.991,,
South Africa,ZAF,1979,0.0,,23.604317898919287,,59.472,,
South Africa,ZAF,1980,0.0,,24.333608388495495,,59.961,,
South Africa,ZAF,1981,0.0,,25.17623919082673,,60.445,,
South Africa,ZAF,1982,0.0,,26.061824761559325,,60.936,,
South Africa,ZAF,1983,0.0,,26.988355356980932,,61.393,,
South Africa,ZAF,1984,0.0,,27.939219678671822,,61.837,,
South Africa,ZAF,1985,0.0,,28.886639078716335,,62.195,,
South Africa,ZAF,1986,0.0,,29.82508717407612,,62.421,,
South Africa,ZAF,1987,0.0,,30.769514215763053,,62.694,,
South Africa,ZAF,1988,0.0,,31.721182270070646,,62.902,,
South Africa,ZAF,1989,0.0,,32.667464903675736,,63.017,,
South Africa,ZAF,2025,11.31999969,,,,,,
South Korea,KOR,1960,0.0,,,,53.79756097560976,,
South Korea,KOR,1961,0.0,,267.1125129587394,,54.47685365853659,,
South Korea,KOR,1962,0.0,,274.8603566245076,,55.0549512195122,,
South Korea,KOR,1963,0.0,,282.6222993987145,,55.02546341463415,,
South Korea,KOR,1964,0.0,,290.1114969935725,,55.392243902439034,,
South Korea,KOR,1965,0.0,,297.5811113414887,,55.864585365853664,,
South Korea,KOR,1966,0.0,,305.15831432718227,,55.5229756097561,,
South Korea,KOR,1967,0.0,,312.3676446195314,,60.928731707317084,,
South Korea,KOR,1968,0.0,,319.70041467965996,,60.94326829268293,,
South Korea,KOR,1969,0.0,,327.01913746630726,,61.4829024390244,,
South Korea,KOR,1970,0.0,,334.24037943188887,,62.16341463414635,,
South Korea,KOR,1971,0.0,,340.89471283433545,,62.61219512195123,,
South Korea,KOR,1972,0.0,,347.3502591747875,,63.00975609756099,,
South Korea,KOR,1973,0.0,,353.5470557744143,,63.407317073170745,,
South Korea,KOR,1974,0.0,,359.6544267053701,,63.8048780487805,,
South Korea,KOR,1975,0.0,,365.75497615591956,,64.15365853658537,,
South Korea,KOR,1976,0.0,,371.64133319510677,,64.50243902439024,,
South Korea,KOR,1977,0.0,,377.4807692307692,,64.9,,
South Korea,KOR,1978,0.0,,383.25922662243414,,65.19756097560976,,
South Korea,KOR,1979,0.0,,389.11710553597345,,65.54634146341465,,
South Korea,KOR,1980,0.0,,395.2288513373419,,66.04634146341465,,
South Korea,KOR,1981,0.0,,401.44358283226205,,66.54634146341465,,
South Korea,KOR,1982,0.0,,407.69595687331537,,67.09512195121953,,
South Korea,KOR,1983,0.0,,413.7508086253369,,67.54634146341465,,
South Korea,KOR,1984,0.0,,418.88820236367405,,68.19512195121952,,
South Korea,KOR,1985,0.0,,423.03280116110307,,68.79512195121951,,
South Korea,KOR,1986,0.0,,427.2618080033174,,69.44634146341464,,
South Korea,KOR,1987,0.0,,431.49170640680074,,69.99756097560976,,
South Korea,KOR,1988,0.0,,435.7375803441841,,70.54878048780489,,
South Korea,KOR,1989,0.0,,440.0688160895708,,71.04878048780489,,
South Korea,KOR,2025,3.640000105,,,,,,
Peru,PER,1909,0.0,,,,,,
Peru,PER,1910,0.0,,,,,,
Peru,PER,1911,0.0,,,,,,
Peru,PER,1912,0.0,,,,,,
Peru,PER,1913,0.0,,,,,,
Peru,PER,1914,0.0,,,,,,
Peru,PER,1915,0.0,,,,,,
Peru,PER,1916,0.0,,,,,,
Peru,PER,1917,0.0,,,,,,
Peru,PER,1918,0.0,,,,,,
Peru,PER,1919,0.0,,,,,,
Peru,PER,1920,0.0,,,,,,
Peru,PER,1921,0.0,,,,,,
Peru,PER,1922,0.0,,,,,,
Peru,PER,1923,0.0,,,,,,
Peru,PER,1924,0.0,,,,,,
Peru,PER,1925,0.0,,,,,,
Peru,PER,1926,0.0,,,,,,
Peru,PER,1927,0.0,,,,,,
Peru,PER,1928,0.0,,,,,,
Peru,PER,1929,0.0,,,,,,
Peru,PER,1930,0.0,,,,,,
Peru,PER,1931,0.0,,,,,,
Peru,PER,1932,0.0,,,,,,
Peru,PER,1933,0.0,,,,,,
Peru,PER,1934,0.0,,,,,,
Peru,PER,1935,0.0,,,,,,
Peru,PER,1936,0.0,,,,,,
Peru,PER,1937,0.0,,,,,,
Peru,PER,1938,0.0,,,,,,
Peru,PER,1939,0.0,,,,,,
Peru,PER,1940,0.0,,,,,,
Peru,PER,1941,0.0,,,,,,
Peru,PER,1942,0.0,,,,,,
Peru,PER,1943,0.0,,,,,,
Peru,PER,1944,0.0,,,,,,
Peru,PER,1945,0.0,,,,,,
Peru,PER,1946,0.0,,,,,,
Peru,PER,1947,0.0,,,,,,
Peru,PER,1948,0.0,,,,,,
Peru,PER,1949,0.0,,,,,,
Peru,PER,1950,0.0,,,,,,
Peru,PER,1951,0.0,,,,,,
Peru,PER,1952,0.0,,,,,,
Peru,PER,1953,0.0,,,,,,
Peru,PER,1954,0.0,,,,,,
Peru,PER,1955,0.0,,,,,,
Peru,PER,1956,0.0,,,,,,
Peru,PER,1957,0.0,,,,,,
Peru,PER,1958,0.0,,,,,,
Peru,PER,1959,0.0,,,,,,
Philippines,PHL,1900,0.0,,,,,,
Philippines,PHL,1901,0.0,,,,,,
Philippines,PHL,1902,0.0,,,,,,
Philippines,PHL,1903,0.0,,,,,,
Philippines,PHL,1904,0.0,,,,,,
Philippines,PHL,1905,0.0,,,,,,
Philippines,PHL,1906,0.0,,,,,,
Philippines,PHL,1907,0.0,,,,,,
Philippines,PHL,1908,0.0,,,,,,
Philippines,PHL,1909,0.0,,,,,,
Philippines,PHL,1910,0.0,,,,,,
Philippines,PHL,1911,0.0,,,,,,
Philippines,PHL,1912,0.0,,,,,,
Philippines,PHL,1913,0.0,,,,,,
Philippines,PHL,1914,0.0,,,,,,
Philippines,PHL,1915,0.0,,,,,,
Philippines,PHL,1916,0.0,,,,,,
Philippines,PHL,1917,0.0,,,,,,
Philippines,PHL,1918,0.0,,,,,,
Philippines,PHL,1919,0.0,,,,,,
Philippines,PHL,1920,0.0,,,,,,
Philippines,PHL,1921,0.0,,,,,,
Philippines,PHL,1922,0.0,,,,,,
Philippines,PHL,1923,0.0,,,,,,
Philippines,PHL,1924,0.0,,,,,,
Philippines,PHL,1925,0.0,,,,,,
Philippines,PHL,1926,0.0,,,,,,
Philippines,PHL,1927,0.0,,,,,,
Philippines,PHL,1928,0.0,,,,,,
Philippines,PHL,1929,0.0,,,,,,
Philippines,PHL,1930,0.0,,,,,,
Philippines,PHL,1931,0.0,,,,,,
Philippines,PHL,1932,0.0,,,,,,
Philippines,PHL,1933,0.0,,,,,,
Philippines,PHL,1934,0.0,,,,,,
Philippines,PHL,1935,0.0,,,,,,
Philippines,PHL,1936,0.0,,,,,,
Philippines,PHL,1937,0.0,,,,,,
Philippines,PHL,1938,0.0,,,,,,
Philippines,PHL,1939,0.0,,,,,,
Philippines,PHL,1940,0.0,,,,,,
Philippines,PHL,1941,0.0,,,,,,
Philippines,PHL,1942,0.0,,,,,,
Philippines,PHL,1943,0.0,,,,,,
Philippines,PHL,1944,0.0,,,,,,
Philippines,PHL,1945,0.0,,,,,,
Philippines,PHL,1946,0.0,,,,,,
Philippines,PHL,1947,0.0,,,,,,
Philippines,PHL,1948,0.0,,,,,,
Philippines,PHL,1949,0.0,,,,,,
Philippines,PHL,1950,0.0,,,,,,
Philippines,PHL,1951,0.0,,,,,,
Philippines,PHL,1952,0.0,,,,,,
Philippines,PHL,1953,0.0,,,,,,
Philippines,PHL,1954,0.0,,,,,,
Philippines,PHL,1955,0.0,,,,,,
Philippines,PHL,1956,0.0,,,,,,
Philippines,PHL,1957,0.0,,,,,,
Philippines,PHL,1958,0.0,,,,,,
Philippines,PHL,1959,0.0,,,,,,
Poland,POL,1900,0.0,,,,,,
Poland,POL,1901,0.0,,,,,,
Poland,POL,1902,0.0,,,,,,
Poland,POL,1903,0.0,,,,,,
Poland,POL,1904,0.0,,,,,,
Poland,POL,1905,0.0,,,,,,
Poland,POL,1906,0.0,,,,,,
Poland,POL,1907,0.0,,,,,,
Poland,POL,1908,0.0,,,,,,
Poland,POL,1909,0.0,,,,,,
Poland,POL,1910,0.0,,,,,,
Poland,POL,1911,0.0,,,,,,
Poland,POL,1912,0.0,,,,,,
Poland,POL,1913,0.0,,,,,,
Poland,POL,1914,0.0,,,,,,
Poland,POL,1915,0.0,,,,,,
Poland,POL,1916,0.0,,,,,,
Poland,POL,1917,0.0,,,,,,
Poland,POL,1918,0.0,,,,,,
Poland,POL,1919,0.0,,,,,,
Poland,POL,1920,0.0,,,,,,
Poland,POL,1921,0.0,,,,,,
Poland,POL,1922,0.0,,,,,,
Poland,POL,1923,0.0,,,,,,
Poland,POL,1924,0.0,,,,,,
Poland,POL,1925,0.0,,,,,,
Poland,POL,1926,0.0,,,,,,
Poland,POL,1927,0.0,,,,,,
Poland,POL,1928,0.0,,,,,,
Poland,POL,1929,0.0,,,,,,
Poland,POL,1930,0.0,,,,,,
Poland,POL,1931,0.0,,,,,,
Poland,POL,1932,0.0,,,,,,
Poland,POL,1933,0.0,,,,,,
Poland,POL,1934,0.0,,,,,,
Poland,POL,1935,0.0,,,,,,
Poland,POL,1936,0.0,,,,,,
Poland,POL,1937,0.0,,,,,,
Poland,POL,1938,0.0,,,,,,
Poland,POL,1939,0.0,,,,,,
Poland,POL,1940,0.0,,,,,,
Poland,POL,1941,0.0,,,,,,
Poland,POL,1942,0.0,,,,,,
Poland,POL,1943,0.0,,,,,,
Poland,POL,1944,0.0,,,,,,
Poland,POL,1945,0.0,,,,,,
Poland,POL,1946,0.0,,,,,,
Poland,POL,1947,0.0,,,,,,
Poland,POL,1948,0.0,,,,,,
Poland,POL,1949,0.0,,,,,,
Poland,POL,1950,0.0,,,,,,
Poland,POL,1951,0.0,,,,,,
Poland,POL,1952,0.0,,,,,,
Poland,POL,1953,0.0,,,,,,
Poland,POL,1954,0.0,,,,,,
Poland,POL,1955,0.0,,,,,,
Poland,POL,1956,0.0,,,,,,
Poland,POL,1957,0.0,,,,,,
Poland,POL,1958,0.0,,,,,,
Poland,POL,1959,0.0,,,,,,
Portugal,PRT,1900,0.0,,,,,,
Portugal,PRT,1901,0.0,,,,,,
Portugal,PRT,1902,0.0,,,,,,
Portugal,PRT,1903,0.0,,,,,,
Portugal,PRT,1904,0.0,,,,,,
Portugal,PRT,1905,0.0,,,,,,
Portugal,PRT,1906,0.0,,,,,,
Portugal,PRT,1907,0.0,,,,,,
Portugal,PRT,1908,0.0,,,,,,
Portugal,PRT,1909,0.0,,,,,,
Portugal,PRT,1910,0.0,,,,,,
Portugal,PRT,1911,0.0,,,,,,
Portugal,PRT,1912,0.0,,,,,,
Portugal,PRT,1913,0.0,,,,,,
Portugal,PRT,1914,0.0,,,,,,
Portugal,PRT,1915,0.0,,,,,,
Portugal,PRT,1916,0.0,,,,,,
Portugal,PRT,1917,0.0,,,,,,
Portugal,PRT,1918,0.0,,,,,,
Portugal,PRT,1919,0.0,,,,,,
Portugal,PRT,1920,0.0,,,,,,
Portugal,PRT,1921,0.0,,,,,,
Portugal,PRT,1922,0.0,,,,,,
Portugal,PRT,1923,0.0,,,,,,
Portugal,PRT,1924,0.0,,,,,,
Portugal,PRT,1925,0.0,,,,,,
Portugal,PRT,1926,0.0,,,,,,
Portugal,PRT,1927,0.0,,,,,,
Portugal,PRT,1928,0.0,,,,,,
Portugal,PRT,1929,0.0,,,,,,
Portugal,PRT,1930,0.0,,,,,,
Portugal,PRT,1931,0.0,,,,,,
Portugal,PRT,1932,0.0,,,,,,
Portugal,PRT,1933,0.0,,,,,,
Portugal,PRT,1934,0.0,,,,,,
Portugal,PRT,1935,0.0,,,,,,
Portugal,PRT,1936,0.0,,,,,,
Portugal,PRT,1937,0.0,,,,,,
Portugal,PRT,1938,0.0,,,,,,
Portugal,PRT,1939,0.0,,,,,,
Portugal,PRT,1940,0.0,,,,,,
Portugal,PRT,1941,0.0,,,,,,
Portugal,PRT,1942,0.0,,,,,,
Portugal,PRT,1943,0.0,,,,,,
Portugal,PRT,1944,0.0,,,,,,
Portugal,PRT,1945,0.0,,,,,,
Portugal,PRT,1946,0.0,,,,,,
Portugal,PRT,1947,0.0,,,,,,
Portugal,PRT,1948,0.0,,,,,,
Portugal,PRT,1949,0.0,,,,,,
Portugal,PRT,1950,0.0,,,,,,
Portugal,PRT,1951,0.0,,,,,,
Portugal,PRT,1952,0.0,,,,,,
Portugal,PRT,1953,0.0,,,,,,
Portugal,PRT,1954,0.0,,,,,,
Portugal,PRT,1955,0.0,,,,,,
Portugal,PRT,1956,0.0,,,,,,
Portugal,PRT,1957,0.0,,,,,,
Portugal,PRT,1958,0.0,,,,,,
Portugal,PRT,1959,0.0,,,,,,
Qatar,QAT,1900,0.0,,,,,,
Qatar,QAT,1901,0.0,,,,,,
Qatar,QAT,1902,0.0,,,,,,
Qatar,QAT,1903,0.0,,,,,,
Qatar,QAT,1904,0.0,,,,,,
Qatar,QAT,1905,0.0,,,,,,
Qatar,QAT,1906,0.0,,,,,,
Qatar,QAT,1907,0.0,,,,,,
Qatar,QAT,1908,0.0,,,,,,
Qatar,QAT,1909,0.0,,,,,,
Qatar,QAT,1910,0.0,,,,,,
Qatar,QAT,1911,0.0,,,,,,
Qatar,QAT,1912,0.0,,,,,,
Qatar,QAT,1913,0.0,,,,,,
Qatar,QAT,1914,0.0,,,,,,
Qatar,QAT,1915,0.0,,,,,,
Qatar,QAT,1916,0.0,,,,,,
Qatar,QAT,1917,0.0,,,,,,
Qatar,QAT,1918,0.0,,,,,,
Qatar,QAT,1919,0.0,,,,,,
Qatar,QAT,1920,0.0,,,,,,
Qatar,QAT,1921,0.0,,,,,,
Qatar,QAT,1922,0.0,,,,,,
Qatar,QAT,1923,0.0,,,,,,
Qatar,QAT,1924,0.0,,,,,,
Qatar,QAT,1925,0.0,,,,,,
Qatar,QAT,1926,0.0,,,,,,
Qatar,QAT,1927,0.0,,,,,,
Qatar,QAT,1928,0.0,,,,,,
Qatar,QAT,1929,0.0,,,,,,
Qatar,QAT,1930,0.0,,,,,,
Qatar,QAT,1931,0.0,,,,,,
Qatar,QAT,1932,0.0,,,,,,
Qatar,QAT,1933,0.0,,,,,,
Qatar,QAT,1934,0.0,,,,,,
Qatar,QAT,1935,0.0,,,,,,
Qatar,QAT,1936,0.0,,,,,,
Qatar,QAT,1937,0.0,,,,,,
Qatar,QAT,1938,0.0,,,,,,
Qatar,QAT,1939,0.0,,,,,,
Qatar,QAT,1940,0.0,,,,,,
Qatar,QAT,1941,0.0,,,,,,
Qatar,QAT,1942,0.0,,,,,,
Qatar,QAT,1943,0.0,,,,,,
Qatar,QAT,1944,0.0,,,,,,
Qatar,QAT,1945,0.0,,,,,,
Qatar,QAT,1946,0.0,,,,,,
Qatar,QAT,1947,0.0,,,,,,
Qatar,QAT,1948,0.0,,,,,,
Qatar,QAT,1949,0.0,,,,,,
Qatar,QAT,1950,0.0,,,,,,
Qatar,QAT,1951,0.0,,,,,,
Qatar,QAT,1952,0.0,,,,,,
Qatar,QAT,1953,0.0,,,,,,
Qatar,QAT,1954,0.0,,,,,,
Qatar,QAT,1955,0.0,,,,,,
Qatar,QAT,1956,0.0,,,,,,
Qatar,QAT,1957,0.0,,,,,,
Qatar,QAT,1958,0.0,,,,,,
Qatar,QAT,1959,0.0,,,,,,
Reunion,REU,1980,0.0,,,,,,
Reunion,REU,1981,0.0,,,,,,
Reunion,REU,1982,0.0,,,,,,
Reunion,REU,1983,0.0,,,,,,
Reunion,REU,1984,0.0,,,,,,
Reunion,REU,1985,0.0,,,,,,
Reunion,REU,1986,0.0,,,,,,
Reunion,REU,1987,0.0,,,,,,
Reunion,REU,1988,0.0,,,,,,
Reunion,REU,1989,0.0,,,,,,
Reunion,REU,1990,0.0,,,,,,
Reunion,REU,1991,0.0,,,,,,
Reunion,REU,1992,0.0,,,,,,
Reunion,REU,1993,0.0,,,,,,
Reunion,REU,1994,0.0,,,,,,
Reunion,REU,1995,0.0,,,,,,
Reunion,REU,1996,0.0,,,,,,
Reunion,REU,1997,0.0,,,,,,
Reunion,REU,1998,0.0,,,,,,
Reunion,REU,1999,0.0,,,,,,
Reunion,REU,2000,0.0,,,,,,
Reunion,REU,2001,0.0,,,,,,
Reunion,REU,2002,0.0,,,,,,
Reunion,REU,2003,0.0,,,,,,
Romania,ROU,1900,0.0,,,,,,
Romania,ROU,1901,0.0,,,,,,
Romania,ROU,1902,0.0,,,,,,
Romania,ROU,1903,0.0,,,,,,
Romania,ROU,1904,0.0,,,,,,
Romania,ROU,1905,0.0,,,,,,
Romania,ROU,1906,0.0,,,,,,
Romania,ROU,1907,0.0,,,,,,
Romania,ROU,1908,0.0,,,,,,
Romania,ROU,1909,0.0,,,,,,
Romania,ROU,1910,0.0,,,,,,
Romania,ROU,1911,0.0,,,,,,
Romania,ROU,1912,0.0,,,,,,
Romania,ROU,1913,0.0,,,,,,
Romania,ROU,1914,0.0,,,,,,
Romania,ROU,1915,0.0,,,,,,
Romania,ROU,1916,0.0,,,,,,
Romania,ROU,1917,0.0,,,,,,
Romania,ROU,1918,0.0,,,,,,
Romania,ROU,1919,0.0,,,,,,
Romania,ROU,1920,0.0,,,,,,
Romania,ROU,1921,0.0,,,,,,
Romania,ROU,1922,0.0,,,,,,
Romania,ROU,1923,0.0,,,,,,
Romania,ROU,1924,0.0,,,,,,
Romania,ROU,1925,0.0,,,,,,
Romania,ROU,1926,0.0,,,,,,
Romania,ROU,1927,0.0,,,,,,
Romania,ROU,1928,0.0,,,,,,
Romania,ROU,1929,0.0,,,,,,
Romania,ROU,1930,0.0,,,,,,
Romania,ROU,1931,0.0,,,,,,
Romania,ROU,1932,0.0,,,,,,
Romania,ROU,1933,0.0,,,,,,
Romania,ROU,1934,0.0,,,,,,
Romania,ROU,1935,0.0,,,,,,
Romania,ROU,1936,0.0,,,,,,
Romania,ROU,1937,0.0,,,,,,
Romania,ROU,1938,0.0,,,,,,
Romania,ROU,1939,0.0,,,,,,
Romania,ROU,1940,0.0,,,,,,
Romania,ROU,1941,0.0,,,,,,
Romania,ROU,1942,0.0,,,,,,
Romania,ROU,1943,0.0,,,,,,
Romania,ROU,1944,0.0,,,,,,
Romania,ROU,1945,0.0,,,,,,
Romania,ROU,1946,0.0,,,,,,
Romania,ROU,1947,0.0,,,,,,
Romania,ROU,1948,0.0,,,,,,
Romania,ROU,1949,0.0,,,,,,
Romania,ROU,1950,0.0,,,,,,
Romania,ROU,1951,0.0,,,,,,
Romania,ROU,1952,0.0,,,,,,
Romania,ROU,1953,0.0,,,,,,
Romania,ROU,1954,0.0,,,,,,
Romania,ROU,1955,0.0,,,,,,
Romania,ROU,1956,0.0,,,,,,
Romania,ROU,1957,0.0,,,,,,
Romania,ROU,1958,0.0,,,,,,
Romania,ROU,1959,0.0,,,,,,
Saint Helena,SHN,1980,0.0,,,,,,
Saint Helena,SHN,1981,0.0,,,,,,
Saint Helena,SHN,1982,0.0,,,,,,
Saint Helena,SHN,1983,0.0,,,,,,
Saint Helena,SHN,1984,0.0,,,,,,
Saint Helena,SHN,1985,0.0,,,,,,
Saint Helena,SHN,1986,0.0,,,,,,
Saint Helena,SHN,1987,0.0,,,,,,
Saint Helena,SHN,1988,0.0,,,,,,
Saint Helena,SHN,1989,0.0,,,,,,
Saint Helena,SHN,1990,0.0,,,,,,
Saint Helena,SHN,1991,0.0,,,,,,
Saint Helena,SHN,1992,0.0,,,,,,
Saint Helena,SHN,1993,0.0,,,,,,
Saint Helena,SHN,1994,0.0,,,,,,
Saint Helena,SHN,1995,0.0,,,,,,
Saint Helena,SHN,1996,0.0,,,,,,
Saint Helena,SHN,1997,0.0,,,,,,
Saint Helena,SHN,1998,0.0,,,,,,
Saint Helena,SHN,1999,0.0,,,,,,
Saint Helena,SHN,2000,0.0,,,,,,
Saint Helena,SHN,2001,0.0,,,,,,
Saint Helena,SHN,2002,0.0,,,,,,
Saint Helena,SHN,2003,0.0,,,,,,
Saint Helena,SHN,2004,0.0,,,,,,
Saint Helena,SHN,2005,0.0,,,,,,
Saint Helena,SHN,2006,0.0,,,,,,
Saint Helena,SHN,2007,0.0,,,,,,
Saint Helena,SHN,2008,0.0,,,,,,
Saint Helena,SHN,2009,0.0,,,,,,
Saint Helena,SHN,2010,0.0,,,,,,
Saint Helena,SHN,2011,0.0,,,,,,
Saint Helena,SHN,2012,0.0,,,,,,
Saint Helena,SHN,2013,0.0,,,,,,
Saint Helena,SHN,2014,0.0,,,,,,
Saint Helena,SHN,2015,0.0,,,,,,
Saint Helena,SHN,2016,0.0,,,,,,
Saint Helena,SHN,2017,0.0,,,,,,
Saint Helena,SHN,2018,0.0,,,,,,
Saint Helena,SHN,2019,0.0,,,,,,
Saint Helena,SHN,2020,0.0,,,,,,
Saint Helena,SHN,2021,0.0,,,,,,
Saint Helena,SHN,2022,0.0,,,,,,
Saint Helena,SHN,2023,0.0,,,,,,
Saint Pierre and Miquelon,SPM,1980,0.0,,,,,,
Saint Pierre and Miquelon,SPM,1981,0.0,,,,,,
Saint Pierre and Miquelon,SPM,1982,0.0,,,,,,
Saint Pierre and Miquelon,SPM,1983,0.0,,,,,,
Saint Pierre and Miquelon,SPM,1984,0.0,,,,,,
Saint Pierre and Miquelon,SPM,1985,0.0,,,,,,
Saint Pierre and Miquelon,SPM,1986,0.0,,,,,,
Saint Pierre and Miquelon,SPM,1987,0.0,,,,,,
Saint Pierre and Miquelon,SPM,1988,0.0,,,,,,
Saint Pierre and Miquelon,SPM,1989,0.0,,,,,,
Saint Pierre and Miquelon,SPM,1990,0.0,,,,,,
Saint Pierre and Miquelon,SPM,1991,0.0,,,,,,
Saint Pierre and Miquelon,SPM,1992,0.0,,,,,,
Saint Pierre and Miquelon,SPM,1993,0.0,,,,,,
Saint Pierre and Miquelon,SPM,1994,0.0,,,,,,
Saint Pierre and Miquelon,SPM,1995,0.0,,,,,,
Saint Pierre and Miquelon,SPM,1996,0.0,,,,,,
Saint Pierre and Miquelon,SPM,1997,0.0,,,,,,
Saint Pierre and Miquelon,SPM,1998,0.0,,,,,,
Saint Pierre and Miquelon,SPM,1999,0.0,,,,,,
Saint Pierre and Miquelon,SPM,2000,0.0,,,,,,
Saint Pierre and Miquelon,SPM,2001,0.0,,,,,,
Saint Pierre and Miquelon,SPM,2002,0.0,,,,,,
Saint Pierre and Miquelon,SPM,2003,0.0,,,,,,
Saint Pierre and Miquelon,SPM,2004,0.0,,,,,,
Saint Pierre and Miquelon,SPM,2005,0.0,,,,,,
Saint Pierre and Miquelon,SPM,2006,0.0,,,,,,
Saint Pierre and Miquelon,SPM,2007,0.0,,,,,,
Saint Pierre and Miquelon,SPM,2008,0.0,,,,,,
Saint Pierre and Miquelon,SPM,2009,0.0,,,,,,
Saint Pierre and Miquelon,SPM,2010,0.0,,,,,,
Saint Pierre and Miquelon,SPM,2011,0.0,,,,,,
Saint Pierre and Miquelon,SPM,2012,0.0,,,,,,
Saint Pierre and Miquelon,SPM,2013,0.0,,,,,,
Saint Pierre and Miquelon,SPM,2014,0.0,,,,,,
Saint Pierre and Miquelon,SPM,2015,0.0,,,,,,
Saint Pierre and Miquelon,SPM,2016,0.0,,,,,,
Saint Pierre and Miquelon,SPM,2017,0.0,,,,,,
Saint Pierre and Miquelon,SPM,2018,0.0,,,,,,
Saint Pierre and Miquelon,SPM,2019,0.0,,,,,,
Saint Pierre and Miquelon,SPM,2020,0.0,,,,,,
Saint Pierre and Miquelon,SPM,2021,0.0,,,,,,
Saint Pierre and Miquelon,SPM,2022,0.0,,,,,,
Saint Pierre and Miquelon,SPM,2023,0.0,,,,,,
Saudi Arabia,SAU,1900,0.0,,,,,,
Saudi Arabia,SAU,1901,0.0,,,,,,
Saudi Arabia,SAU,1902,0.0,,,,,,
Saudi Arabia,SAU,1903,0.0,,,,,,
Saudi Arabia,SAU,1904,0.0,,,,,,
Saudi Arabia,SAU,1905,0.0,,,,,,
Saudi Arabia,SAU,1906,0.0,,,,,,
Saudi Arabia,SAU,1907,0.0,,,,,,
Saudi Arabia,SAU,1908,0.0,,,,,,
Saudi Arabia,SAU,1909,0.0,,,,,,
Saudi Arabia,SAU,1910,0.0,,,,,,
Saudi Arabia,SAU,1911,0.0,,,,,,
Saudi Arabia,SAU,1912,0.0,,,,,,
Saudi Arabia,SAU,1913,0.0,,,,,,
Saudi Arabia,SAU,1914,0.0,,,,,,
Saudi Arabia,SAU,1915,0.0,,,,,,
Saudi Arabia,SAU,1916,0.0,,,,,,
Saudi Arabia,SAU,1917,0.0,,,,,,
Saudi Arabia,SAU,1918,0.0,,,,,,
Saudi Arabia,SAU,1919,0.0,,,,,,
Saudi Arabia,SAU,1920,0.0,,,,,,
Saudi Arabia,SAU,1921,0.0,,,,,,
Saudi Arabia,SAU,1922,0.0,,,,,,
Saudi Arabia,SAU,1923,0.0,,,,,,
Saudi Arabia,SAU,1924,0.0,,,,,,
Saudi Arabia,SAU,1925,0.0,,,,,,
Saudi Arabia,SAU,1926,0.0,,,,,,
Saudi Arabia,SAU,1927,0.0,,,,,,
Saudi Arabia,SAU,1928,0.0,,,,,,
Saudi Arabia,SAU,1929,0.0,,,,,,
Saudi Arabia,SAU,1930,0.0,,,,,,
Saudi Arabia,SAU,1931,0.0,,,,,,
Saudi Arabia,SAU,1932,0.0,,,,,,
Saudi Arabia,SAU,1933,0.0,,,,,,
Saudi Arabia,SAU,1934,0.0,,,,,,
Saudi Arabia,SAU,1935,0.0,,,,,,
Saudi Arabia,SAU,1936,0.0,,,,,,
Saudi Arabia,SAU,1937,0.0,,,,,,
Saudi Arabia,SAU,1938,0.0,,,,,,
Saudi Arabia,SAU,1939,0.0,,,,,,
Saudi Arabia,SAU,1940,0.0,,,,,,
Saudi Arabia,SAU,1941,0.0,,,,,,
Saudi Arabia,SAU,1942,0.0,,,,,,
Saudi Arabia,SAU,1943,0.0,,,,,,
Saudi Arabia,SAU,1944,0.0,,,,,,
Saudi Arabia,SAU,1945,0.0,,,,,,
Saudi Arabia,SAU,1946,0.0,,,,,,
Saudi Arabia,SAU,1947,0.0,,,,,,
Saudi Arabia,SAU,1948,0.0,,,,,,
Saudi Arabia,SAU,1949,0.0,,,,,,
Saudi Arabia,SAU,1950,0.0,,,,,,
Saudi Arabia,SAU,1951,0.0,,,,,,
Saudi Arabia,SAU,1952,0.0,,,,,,
Saudi Arabia,SAU,1953,0.0,,,,,,
Saudi Arabia,SAU,1954,0.0,,,,,,
Saudi Arabia,SAU,1955,0.0,,,,,,
Saudi Arabia,SAU,1956,0.0,,,,,,
Saudi Arabia,SAU,1957,0.0,,,,,,
Saudi Arabia,SAU,1958,0.0,,,,,,
Saudi Arabia,SAU,1959,0.0,,,,,,
Serbia and Montenegro,OWID_SRM,1992,,,,,,,
Serbia and Montenegro,OWID_SRM,1993,,,,,,,
Serbia and Montenegro,OWID_SRM,1994,,,,,,,
Serbia and Montenegro,OWID_SRM,1995,,,,,,,
Serbia and Montenegro,OWID_SRM,1996,,,,,,,
Serbia and Montenegro,OWID_SRM,1997,,,,,,,
Serbia and Montenegro,OWID_SRM,1998,,,,,,,
Serbia and Montenegro,OWID_SRM,1999,,,,,,,
Serbia and Montenegro,OWID_SRM,2000,,,,,,,
Serbia and Montenegro,OWID_SRM,2001,,,,,,,
Serbia and Montenegro,OWID_SRM,2002,,,,,,,
Serbia and Montenegro,OWID_SRM,2003,,,,,,,
Serbia and Montenegro,OWID_SRM,2004,,,,,,,
Serbia and Montenegro,OWID_SRM,2005,,,,,,,
South Africa,ZAF,1900,0.0,,,,,,
South Africa,ZAF,1901,0.0,,,,,,
South Africa,ZAF,1902,0.0,,,,,,
South Africa,ZAF,1903,0.0,,,,,,
South Africa,ZAF,1904,0.0,,,,,,
South Africa,ZAF,1905,0.0,,,,,,
South Africa,ZAF,1906,0.0,,,,,,
South Africa,ZAF,1907,0.0,,,,,,
South Africa,ZAF,1908,0.0,,,,,,
South Africa,ZAF,1909,0.0,,,,,,
South Africa,ZAF,1910,0.0,,,,,,
South Africa,ZAF,1911,0.0,,,,,,
South Africa,ZAF,1912,0.0,,,,,,
South Africa,ZAF,1913,0.0,,,,,,
South Africa,ZAF,1914,0.0,,,,,,
South Africa,ZAF,1915,0.0,,,,,,
South Africa,ZAF,1916,0.0,,,,,,
South Africa,ZAF,1917,0.0,,,,,,
South Africa,ZAF,1918,0.0,,,,,,
South Africa,ZAF,1919,0.0,,,,,,
South Africa,ZAF,1920,0.0,,,,,,
South Africa,ZAF,1921,0.0,,,,,,
South Africa,ZAF,1922,0.0,,,,,,
South Africa,ZAF,1923,0.0,,,,,,
South Africa,ZAF,1924,0.0,,,,,,
South Africa,ZAF,1925,0.0,,,,,,
South Africa,ZAF,1926,0.0,,,,,,
South Africa,ZAF,1927,0.0,,,,,,
South Africa,ZAF,1928,0.0,,,,,,
South Africa,ZAF,1929,0.0,,,,,,
South Africa,ZAF,1930,0.0,,,,,,
South Africa,ZAF,1931,0.0,,,,,,
South Africa,ZAF,1932,0.0,,,,,,
South Africa,ZAF,1933,0.0,,,,,,
South Africa,ZAF,1934,0.0,,,,,,
South Africa,ZAF,1935,0.0,,,,,,
South Africa,ZAF,1936,0.0,,,,,,
South Africa,ZAF,1937,0.0,,,,,,
South Africa,ZAF,1938,0.0,,,,,,
South Africa,ZAF,1939,0.0,,,,,,
South Africa,ZAF,1940,0.0,,,,,,
South Africa,ZAF,1941,0.0,,,,,,
South Africa,ZAF,1942,0.0,,,,,,
South Africa,ZAF,1943,0.0,,,,,,
South Africa,ZAF,1944,0.0,,,,,,
South Africa,ZAF,1945,0.0,,,,,,
South Africa,ZAF,1946,0.0,,,,,,
South Africa,ZAF,1947,0.0,,,,,,
South Africa,ZAF,1948,0.0,,,,,,
South Africa,ZAF,1949,0.0,,,,,,
South Africa,ZAF,1950,0.0,,,,,,
South Africa,ZAF,1951,0.0,,,,,,
South Africa,ZAF,1952,0.0,,,,,,
South Africa,ZAF,1953,0.0,,,,,,
South Africa,ZAF,1954,0.0,,,,,,
South Africa,ZAF,1955,0.0,,,,,,
South Africa,ZAF,1956,0.0,,,,,,
South Africa,ZAF,1957,0.0,,,,,,
South Africa,ZAF,1958,0.0,,,,,,
South Africa,ZAF,1959,0.0,,,,,,
South Korea,KOR,1900,0.0,,,,,,
South Korea,KOR,1901,0.0,,,,,,
South Korea,KOR,1902,0.0,,,,,,
South Korea,KOR,1903,0.0,,,,,,
South Korea,KOR,1904,0.0,,,,,,
South Korea,KOR,1905,0.0,,,,,,
South Korea,KOR,1906,0.0,,,,,,
South Korea,KOR,1907,0.0,,,,,,
South Korea,KOR,1908,0.0,,,,,,
South Korea,KOR,1909,0.0,,,,,,
South Korea,KOR,1910,0.0,,,,,,
South Korea,KOR,1911,0.0,,,,,,
South Korea,KOR,1912,0.0,,,,,,
South Korea,KOR,1913,0.0,,,,,,
South Korea,KOR,1914,0.0,,,,,,
South Korea,KOR,1915,0.0,,,,,,
South Korea,KOR,1916,0.0,,,,,,
South Korea,KOR,1917,0.0,,,,,,
South Korea,KOR,1918,0.0,,,,,,
South Korea,KOR,1919,0.0,,,,,,
South Korea,KOR,1920,0.0,,,,,,
South Korea,KOR,1921,0.0,,,,,,
South Korea,KOR,1922,0.0,,,,,,
South Korea,KOR,1923,0.0,,,,,,
South Korea,KOR,1924,0.0,,,,,,
South Korea,KOR,1925,0.0,,,,,,
South Korea,KOR,1926,0.0,,,,,,
South Korea,KOR,1927,0.0,,,,,,
South Korea,KOR,1928,0.0,,,,,,
South Korea,KOR,1929,0.0,,,,,,
South Korea,KOR,1930,0.0,,,,,,
South Korea,KOR,1931,0.0,,,,,,
South Korea,KOR,1932,0.0,,,,,,
South Korea,KOR,1933,0.0,,,,,,
South Korea,KOR,1934,0.0,,,,,,
South Korea,KOR,1935,0.0,,,,,,
South Korea,KOR,1936,0.0,,,,,,
South Korea,KOR,1937,0.0,,,,,,
South Korea,KOR,1938,0.0,,,,,,
South Korea,KOR,1939,0.0,,,,,,
South Korea,KOR,1940,0.0,,,,,,
South Korea,KOR,1941,0.0,,,,,,
South Korea,KOR,1942,0.0,,,,,,
South Korea,KOR,1943,0.0,,,,,,
South Korea,KOR,1944,0.0,,,,,,
South Korea,KOR,1945,0.0,,,,,,
South Korea,KOR,1946,0.0,,,,,,
South Korea,KOR,1947,0.0,,,,,,
South Korea,KOR,1948,0.0,,,,,,
South Korea,KOR,1949,0.0,,,,,,
South Korea,KOR,1950,0.0,,,,,,
South Korea,KOR,1951,0.0,,,,,,
South Korea,KOR,1952,0.0,,,,,,
South Korea,KOR,1953,0.0,,,,,,
South Korea,KOR,1954,0.0,,,,,,
South Korea,KOR,1955,0.0,,,,,,
South Korea,KOR,1956,0.0,,,,,,
South Korea,KOR,1957,0.0,,,,,,
South Korea,KOR,1958,0.0,,,,,,
South Korea,KOR,1959,0.0,,,,,,
South Sudan,SSD,2015,0.0,0.317,17.577201588783566,3.0,39.757,3.0,12.0121767
South Sudan,SSD,2016,0.0,0.297,17.138135552988462,3.5,36.72,3.5,11.582900299999999
South Sudan,SSD,2017,0.0,0.292,16.234636747741046,4.1,35.351,4.1,12.3065737
South Sudan,SSD,2018,0.0,0.371,16.01914294304749,4.800000191,51.905,4.800000191,10.8040405
South Sudan,SSD,2019,0.0,0.403,16.494523127561596,6.671000004,58.129,6.671000004,9.6764069
South Sudan,SSD,2020,0.0,0.398,16.929829253240076,,57.648,,11.28168
South Sudan,SSD,2021,0.0,0.393,17.194594337980472,,57.047,,10.9457697
South Sudan,SSD,2022,0.0,0.388,17.440502903802635,,57.203,,10.182862199999999
South Sudan,SSD,2023,0.0,0.388,18.17190828098049,,57.617,,9.8530123
Spain,ESP,1996,0.360000014,0.811,79.86915745635112,1.33,78.12048780487805,1.33,78.4397497
Spain,ESP,1998,1.350000024,0.821,80.53721968604837,4.36,78.66585365853659,4.36,80.3756926
Spain,ESP,2000,4.730000019,0.833,81.29832464929859,13.6249608089899,78.96585365853659,13.6249608089899,77.8770229
Spain,ESP,2002,9.340000153,0.844,83.02251923693491,20.39,79.56829268292684,20.39,78.4585379
Spain,ESP,2003,12.06999969,0.846,84.50881392600309,39.93,79.61951219512197,39.93,78.9816601
Spain,ESP,2004,15.69999981,0.852,85.98480508033174,44.01,79.87073170731709,44.01,72.8854403
Spain,ESP,2005,21.18000031,0.857,87.46549720491294,47.88,80.17073170731709,47.88,73.2842957
Spain,ESP,2006,23.29999924,0.862,88.97614934466311,50.37,80.8219512195122,50.37,71.706132
Spain,ESP,2007,27.56999969,0.864,90.61490052293081,55.11,80.87317073170732,55.11,69.0240761
Spain,ESP,2008,32.95000076,0.865,92.12932237369687,59.6,81.17560975609757,59.6,71.0413595
Spain,ESP,2009,38.11999893,0.867,92.97506517466812,62.4,81.47560975609755,62.4,68.53520859999999
Spain,ESP,2010,44.27000046,0.875,93.15193096138077,65.8,81.6268292682927,65.8,68.832743
Spain,ESP,2011,42.91999817,0.879,93.50783588061135,67.0899993926581,82.47560975609757,67.0899993926581,70.4866059
Spain,ESP,2012,49.47000122,0.881,93.50683712840608,69.8099999420024,82.4268292682927,69.8099999420024,70.2356594
Spain,ESP,2013,55.63999939,0.886,93.16926290957798,71.635,83.07804878048782,71.635,63.778071499999996
Spain,ESP,2014,52.00999832,0.89,92.88245536874513,76.1867089778712,83.22926829268293,76.1867089778712,59.9831137
Spain,ESP,2015,49.31999969,0.895,92.90759735100399,78.6896318703515,82.83170731707318,78.6896318703515,59.804381
Spain,ESP,2016,48.90000153,0.9,92.99737170812949,80.5613329432179,83.32926829268293,80.5613329432179,60.498362
Spain,ESP,2017,49.13000107,0.902,93.22686227842065,84.6022457016524,83.28292682926829,84.6022457016524,59.8781067
Spain,ESP,2018,50.88999939,0.905,93.63828108971195,86.107235525659,83.43170731707319,86.107235525659,62.945067599999994
Spain,ESP,2019,55.65000153,0.91,94.31810878264925,90.718665325267,83.83170731707318,90.718665325267,64.4581709
Spain,ESP,2020,56.43999863,0.901,94.80291068893699,93.20564892,82.23170731707317,93.20564892,64.673557
Spain,ESP,2021,62.06000137,0.912,94.93829271842479,93.89752157,83.1780487804878,93.89752157,64.2927469
Spain,ESP,2022,62.77999878,0.911,95.62696363320099,94.4855432,83.13414634146342,94.4855432,63.677118899999996
Spain,ESP,2023,64.27999878,0.918,96.7636173412149,95.44564516,83.93414634146342,95.44564516,62.8238936
Sri Lanka,LKA,1996,0.0,0.672,285.5209376494977,0.0545,69.841,0.0545,49.693196
Sri Lanka,LKA,1998,0.0,0.685,296.53967469303143,0.296,70.134,0.296,49.667572299999996
Sri Lanka,LKA,2000,0.0,0.702,307.65514272045925,0.647410010940963,71.179,0.647410010940963,46.6224135
Sri Lanka,LKA,2002,0.0,0.709,315.8308403763355,1.05042270585318,72.271,1.05042270585318,44.3114962
Sri Lanka,LKA,2003,0.0,0.713,318.1553340774996,1.45858022842408,72.442,1.45858022842408,43.5298228
Sri Lanka,LKA,2004,0.0,0.695,320.32538670068567,1.44615998041486,68.022,1.44615998041486,46.7313656
Sri Lanka,LKA,2005,0.0,0.721,322.3811832243661,1.792000055,73.073,1.792000055,42.949407
Sri Lanka,LKA,2006,0.0,0.724,324.54809440280656,2.53756612897332,72.825,2.53756612897332,43.270603699999995
Sri Lanka,LKA,2007,0.0,0.729,326.7827300271089,3.88,72.983,3.88,45.0638741
Sri Lanka,LKA,2008,0.0,0.73,328.9647265188965,4.824500084,72.556,4.824500084,42.4433807
Sri Lanka,LKA,2009,0.0,0.723,330.9908308084835,5.868500233,70.298,5.868500233,43.9728797
Sri Lanka,LKA,2010,0.050000001,0.748,332.9467230106841,6.912399769,74.463,6.912399769,42.562807799999995
Sri Lanka,LKA,2011,0.090000004,0.753,335.0191038111944,7.956399918,74.74,7.956399918,42.8333703
Sri Lanka,LKA,2012,0.140000001,0.759,337.57706904799875,9.00039959,75.187,9.00039959,41.6477953
Sri Lanka,LKA,2013,0.230000004,0.764,328.2570562908627,10.04440022,75.546,10.04440022,41.5729927
Sri Lanka,LKA,2014,0.270000011,0.767,331.3347153564025,10.5000026214106,75.757,10.5000026214106,38.743183699999996
Sri Lanka,LKA,2015,0.340000004,0.769,338.81052784644464,15.26249981,75.99,15.26249981,40.9451671
Sri Lanka,LKA,2016,0.349999994,0.772,342.672030762768,22.19,76.136,22.19,42.7737044
Sri Lanka,LKA,2017,0.370000005,0.777,346.6143182589307,25.07550049,76.239,25.07550049,41.6238192
Sri Lanka,LKA,2018,0.330000013,0.782,350.28449502133714,28.33620071,76.485,28.33620071,43.711286199999996
Sri Lanka,LKA,2019,0.349999994,0.781,352.4316946382956,32.02090073,76.698,32.02090073,44.536537599999996
Sri Lanka,LKA,2020,0.330000013,0.78,354.3323634012286,36.18473435,76.928,36.18473435,42.267404899999995
Sri Lanka,LKA,2021,0.649999976,0.777,358.16359521500164,44.45308724,76.278,44.45308724,41.038765999999995
Sri Lanka,LKA,2022,0.74000001,0.777,358.5677335919819,48.3,77.3,48.3,40.7023234
Sri Lanka,LKA,2023,0.819999993,0.776,356.2398965405755,51.2,77.483,51.2,40.024766299999996
Sudan,SDN,1996,0.0,,,0.0,57.638,0.0,21.2060882
Sudan,SDN,1998,0.0,,,0.00481,58.308,0.00481,21.180464399999998
Sudan,SDN,2000,0.0,,,0.0257850324762484,58.946,0.0257850324762484,24.2579307
Sudan,SDN,2002,0.0,,,0.439477639075583,59.308,0.439477639075583,23.901874
Sudan,SDN,2003,0.0,,,0.538471703150458,58.319,0.538471703150458,21.199706
Sudan,SDN,2004,0.0,,,0.791561615446385,56.773,0.791561615446385,21.4189907
Sudan,SDN,2005,0.0,,,,57.226,,19.212869899999998
Sudan,SDN,2006,0.0,,,,60.4,,23.5193515
Sudan,SDN,2007,0.0,,,8.66,61.442,8.66,21.2756179
Sudan,SDN,2008,0.0,0.456,,,61.261,,18.9736089
Sudan,SDN,2009,0.0,0.469,,,62.676,,18.9270635
Sudan,SDN,2010,0.0,0.479,,,62.979,,17.9430901
Sudan,SDN,2011,0.0,0.476,,,63.181,,18.1804565
Sudan,SDN,2012,0.0,0.482,19.766155246252676,,63.427,,16.031785199999998
Sudan,SDN,2013,0.0,0.488,20.22797055674518,,63.443,,16.0880445
Sudan,SDN,2014,0.0,0.496,20.783360813704498,,63.99,,16.5592614
Sudan,SDN,2015,0.0,0.498,21.426354925053534,12.0,64.375,12.0,17.8810781
Sudan,SDN,2016,0.0,0.502,22.087736616702355,14.0999999446534,64.677,14.0999999446534,17.875438799999998
Sudan,SDN,2017,0.0,0.506,22.866330835117772,18.60000038,65.146,18.60000038,17.888025
Sudan,SDN,2018,0.0,0.515,23.67804925053533,,65.501,,17.1188487
Sudan,SDN,2019,0.0,0.517,24.383391327623126,,65.803,,18.077728699999998
Sudan,SDN,2020,0.0,0.513,25.047768201284796,,65.124,,19.862859999999998
Sudan,SDN,2021,0.0,0.512,25.731758029978586,,64.46,,21.6920976
Sudan,SDN,2022,0.0,0.516,26.436480728051393,,65.695,,18.5798645
Sudan,SDN,2023,0.0,0.511,26.789502676659527,,66.331,,18.4772419
Suriname,SUR,1996,0.0,,2.7340136707536797,0.22599999999999998,63.079,0.22599999999999998,55.6051329
Suriname,SUR,1998,0.0,,2.849746501116053,1.67,63.706,1.67,55.563429299999996
Suriname,SUR,2000,0.0,,2.969597516279758,2.50641105226881,64.409,2.50641105226881,59.810024299999995
Suriname,SUR,2002,0.0,,3.09362901858672,4.1615687449541,65.274,4.1615687449541,54.4727587
Suriname,SUR,2003,0.0,,3.155077818428672,4.71987539528956,65.778,4.71987539528956,54.4433134
Suriname,SUR,2004,0.0,0.679,3.201860646981162,6.0760478144456,66.362,6.0760478144456,53.0731882
Suriname,SUR,2005,0.0,0.685,3.2354416092794605,6.40308628759062,66.997,6.40308628759062,53.6303607
Suriname,SUR,2006,0.0,0.69,3.2708542604303936,9.49960041,67.643,9.49960041,50.6764164
Suriname,SUR,2007,0.0,0.697,3.308354040035859,14.11,68.307,14.11,49.725238399999995
Suriname,SUR,2008,0.0,0.701,3.347162168821778,21.05999947,68.873,21.05999947,50.0277177
Suriname,SUR,2009,0.0,0.704,3.386555939621804,31.36,69.323,31.36,45.6250949
Suriname,SUR,2010,0.0,0.707,3.4261490779159947,31.59,69.626,31.59,44.5664303
Suriname,SUR,2011,0.0,0.708,3.465686144102451,32.0,69.82,32.0,44.855948999999995
Suriname,SUR,2012,0.0,0.711,3.5053353545043757,34.68119812,69.957,34.68119812,45.0537108
Suriname,SUR,2013,0.0,0.714,3.5451278602927303,37.40000153,70.11,37.40000153,44.5847306
Suriname,SUR,2014,0.0,0.715,3.5847085381185355,40.08000183,70.33,40.08000183,41.3471458
Suriname,SUR,2015,0.0,0.718,3.6236724227592703,42.76380157,70.567,42.76380157,43.7647218
Suriname,SUR,2016,0.0,0.716,3.661863758360118,45.40000153,70.979,45.40000153,44.2369244
Suriname,SUR,2017,0.0,0.715,3.6989710332114476,48.94520187,71.247,48.94520187,43.899324
Suriname,SUR,2018,0.0,0.719,3.735106391528726,55.10210037,71.468,55.10210037,42.0124466
Suriname,SUR,2019,0.0,0.72,3.774076506403653,62.03350067,71.773,62.03350067,42.1488199
Suriname,SUR,2020,0.0,0.714,3.8148783101312147,,72.321,,41.7293647
Suriname,SUR,2021,0.0,0.697,3.849636786691921,,68.943,,41.547619999999995
Suriname,SUR,2022,0.0,0.719,3.882457660418718,,73.254,,41.601344999999995
Suriname,SUR,2023,0.0,0.722,3.918107060468971,87.4,73.631,87.4,41.1905006
Sweden,SWE,1996,0.140000001,0.877,21.704238501673174,9.04,78.9590243902439,9.04,98.0273532
Sweden,SWE,1998,0.319999993,0.901,21.728729117245386,33.5,79.33902439024392,33.5,98.1319553
Sweden,SWE,2000,0.460000008,0.912,21.780614558315822,45.6876522122282,79.6439024390244,45.6876522122282,96.01695579999999
Sweden,SWE,2002,0.610000014,0.918,21.91035639295654,70.57,79.84634146341465,70.57,94.7554083
Sweden,SWE,2003,0.680000007,0.923,21.99203514904145,79.13,80.09512195121953,79.13,91.51947919999999
Sweden,SWE,2004,0.860000014,0.908,22.078699915574152,83.89,80.49756097560977,83.89,88.8695668
Sweden,SWE,2005,0.930000007,0.911,22.167178892703067,84.83,80.54634146341465,84.83,89.00530649999999
Sweden,SWE,2006,0.980000019,0.915,22.292217036542226,87.76,80.7487804878049,87.76,91.13431109999999
Sweden,SWE,2007,1.429999948,0.917,22.458139975062583,82.01,80.9,82.01,91.53561979999999
Sweden,SWE,2008,2.0,0.913,22.633779619320187,90.0,81.1,90.0,91.55225829999999
Sweden,SWE,2009,2.49000001,0.912,22.827421437193575,91.0,81.35121951219513,91.0,91.24258909999999
Sweden,SWE,2010,3.49000001,0.918,23.022862735942507,90.0,81.45121951219514,90.0,90.98342869999999
Sweden,SWE,2011,6.110000134,0.92,23.197378011522076,92.7699860554046,81.80243902439025,92.7699860554046,90.8287611
Sweden,SWE,2012,7.170000076,0.92,23.369620000211125,93.1799880065108,81.7048780487805,93.1799880065108,91.761746
Sweden,SWE,2013,9.840000153,0.94,23.56848350406307,94.7836,81.9560975609756,94.7836,89.8628938
Sweden,SWE,2014,11.23999977,0.943,23.803498652353305,92.5236065037579,82.25365853658538,92.5236065037579,88.481239
Sweden,SWE,2015,16.31999969,0.945,24.05826177288175,90.6101966398616,82.2048780487805,90.6101966398616,90.2582494
Sweden,SWE,2016,15.47999954,0.947,24.362449750883012,89.6509476102355,82.30731707317074,89.6509476102355,90.4804812
Sweden,SWE,2017,17.61000061,0.949,24.692941976669207,93.0062669652127,82.40975609756099,93.0062669652127,90.55045419999999
Sweden,SWE,2018,16.62000084,0.95,24.981458868837798,89.2469631588137,82.55853658536586,89.2469631588137,90.6816537
Sweden,SWE,2019,19.85000038,0.955,25.237887939501082,94.4934434072202,83.10975609756099,94.4934434072202,90.95333149999999
Sweden,SWE,2020,27.52000046,0.951,25.42094382243174,94.53943122,82.35609756097561,94.53943122,91.04465929999999
Sweden,SWE,2021,27.25,0.958,25.574079257513258,94.6703163,83.05609756097562,94.6703163,90.1578919
Sweden,SWE,2022,33.25,0.959,25.74872569239835,95.00970335,83.05853658536587,95.00970335,88.8546204
Sweden,SWE,2023,34.25,0.959,25.871367888624253,95.70327461,83.30975609756099,95.70327461,87.94168669999999
Switzerland,CHE,1996,0.001,0.875,178.9053019882842,4.55,78.89609756097562,4.55,90.5103233
Switzerland,CHE,1998,0.003,0.886,179.88153575496688,24.8,79.32439024390246,24.8,90.3952158
Switzerland,CHE,2000,0.0,0.892,181.77123171101323,47.1,79.68048780487806,47.1,88.4661105
Switzerland,CHE,2002,0.0,0.896,184.32548211730438,61.4,80.38536585365854,61.4,88.17655529999999
Switzerland,CHE,2003,0.0,0.901,185.70385661488103,65.1,80.53658536585368,65.1,87.830002
Switzerland,CHE,2004,0.01,0.906,186.99061765553287,67.8,81.0878048780488,67.8,85.6495758
Switzerland,CHE,2005,0.01,0.909,188.19815641031676,70.1,81.23658536585367,70.1,87.97606499999999
Switzerland,CHE,2006,0.01,0.918,189.38879440594621,75.7,81.49024390243903,75.7,92.23994019999999
Switzerland,CHE,2007,0.02,0.926,191.0948545641632,77.2,81.74146341463415,77.2,91.98863539999999
Switzerland,CHE,2008,0.02,0.934,193.5413606707951,79.2,81.99268292682927,79.2,91.90635759999999
Switzerland,CHE,2009,0.02,0.942,195.97776717333153,81.3,82.0439024390244,81.3,89.3479795
Switzerland,CHE,2010,0.039999999,0.945,198.03265868579444,83.9,82.24634146341465,83.9,89.6517806
Switzerland,CHE,2011,0.07,0.946,200.24986443573755,85.1930281804854,82.69512195121952,85.1930281804854,90.1442976
Switzerland,CHE,2012,0.090000004,0.949,202.39054801236728,85.2,82.69756097560976,85.2,91.6767417
Switzerland,CHE,2013,0.090000004,0.952,204.73433660762655,86.34,82.79756097560977,86.34,90.9516434
Switzerland,CHE,2014,0.100000001,0.956,207.25075143323366,83.6172512621702,83.19756097560976,83.6172512621702,93.61580579999999
Switzerland,CHE,2015,0.109999999,0.957,209.62662075113204,87.4790555978675,82.89756097560976,87.4790555978675,93.8076591
Switzerland,CHE,2016,0.109999999,0.959,211.93157212558054,89.1346877351392,83.60243902439025,89.1346877351392,94.0670585
Switzerland,CHE,2017,0.129999995,0.96,213.9184801275031,89.6861476710225,83.55121951219512,89.6861476710225,94.4661871
Switzerland,CHE,2018,0.119999997,0.962,215.5000945339149,91.80000305,83.75365853658538,91.80000305,94.2843777
Switzerland,CHE,2019,0.150000006,0.965,217.04278172182327,93.1460869535177,83.90487804878049,93.1460869535177,94.4299892
Switzerland,CHE,2020,0.150000006,0.963,218.63446962170997,94.34999847,83.0,94.34999847,94.14476979999999
Switzerland,CHE,2021,0.140000001,0.968,220.31454103721043,95.56937154,83.75121951219514,95.56937154,90.4825802
Switzerland,CHE,2022,0.150000006,0.966,222.1505997398609,96.45279694,83.60487804878049,96.45279694,90.2596865
Switzerland,CHE,2023,0.170000002,0.97,224.978619136651,97.34436623,84.15609756097562,97.34436623,90.3062623
Syria,SYR,1996,0.0,0.59,81.71783654369355,0.0,70.156,0.0,32.9628653
Syria,SYR,1998,0.0,0.595,86.08343127652628,0.06369999999999999,70.237,0.06369999999999999,32.9372416
Syria,SYR,2000,0.0,0.594,90.53154859070628,0.181698580104333,70.856,0.181698580104333,25.996619799999998
Syria,SYR,2002,0.0,0.61,95.05023397540538,2.09310101861765,71.742,2.09310101861765,32.6274651
Syria,SYR,2003,0.0,0.621,97.44155999782123,3.39797261356623,72.188,3.39797261356623,28.609569099999998
Syria,SYR,2004,0.0,0.635,99.89036879664434,4.32159377785571,72.494,4.32159377785571,28.301582
Syria,SYR,2005,0.0,0.646,102.49000926077245,5.648099899,72.797,5.648099899,28.488267699999998
Syria,SYR,2006,0.0,0.658,106.9379839895442,7.832600117,73.04,7.832600117,28.406060699999998
Syria,SYR,2007,0.0,0.665,113.72318122413418,11.5,73.256,11.5,26.064732499999998
Syria,SYR,2008,0.0,0.66,117.82054018732302,14.0,73.368,14.0,25.6243415
Syria,SYR,2009,0.0,0.668,119.67419407536484,17.3,73.496,17.3,26.6865849
Syria,SYR,2010,0.0,0.669,122.43326798453411,20.7,73.542,20.7,25.780936099999998
Syria,SYR,2011,0.0,0.664,124.58801938681043,22.5,72.259,22.5,25.453075899999998
Syria,SYR,2012,0.0,0.626,123.94359854054349,24.30010033,66.206,24.30010033,23.7640554
Syria,SYR,2013,0.0,0.567,117.99225072155966,26.20000076,65.146,26.20000076,23.3960056
Syria,SYR,2014,0.0,0.561,110.40493928007406,28.09000015,65.492,28.09000015,16.8723635
Syria,SYR,2015,0.0,0.549,105.78128846049121,29.97979927,63.265,29.97979927,16.8696572
Syria,SYR,2016,0.0,0.552,104.52450035397266,31.8696003,65.19,31.8696003,15.638716899999999
Syria,SYR,2017,0.0,0.551,104.6924140935577,32.70000076,65.651,32.70000076,15.6291791
Syria,SYR,2018,0.0,0.557,106.61572183194467,33.77000046,67.371,33.77000046,15.645402599999999
Syria,SYR,2019,0.0,0.569,110.83991722485433,,70.97,,14.3385687
Syria,SYR,2020,0.0,0.57,114.62957577737842,,71.944,,13.6998956
Syria,SYR,2021,0.0,0.571,117.78488809018134,,72.418,,11.6081699
Syria,SYR,2022,0.0,0.571,122.32300277732396,,72.79,,11.573190499999999
Syria,SYR,2023,0.0,0.564,128.49002341665306,,72.12,,11.788596799999999
Tajikistan,TJK,1996,0.0,0.528,43.344691340382965,,60.806,,20.3929918
Tajikistan,TJK,1998,0.0,0.541,44.1297299228351,,62.404,,22.381117399999997
Tajikistan,TJK,2000,0.0,0.554,44.90379394112603,0.048599594582182,63.542,0.048599594582182,19.0444158
Tajikistan,TJK,2002,0.0,0.575,46.66811231780509,0.0554628269910006,64.898,0.0554628269910006,21.2014468
Tajikistan,TJK,2003,0.0,0.587,47.57484281223206,0.0645837771508553,65.874,0.0645837771508553,21.164775199999998
Tajikistan,TJK,2004,0.0,0.598,48.51776936267505,0.0774799071356825,66.604,0.0774799071356825,20.9374102
Tajikistan,TJK,2005,0.0,0.611,49.47642183480995,0.298690023682825,66.531,0.298690023682825,21.3801654
Tajikistan,TJK,2006,0.0,0.62,50.42559302657902,3.77240620666448,66.997,3.77240620666448,26.1743445
Tajikistan,TJK,2007,0.0,0.625,51.40380823092312,7.19761951797855,67.405,7.19761951797855,26.338483099999998
Tajikistan,TJK,2008,0.0,0.634,52.43214489854244,8.78,67.924,8.78,22.4344781
Tajikistan,TJK,2009,0.0,0.634,53.51693340954559,10.07,68.248,10.07,22.1846632
Tajikistan,TJK,2010,0.0,0.639,54.6737710774507,11.55000019,68.37,11.55000019,19.9919665
Tajikistan,TJK,2011,0.0,0.644,55.907294941411834,13.02999973,68.698,13.02999973,22.7414754
Tajikistan,TJK,2012,0.0,0.649,57.259817090597316,14.51000023,69.13,14.51000023,21.327217599999997
Tajikistan,TJK,2013,0.0,0.655,58.707659331237494,16.0,69.579,16.0,20.886093799999998
Tajikistan,TJK,2014,0.0,0.657,60.70894758837347,17.48999977,69.697,17.48999977,22.7552558
Tajikistan,TJK,2015,0.0,0.658,62.27999135384394,18.97999954,69.665,18.97999954,23.476892799999998
Tajikistan,TJK,2016,0.0,0.661,63.878024353339576,20.46999931,69.982,20.46999931,23.846296799999998
Tajikistan,TJK,2017,0.0,0.666,65.46542258087759,21.95999908,70.524,21.95999908,23.2961764
Tajikistan,TJK,2018,0.0,0.67,67.06054470783198,32.59999847,70.737,32.59999847,20.563668399999997
Tajikistan,TJK,2019,0.0,0.673,68.6646444268319,22.68630028,70.962,22.68630028,22.103559399999998
Tajikistan,TJK,2020,0.0,0.664,70.24504647308883,27.54409981,68.605,27.54409981,25.916100999999998
Tajikistan,TJK,2021,0.0,0.672,71.81286836227395,36.70560074,69.594,36.70560074,25.843087699999998
Tajikistan,TJK,2022,0.0,0.687,73.3642337344189,48.91429901,71.562,48.91429901,25.123314999999998
Tajikistan,TJK,2023,0.0,0.691,74.85985301534693,54.41550064,71.79,54.41550064,25.111289499999998
Tanzania,TZA,1996,0.0,0.383,34.935382704899524,0.0016200000000000001,51.132,0.0016200000000000001,36.492946499999995
Tanzania,TZA,1998,0.0,0.396,36.600200948295324,0.00924,51.807,0.00924,33.2410771
Tanzania,TZA,2000,0.0,0.414,38.67705915556559,0.11719444010825,53.244,0.11719444010825,33.1661612
Tanzania,TZA,2002,0.0,0.433,40.77817114472793,0.222484413923909,54.94,0.222484413923909,32.5165274
Tanzania,TZA,2003,0.0,0.444,41.871251975615266,0.676962856510303,55.929,0.676962856510303,33.286234
Tanzania,TZA,2004,0.0,0.455,43.02288101151502,0.87757497099259,56.836,0.87757497099259,35.6095593
Tanzania,TZA,2005,0.0,0.465,44.23354707608941,1.100000024,57.675,1.100000024,34.311913
Tanzania,TZA,2006,0.0,0.477,45.48984195077896,1.299999952,58.512,1.299999952,43.494438599999995
Tanzania,TZA,2007,0.0,0.486,46.77750282230752,1.6,59.26,1.6,41.5282529
Tanzania,TZA,2008,0.0,0.495,48.05907428313389,1.899999976,59.896,1.899999976,40.8191069
Tanzania,TZA,2009,0.0,0.504,49.25940618649808,2.400000095,60.494,2.400000095,40.275941499999995
Tanzania,TZA,2010,0.0,0.513,50.52888688191465,2.900000095,61.127,2.900000095,37.8681948
Tanzania,TZA,2011,0.0,0.516,51.96361142470084,3.200000048,61.618,3.200000048,37.1932489
Tanzania,TZA,2012,0.0,0.519,53.481892074960484,3.950000048,62.286,3.950000048,35.336614399999995
Tanzania,TZA,2013,0.0,0.521,55.1186814179273,4.400000095,62.788,4.400000095,34.6351602
Tanzania,TZA,2014,0.0,0.521,56.84298035673967,7.0,63.364,7.0,35.0791481
Tanzania,TZA,2015,0.0,0.52,58.72766087152856,10.0,63.928,10.0,36.0628361
Tanzania,TZA,2016,0.0,0.52,60.7631666290359,13.5042328468919,64.404,13.5042328468919,39.040414399999996
Tanzania,TZA,2017,0.0,0.528,62.82782795213367,14.46339989,64.963,14.46339989,40.7609874
Tanzania,TZA,2018,0.0,0.537,64.84211447279296,15.49069977,65.488,15.49069977,40.9805534
Tanzania,TZA,2019,0.0,0.546,66.80389591329872,16.59090042,66.007,16.59090042,42.1278253
Tanzania,TZA,2020,0.0,0.554,68.83359449085572,19.48139954,66.771,19.48139954,42.7124555
Tanzania,TZA,2021,0.0,0.548,70.93069767441861,22.87540054,66.131,22.87540054,40.7390577
Tanzania,TZA,2022,0.0,0.554,73.05466358094378,26.86059952,66.879,26.86059952,40.586244199999996
Tanzania,TZA,2023,0.0,0.555,75.20614811469858,28.43190002,66.995,28.43190002,40.8464795
Thailand,THA,1996,0.0,0.634,117.28564661668852,0.115,69.94,0.115,44.142218299999996
Thailand,THA,1998,0.0,0.642,120.422458846327,1.09,70.703,1.09,45.484414199999996
Thailand,THA,2000,0.0,0.657,123.32951320245063,3.68904127944164,71.205,3.68904127944164,45.4447165
Thailand,THA,2002,0.0,0.678,125.79310027598896,7.53125033488567,71.775,7.53125033488567,37.1552394
Thailand,THA,2003,0.0,0.69,126.97090567441133,9.29902723805965,72.101,9.29902723805965,36.5946642
Thailand,THA,2004,0.0,0.699,128.1137759595999,10.6773033237281,72.1,10.6773033237281,38.995860799999996
Thailand,THA,2005,0.0,0.707,129.22041926833566,15.0260043588909,72.894,15.0260043588909,40.7194558
Thailand,THA,2006,0.0,0.71,130.29749456830237,17.1607147169285,73.341,17.1607147169285,38.5806604
Thailand,THA,2007,0.0,0.721,131.34411321419483,20.03,73.779,20.03,42.9703003
Thailand,THA,2008,0.0,0.723,132.35692614848597,18.2,74.221,18.2,41.772064199999996
Thailand,THA,2009,0.0,0.725,133.33805711601323,20.1,74.669,20.1,44.4273082
Thailand,THA,2010,0.0,0.742,134.23525024956447,22.4,75.012,22.4,43.458473399999995
Thailand,THA,2011,0.0,0.747,135.0725361623833,23.669925618731,75.302,23.669925618731,44.874891
Thailand,THA,2012,0.02,0.75,135.91203194425415,26.46,75.59,26.46,40.3402246
Thailand,THA,2013,0.349999994,0.752,136.71262698428234,28.94,75.96,28.94,42.3034955
Thailand,THA,2014,0.400000006,0.784,137.439305917125,34.8860535783465,76.279,34.8860535783465,38.8211602
Thailand,THA,2015,0.330000013,0.788,138.07433106931043,39.3161267365004,76.563,39.3161267365004,36.7757693
Thailand,THA,2016,0.379999995,0.792,138.6988216641547,47.5049656215909,76.769,47.5049656215909,39.5817176
Thailand,THA,2017,1.110000014,0.794,139.2867094677915,52.8919293439676,76.989,52.8919293439676,40.3466027
Thailand,THA,2018,1.639999986,0.796,139.70928967096634,56.8174809301456,77.19,56.8174809301456,40.3060731
Thailand,THA,2019,3.670000076,0.8,139.99544128873143,66.6524194587528,77.197,66.6524194587528,40.0524608
Thailand,THA,2020,3.220000029,0.798,140.2287850613635,77.84374066,77.331,77.84374066,40.1221848
Thailand,THA,2021,3.529999971,0.8,140.39682123353364,85.26956666,77.606,85.26956666,39.973883199999996
Thailand,THA,2022,2.99000001,0.792,140.41247430953825,87.97724503,75.291,87.97724503,39.6776827
Thailand,THA,2023,3.74000001,0.798,140.3480886296463,89.53525238,76.412,89.53525238,38.962029099999995
Togo,TGO,1996,0.0,0.433,78.89567935282221,0.0109,53.829,0.0109,33.1403512
Togo,TGO,1998,0.0,0.442,83.68514432800147,0.306,53.963,0.306,31.55183
Togo,TGO,2000,0.0,0.448,87.95223386651958,0.8,54.587,0.8,32.3266051
Togo,TGO,2002,0.0,0.455,92.42746828461114,1.0,55.044,1.0,29.6148143
Togo,TGO,2003,0.0,0.46,94.76212539069682,1.2,55.312,1.2,29.585369
Togo,TGO,2004,0.0,0.461,97.10093767236624,1.5,55.608,1.5,29.1762005
Togo,TGO,2005,0.0,0.46,99.52480235337379,1.799999952,55.931,1.799999952,28.926116399999998
Togo,TGO,2006,0.0,0.465,102.40235337378195,2.0,56.154,2.0,26.155141399999998
Togo,TGO,2007,0.0,0.458,105.68933627505056,2.200000048,56.395,2.200000048,26.883144299999998
Togo,TGO,2008,0.0,0.465,109.1402463688178,2.400000095,56.663,2.400000095,26.7998484
Togo,TGO,2009,0.0,0.473,112.72193417907704,2.599999905,56.94,2.599999905,26.9389523
Togo,TGO,2010,0.0,0.483,116.30424710424711,3.0,57.24,3.0,31.941536199999998
Togo,TGO,2011,0.0,0.495,119.51796286082,3.5,57.624,3.5,30.654860799999998
Togo,TGO,2012,0.0,0.5,122.3334804191947,4.0,57.953,4.0,31.278662399999998
Togo,TGO,2013,0.0,0.507,125.0018018018018,4.5,58.356,4.5,30.7645821
Togo,TGO,2014,0.0,0.514,127.55366795366795,5.699999809,58.776,5.699999809,31.8309648
Togo,TGO,2015,0.0,0.523,130.0147453576025,7.1199998860000004,59.23,7.1199998860000004,35.086465499999996
Togo,TGO,2016,0.0,0.528,132.39352822209966,11.31000042,59.677,11.31000042,34.628296299999995
Togo,TGO,2017,0.0,0.534,134.6642029784887,12.3602249692905,60.145,12.3602249692905,33.066024299999995
Togo,TGO,2018,0.0,0.542,137.12458172458173,15.5,60.608,15.5,32.5733271
Togo,TGO,2019,0.0,0.549,140.09790402647545,20.72730064,61.061,20.72730064,33.550736199999996
Togo,TGO,2020,0.0,0.554,143.18907887479315,29.02370071,61.14,29.02370071,34.8029666
Togo,TGO,2021,0.0,0.56,145.9124103695532,30.33839989,61.337,30.33839989,34.6578166
Togo,TGO,2022,0.0,0.567,148.34741680455966,35.60749817,62.292,35.60749817,35.0827066
Togo,TGO,2023,0.0,0.571,151.20150763007905,37.57020187,62.74,37.57020187,35.9538091
Tonga,TON,2004,0.0,0.705,145.93194444444444,3.95237389457043,70.433,3.95237389457043,49.8061559
Tonga,TON,2005,0.0,0.706,146.76527777777778,4.907800198,70.56,4.907800198,20.8978784
Tonga,TON,2006,0.0,0.708,147.57361111111112,5.853899956,70.71,5.853899956,21.011646
Tonga,TON,2007,0.0,0.71,148.23055555555555,7.179900169,70.887,7.179900169,26.426179599999998
Tonga,TON,2008,0.0,0.717,148.63888888888889,8.11076994380395,71.041,8.11076994380395,34.9033909
Tonga,TON,2009,0.0,0.718,148.89305555555555,10.0,70.949,10.0,35.3124804
Tonga,TON,2010,0.0,0.724,149.16666666666666,16.0,71.319,16.0,43.146768
Tonga,TON,2011,0.0,0.731,149.40277777777777,25.0,71.437,25.0,43.3609497
Tonga,TON,2012,0.0,0.735,149.25,30.0,71.546,30.0,43.3042411
Tonga,TON,2013,0.0,0.737,148.71944444444443,32.75400162,71.65,32.75400162,43.3085525
Tonga,TON,2014,0.0,0.74,148.06805555555556,35.95439911,71.721,35.95439911,36.0301562
Tonga,TON,2015,0.0,0.743,147.35416666666666,38.65129852,71.851,38.65129852,35.8337323
Tonga,TON,2016,0.0,0.749,146.5611111111111,39.95000076,71.951,39.95000076,35.870031499999996
Tonga,TON,2017,0.0,0.755,146.32777777777778,46.20080185,72.066,46.20080185,43.0719128
Tonga,TON,2018,0.0,0.759,146.62083333333334,48.80789948,72.169,48.80789948,46.134467099999995
Tonga,TON,2019,0.0,0.763,146.7625,51.56299973,72.292,51.56299973,38.9674741
Tonga,TON,2020,0.0,0.765,146.8111111111111,54.47370148,72.379,54.47370148,42.152876299999996
Tonga,TON,2021,0.0,0.763,146.51388888888889,57.549,72.13,57.549,40.9166549
Tonga,TON,2022,0.0,0.764,145.89166666666668,61.60739899,72.635,61.60739899,37.7965458
Tonga,TON,2023,0.0,0.769,145.2736111111111,64.13140106,72.895,64.13140106,37.8410124
Trinidad and Tobago,TTO,1996,0.0,0.684,253.59220272904483,0.393,68.039,0.393,65.02084099999999
Trinidad and Tobago,TTO,1998,0.0,0.7,255.40448343079922,2.72,68.331,2.72,60.9954131
Trinidad and Tobago,TTO,2000,0.0,0.714,257.26588693957115,7.72141147401745,68.629,7.72141147401745,56.6124529
Trinidad and Tobago,TTO,2002,0.0,0.73,259.65126705653023,21.9986754804449,69.232,21.9986754804449,52.9451423
Trinidad and Tobago,TTO,2003,0.0,0.74,260.9569200779727,25.9717641091609,69.454,25.9717641091609,51.8836904
Trinidad and Tobago,TTO,2004,0.0,0.75,262.2573099415205,27.0242700782714,69.879,27.0242700782714,51.1452508
Trinidad and Tobago,TTO,2005,0.0,0.756,252.33801169590643,28.97669983,70.185,28.97669983,51.423248099999995
Trinidad and Tobago,TTO,2006,0.0,0.766,253.01052631578946,30.00370026,70.437,30.00370026,47.8337459
Trinidad and Tobago,TTO,2007,0.0,0.774,254.0327485380117,32.3,70.797,32.3,47.0177145
Trinidad and Tobago,TTO,2008,0.0,0.782,255.0851851851852,34.8,71.117,34.8,46.5784793
Trinidad and Tobago,TTO,2009,0.0,0.782,255.3812865497076,44.3,71.404,44.3,47.3432976
Trinidad and Tobago,TTO,2010,0.0,0.789,256.8643274853801,48.5,71.809,48.5,45.4747044
Trinidad and Tobago,TTO,2011,0.0,0.792,258.8730994152047,55.2,72.232,55.2,46.0374352
Trinidad and Tobago,TTO,2012,0.0,0.796,260.27173489278755,57.5,72.513,57.5,45.717910499999995
Trinidad and Tobago,TTO,2013,0.0,0.802,261.31715399610135,59.90000153,72.785,59.90000153,44.657685199999996
Trinidad and Tobago,TTO,2014,0.0,0.805,262.25009746588694,62.40000153,72.898,62.40000153,39.379403499999995
Trinidad and Tobago,TTO,2015,0.0,0.808,263.09298245614036,65.09999847,72.882,65.09999847,41.949635099999995
Trinidad and Tobago,TTO,2016,0.0,0.806,263.9171539961014,67.80000305,72.935,67.80000305,42.6657563
Trinidad and Tobago,TTO,2017,0.0,0.806,264.45087719298243,70.59999847,72.984,70.59999847,42.611925899999996
Trinidad and Tobago,TTO,2018,0.0,0.803,264.94990253411305,72.76029968,72.658,72.76029968,42.2369778
Trinidad and Tobago,TTO,2019,0.0,0.805,265.8840155945419,74.98670197,72.836,74.98670197,43.7939526
Trinidad and Tobago,TTO,2020,0.0,0.8,266.41812865497076,77.28130341,72.645,77.28130341,43.924342499999995
Trinidad and Tobago,TTO,2021,0.0,0.796,266.5805068226121,84.36576986,71.111,84.36576986,43.187447399999996
Trinidad and Tobago,TTO,2022,0.0,0.805,266.23879142300194,81.69760132,73.331,81.69760132,41.803373799999996
Trinidad and Tobago,TTO,2023,0.0,0.807,266.5711500974659,81.9681015,73.49,81.9681015,41.454521
Tunisia,TUN,1996,0.0,0.616,59.82512873326468,0.0276,71.247,0.0276,40.434076499999996
Tunisia,TUN,1998,0.0,0.636,61.41649716786818,0.108,72.067,0.108,40.4084527
Tunisia,TUN,2000,0.02,0.654,62.85359809474768,2.75074029298135,72.604,2.75074029298135,40.3335368
Tunisia,TUN,2002,0.029999999,0.667,64.18328398558188,5.25288729548421,73.07,5.25288729548421,46.8653747
Tunisia,TUN,2003,0.029999999,0.673,64.82770339855819,6.49084579532797,73.304,6.49084579532797,43.183146099999995
Tunisia,TUN,2004,0.039999999,0.683,65.43616761071061,8.52881775162591,73.519,8.52881775162591,44.7216343
Tunisia,TUN,2005,0.039999999,0.69,66.01101956745623,9.655099869,73.712,9.655099869,42.124021899999995
Tunisia,TUN,2006,0.039999999,0.697,66.59635684860969,12.98639965,73.888,12.98639965,46.6720964
Tunisia,TUN,2007,0.039999999,0.703,67.20971936148301,17.1,74.039,17.1,45.5428293
Tunisia,TUN,2008,0.039999999,0.709,67.85939109165808,27.53,74.192,27.53,41.817589399999996
Tunisia,TUN,2009,0.100000001,0.713,68.55484680741503,34.07,74.32,34.07,42.019575599999996
Tunisia,TUN,2010,0.140000001,0.717,69.29698764160659,36.8,74.438,36.8,43.9253546
Tunisia,TUN,2011,0.109999999,0.718,70.06974124613801,39.1,74.471,39.1,48.8810733
Tunisia,TUN,2012,0.200000003,0.72,70.86539006179197,41.4416008,74.599,41.4416008,47.888157199999995
Tunisia,TUN,2013,0.360000014,0.722,71.71318872296601,43.79999924,74.674,43.79999924,47.616521899999995
Tunisia,TUN,2014,0.50999999,0.725,72.56879505664264,46.15999985,74.784,46.15999985,48.1080288
Tunisia,TUN,2015,0.449999988,0.728,73.39253347064881,46.4999943435776,74.875,46.4999943435776,47.5639344
Tunisia,TUN,2016,0.469999999,0.733,74.2061920700309,49.5999948415756,75.007,49.5999948415756,46.6856501
Tunisia,TUN,2017,0.449999988,0.737,74.99033213182287,55.5001550633671,75.177,55.5001550633671,46.862943699999995
Tunisia,TUN,2018,0.449999988,0.742,75.73065139031925,64.1908102327387,75.37,64.1908102327387,47.8818985
Tunisia,TUN,2019,0.5,0.74,76.4358972708548,66.6999983024144,75.599,66.6999983024144,47.2745634
Tunisia,TUN,2020,0.469999999,0.733,77.07297245108136,68.55639648,75.004,68.55639648,47.464914799999995
Tunisia,TUN,2021,0.430000007,0.728,77.55292224510814,68.31552226,72.893,68.31552226,44.990316299999996
Tunisia,TUN,2022,0.319999993,0.745,78.00807157569515,,76.05,,43.8217705
Tunisia,TUN,2023,0.340000004,0.746,78.53006565396498,,76.508,,43.9611436
Turkey,TUR,1996,0.0,0.63,80.49469745202241,0.193,70.245,0.193,42.0076979
Turkey,TUR,1998,0.0,0.649,82.81171861803723,0.699,71.144,0.699,35.9326547
Turkey,TUR,2000,0.029999999,0.669,85.00962930239206,3.761685035075,71.931,3.761685035075,40.716375
Turkey,TUR,2002,0.050000001,0.685,87.11821914426413,11.38,72.605,11.38,40.5247889
Turkey,TUR,2003,0.059999999,0.691,88.13550667203721,12.33,72.906,12.33,44.5387439
Turkey,TUR,2004,0.059999999,0.696,89.12414666787937,14.58,73.223,14.58,44.5260342
Turkey,TUR,2005,0.059999999,0.701,90.08167171238128,15.46,73.51,15.46,46.4075962
Turkey,TUR,2006,0.129999995,0.711,91.01171861803724,18.24,73.804,18.24,48.867796899999995
Turkey,TUR,2007,0.360000014,0.719,91.1582344763068,28.63,74.129,28.63,49.3714649
Turkey,TUR,2008,0.850000024,0.721,92.31926770006366,34.37,74.38,34.37,48.846692999999995
Turkey,TUR,2009,1.5,0.728,93.60238816054468,36.4,74.679,36.4,48.477845699999996
Turkey,TUR,2010,2.920000076,0.75,95.03547159024467,39.82,74.964,39.82,48.8424342
Turkey,TUR,2011,4.71999979,0.764,96.44066499486766,43.065710430925,74.823,43.065710430925,48.7956216
Turkey,TUR,2012,5.860000134,0.772,97.67788028013462,45.13,75.552,45.13,51.0634993
Turkey,TUR,2013,7.559999943,0.802,98.94056104881567,46.25,76.171,46.25,50.688030999999995
Turkey,TUR,2014,8.520000458,0.813,100.2844015955719,51.0373665521645,76.452,51.0373665521645,45.6504292
Turkey,TUR,2015,11.64999962,0.821,101.63127606772085,53.7449791423583,76.539,53.7449791423583,45.7015634
Turkey,TUR,2016,15.52000046,0.826,103.00788950534672,58.3477340145685,76.595,58.3477340145685,46.1425596
Turkey,TUR,2017,17.89999962,0.833,104.35234853111236,64.6846176835371,77.037,64.6846176835371,46.507721
Turkey,TUR,2018,19.86000061,0.838,105.77446825097775,71.0427608433809,77.454,71.0427608433809,43.164527899999996
Turkey,TUR,2019,21.62999916,0.841,107.29758455361667,73.9767022871511,77.737,73.9767022871511,44.2075641
Turkey,TUR,2020,24.61000061,0.838,108.34385354001273,77.6695605,76.525,77.6695605,41.2919795
Turkey,TUR,2021,31.02000046,0.841,109.33476865506802,81.40843745,75.722,81.40843745,39.7741275
Turkey,TUR,2022,34.68999863,0.853,110.4165806946195,83.43716576,77.591,83.43716576,39.101217999999996
Turkey,TUR,2023,33.88000107,0.853,110.86621493444902,85.96074155,77.156,85.96074155,39.0000224
Turkmenistan,TKM,1996,0.0,,9.073306662694444,,63.538,,29.143077299999998
Turkmenistan,TKM,1998,0.0,,9.385455280573703,,63.966,,31.700022299999997
Turkmenistan,TKM,2000,0.0,,9.751828995807886,0.13328218259348,64.931,0.13328218259348,31.0110308
Turkmenistan,TKM,2002,0.0,,10.149309471623432,0.302132016152841,65.593,0.302132016152841,27.7239453
Turkmenistan,TKM,2003,0.0,,10.350190453897389,0.425182631884743,65.854,0.425182631884743,27.6853022
Turkmenistan,TKM,2004,0.0,,10.550705424212117,0.754053982724623,66.055,0.754053982724623,21.8423606
Turkmenistan,TKM,2005,0.0,0.653,10.751084204030388,0.997300029,66.275,0.997300029,17.7943087
Turkmenistan,TKM,2006,0.0,0.662,10.952918519779542,1.3195731180963,66.574,1.3195731180963,17.8370872
Turkmenistan,TKM,2007,0.0,0.673,11.159206690358138,1.40636068812023,67.02,1.40636068812023,17.8064455
Turkmenistan,TKM,2008,0.0,0.683,11.374096141978592,1.75,67.584,1.75,17.7141543
Turkmenistan,TKM,2009,0.0,0.69,11.600859702508885,1.950000048,68.155,1.950000048,17.5632152
Turkmenistan,TKM,2010,0.0,0.7,11.840818845359948,3.0,68.608,3.0,17.5681318
Turkmenistan,TKM,2011,0.0,0.709,12.094177856276467,5.0,68.87,5.0,17.555814899999998
Turkmenistan,TKM,2012,0.0,0.714,12.360449428638308,7.195799828,68.961,7.195799828,17.530223499999998
Turkmenistan,TKM,2013,0.0,0.716,12.6387781158896,9.600000381,68.968,9.600000381,17.4568419
Turkmenistan,TKM,2014,0.0,0.719,12.92805949822314,12.19999981,69.001,12.19999981,18.2495246
Turkmenistan,TKM,2015,0.0,0.725,13.227012533781627,14.99680042,69.061,14.99680042,18.2698552
Turkmenistan,TKM,2016,0.0,0.729,13.53401783244313,17.99029922,69.142,17.99029922,18.2109989
Turkmenistan,TKM,2017,0.0,0.732,13.84687293852276,,69.19,,18.4503652
Turkmenistan,TKM,2018,0.0,0.735,14.16279871470219,,69.272,,18.4703011
Turkmenistan,TKM,2019,0.0,0.741,14.478632987891814,,69.405,,20.2783883
Turkmenistan,TKM,2020,0.0,0.744,14.789249462685932,,68.846,,20.3355079
Turkmenistan,TKM,2021,0.0,0.754,15.091700891622157,,69.353,,20.322069499999998
Turkmenistan,TKM,2022,0.0,0.761,15.38568084608346,,69.913,,20.3174545
Turkmenistan,TKM,2023,0.0,0.764,15.671351052284383,,70.073,,20.5275818
Tuvalu,TUV,2004,,0.621,327.2,7.6,63.989,7.6,61.2894861
Tuvalu,TUV,2005,,0.621,331.3333333333333,8.300000191,64.096,8.300000191,46.898528299999995
Tuvalu,TUV,2006,,0.625,335.2,9.100000381,64.247,9.100000381,47.0594627
Tuvalu,TUV,2007,,0.63,339.4,10.0,64.402,10.0,45.7481533
Tuvalu,TUV,2008,,0.636,344.03333333333336,11.19999981,64.516,11.19999981,45.778794999999995
Tuvalu,TUV,2009,,0.635,348.7,12.80000019,64.693,12.80000019,45.7777161
Tuvalu,TUV,2010,,0.636,353.8,14.60000038,64.834,14.60000038,45.7962148
Tuvalu,TUV,2011,,0.641,359.3333333333333,16.5,64.96,16.5,45.749879899999996
Tuvalu,TUV,2012,,0.642,364.46666666666664,18.70000076,65.079,18.70000076,43.1775392
Tuvalu,TUV,2013,,0.647,366.7,21.20000076,65.171,21.20000076,43.1827129
Tuvalu,TUV,2014,,0.65,366.1333333333333,24.10000038,65.278,24.10000038,46.927068899999995
Tuvalu,TUV,2015,,0.658,365.43333333333334,27.299999240000002,65.365,27.299999240000002,46.981138099999995
Tuvalu,TUV,2016,,0.664,364.3333333333333,31.0,65.51,31.0,47.024708
Tuvalu,TUV,2017,,0.668,362.3,35.20000076,65.683,35.20000076,46.993536
Tuvalu,TUV,2018,,0.672,358.3666666666667,,65.871,,47.046554699999994
Tuvalu,TUV,2019,,0.681,352.7,,66.109,,55.795057199999995
Tuvalu,TUV,2020,,0.681,346.6333333333333,,66.357,,52.0083883
Tuvalu,TUV,2021,,0.681,339.8,,65.824,,51.9726479
Tuvalu,TUV,2022,,0.686,333.06666666666666,,66.852,,52.8058744
Tuvalu,TUV,2023,,0.689,327.2,,67.105,,52.7637133
Uganda,UGA,1996,0.0,0.367,106.25869576097293,0.0046300000000000004,47.759,0.0046300000000000004,34.0847828
Uganda,UGA,1998,0.0,0.386,112.6860817776888,0.06530000000000001,48.263,0.06530000000000001,25.6463421
Uganda,UGA,2000,0.0,0.407,120.11485911616035,0.163714063074854,49.64,0.163714063074854,24.965384399999998
Uganda,UGA,2002,0.0,0.432,127.78574645913618,0.384093504951945,51.443,0.384093504951945,24.632190599999998
Uganda,UGA,2003,0.0,0.446,131.88591161603523,0.464849840113968,52.414,0.464849840113968,25.8305765
Uganda,UGA,2004,0.0,0.461,135.90168159751764,0.719970679914031,53.699,0.719970679914031,31.0101382
Uganda,UGA,2005,0.0,0.47,139.94939692708073,1.742200017,54.926,1.742200017,29.6951084
Uganda,UGA,2006,0.0,0.481,144.10691657074221,2.52940011,56.118,2.52940011,34.8256715
Uganda,UGA,2007,0.0,0.492,148.4081377308443,3.67196535074744,57.248,3.67196535074744,33.3590428
Uganda,UGA,2008,0.0,0.502,152.84296581752665,3.880000114,58.253,3.880000114,33.5379901
Uganda,UGA,2009,0.0,0.509,157.40529002552424,4.099999905,59.157,4.099999905,32.4847988
Uganda,UGA,2010,0.0,0.514,161.53402154398563,4.300000191,59.959,4.300000191,32.460990699999996
Uganda,UGA,2011,0.0,0.522,166.34023040095752,4.599999905,60.791,4.599999905,31.7845935
Uganda,UGA,2012,0.0,0.526,171.2419609016557,4.800000191,61.579,4.800000191,30.5132288
Uganda,UGA,2013,0.0,0.532,176.2270197486535,5.099999905,62.353,5.099999905,28.943599
Uganda,UGA,2014,0.0,0.539,181.50577997207262,5.400000095,63.057,5.400000095,27.8465867
Uganda,UGA,2015,0.0,0.547,187.17058647516458,5.699999809,63.831,5.699999809,27.351049699999997
Uganda,UGA,2016,0.0,0.553,193.49267903451027,5.9,64.494,5.9,27.720651999999998
Uganda,UGA,2017,0.0,0.557,200.36598843008179,7.417900085,65.174,7.417900085,27.2725692
Uganda,UGA,2018,0.0,0.563,207.29020047875522,9.326299667,65.775,9.326299667,27.0135747
Uganda,UGA,2019,0.0,0.569,214.44063933772193,11.72579956,66.354,11.72579956,25.5389587
Uganda,UGA,2020,0.0,0.571,221.70931577897466,7.4,66.41,7.4,28.905872799999997
Uganda,UGA,2021,0.0,0.573,228.95935567524435,10.0,66.45,10.0,28.9849423
Uganda,UGA,2022,0.0,0.578,235.9501246758428,9.636899948,67.675,9.636899948,27.8358769
Uganda,UGA,2023,0.0,0.582,242.65210951526032,9.286999702,68.252,9.286999702,27.6802863
Ukraine,UKR,1996,0.0,0.701,88.41996893069819,0.0986,67.097,0.0986,27.109817099999997
Ukraine,UKR,1998,0.0,0.71,86.95905929058428,0.301,67.993,0.301,23.170255899999997
Ukraine,UKR,2000,0.01,0.716,85.53837921808923,0.716183762031043,67.786,0.716183762031043,23.3532029
Ukraine,UKR,2002,0.02,0.736,84.0219577450202,1.87388511643427,67.699,1.87388511643427,21.2755369
Ukraine,UKR,2003,0.029999999,0.745,83.39685849414852,3.14812758815439,67.638,3.14812758815439,20.751866099999997
Ukraine,UKR,2004,0.029999999,0.751,82.81752856699002,3.4894778812677,67.472,3.4894778812677,25.3391828
Ukraine,UKR,2005,0.039999999,0.757,82.13185819324104,3.749799967,67.517,3.749799967,29.1092719
Ukraine,UKR,2006,0.039999999,0.762,81.60503659210163,4.50612456357379,67.49,4.50612456357379,29.4109861
Ukraine,UKR,2007,0.050000001,0.77,81.23659744877703,6.55,67.715,6.55,28.5408613
Ukraine,UKR,2008,0.050000001,0.776,80.8174670303114,11.0,68.262,11.0,28.095808599999998
Ukraine,UKR,2009,0.039999999,0.773,80.48009908168197,17.9,69.159,17.9,25.7834056
Ukraine,UKR,2010,0.050000001,0.782,80.190573430919,23.3,70.188,23.3,25.161796199999998
Ukraine,UKR,2011,0.090000004,0.786,79.93484257405234,28.7082628400713,70.711,28.7082628400713,25.032391999999998
Ukraine,UKR,2012,0.289999992,0.789,79.7660291376096,35.27,71.09,35.27,23.256794499999998
Ukraine,UKR,2013,0.639999986,0.789,79.62226403369468,40.954128997,71.474,40.954128997,23.3732784
Ukraine,UKR,2014,1.129999995,0.788,79.35987156691813,46.2359754571651,71.803,46.2359754571651,26.179429199999998
Ukraine,UKR,2015,1.080000043,0.778,79.03622710559478,48.8846436813218,72.686,48.8846436813218,26.3254071
Ukraine,UKR,2016,0.949999988,0.78,78.74610644064286,53.0009695981884,73.389,53.0009695981884,27.3081194
Ukraine,UKR,2017,0.980000019,0.785,78.43266183324702,58.8894794459775,73.993,58.8894794459775,28.560451
Ukraine,UKR,2018,1.190000057,0.784,78.02710907835692,62.5531553933869,73.569,62.5531553933869,27.821804999999998
Ukraine,UKR,2019,2.019999981,0.789,77.59312737314463,70.1248442995263,73.92,70.1248442995263,32.022000399999996
Ukraine,UKR,2020,3.25999999,0.783,77.11428028995513,75.03790912,73.283,75.03790912,31.0350717
Ukraine,UKR,2021,3.819999933,0.772,76.4560579910252,79.21829353,71.631,79.21829353,31.5787877
Ukraine,UKR,2022,1.419999957,0.772,70.84702450811184,80.47429657,72.658,80.47429657,34.014237
Ukraine,UKR,2023,0.0,0.779,65.12398343113566,81.58059692,73.422,81.58059692,33.194343499999995
Spain,ESP,1990,0.01,0.766,77.82180442095147,0.012899999999999998,76.83756097560976,0.012899999999999998,
Spain,ESP,1991,0.01,0.774,78.02013455069678,0.0257,76.97121951219513,0.0257,
Spain,ESP,1992,0.100000001,0.781,78.40318156335096,0.07680000000000001,77.41,0.07680000000000001,
Spain,ESP,1993,0.119999997,0.789,78.8107920871376,0.128,77.54658536585367,0.128,
Spain,ESP,1994,0.170000002,0.798,79.18690533397405,0.28,77.90146341463415,0.28,
Spain,ESP,1995,0.270000011,0.804,79.53718164344065,0.381,77.98073170731708,0.381,
Spain,ESP,1997,0.74000001,0.816,80.20460716001922,2.8,78.60414634146342,2.8,
Spain,ESP,1999,2.74000001,0.825,80.86431803620054,7.09,78.71707317073172,7.09,
Spain,ESP,2001,6.760000229,0.839,81.94337639412662,18.1487226902932,79.36829268292684,18.1487226902932,
Sri Lanka,LKA,1990,0.0,0.638,260.7631637697337,0.0,69.239,0.0,
Sri Lanka,LKA,1991,0.0,0.642,262.7229150055812,,69.131,,
Sri Lanka,LKA,1992,0.0,0.65,266.931653643757,,69.619,,
Sri Lanka,LKA,1993,0.0,0.658,271.5024398022644,,70.049,,
Sri Lanka,LKA,1994,0.0,0.664,275.48673257853613,0.00277,70.211,0.00277,
Sri Lanka,LKA,1995,0.0,0.667,280.08400574071123,0.00548,69.746,0.00548,
Sri Lanka,LKA,1997,0.0,0.679,290.9934619677882,0.16199999999999998,69.934,0.16199999999999998,
Sri Lanka,LKA,1999,0.0035,0.692,302.10063785680114,0.348,70.427,0.348,
Sri Lanka,LKA,2001,0.0,0.704,312.5556051666401,0.793821864362622,71.804,0.793821864362622,
Sudan,SDN,1990,0.0,,,0.0,55.497,0.0,
Sudan,SDN,1991,0.0,,,,55.553,,
Sudan,SDN,1992,0.0,,,,55.952,,
Sudan,SDN,1993,0.0,,,,56.102,,
Sudan,SDN,1994,0.0,,,0.0,57.022,0.0,
Sudan,SDN,1995,0.0,,,0.0,57.447,0.0,
Sudan,SDN,1997,0.0,,,0.0012300000000000002,58.058,0.0012300000000000002,
Sudan,SDN,1999,0.0,,,0.00879,58.607,0.00879,
Sudan,SDN,2001,0.0,,,0.140185224494161,59.264,0.140185224494161,
Suriname,SUR,1990,0.0,,2.569927992822272,0.0,62.088,0.0,
Suriname,SUR,1991,0.0,,2.58562818298771,,62.151,,
Suriname,SUR,1992,0.0,,2.601677266267936,,62.246,,
Suriname,SUR,1993,0.0,,2.61266116914955,,62.382,,
Suriname,SUR,1994,0.0,,2.6314951671138833,,62.542,,
Suriname,SUR,1995,0.0,,2.6765459905608218,0.115,62.779,0.115,
Suriname,SUR,1997,0.0,,2.791562343991042,1.0,63.385,1.0,
Suriname,SUR,1999,0.0,,2.908996028288005,1.89,64.035,1.89,
Suriname,SUR,2001,0.0,,3.0313827487681118,3.06444838873752,64.82,3.06444838873752,
Sweden,SWE,1990,0.01,0.818,21.011541472633283,0.584,77.53682926829269,0.584,
Sweden,SWE,1991,0.01,0.821,21.155254447332286,1.16,77.66682926829269,1.16,
Sweden,SWE,1992,0.029999999,0.829,21.279700947391085,1.5,77.99878048780488,1.5,
Sweden,SWE,1993,0.050000001,0.85,21.403661366667674,1.72,78.06048780487805,1.72,
Sweden,SWE,1994,0.07,0.862,21.556320191722044,3.41,78.65024390243903,3.41,
Sweden,SWE,1995,0.100000001,0.869,21.669724311183025,5.1,78.74048780487806,5.1,
Sweden,SWE,1997,0.200000003,0.888,21.716670385921137,23.7,79.19756097560978,23.7,
Sweden,SWE,1999,0.360000014,0.906,21.745668296019268,41.4,79.44146341463416,41.4,
Sweden,SWE,2001,0.479999989,0.915,21.839167652944212,51.7656649372808,79.79512195121951,51.7656649372808,
Switzerland,CHE,1990,0.0,0.858,169.88725063731258,0.596,77.24243902439024,0.596,
Switzerland,CHE,1991,0.0,0.86,172.02352176294323,1.18,77.51463414634145,1.18,
Switzerland,CHE,1992,0.0,0.863,173.9302590500293,1.75,77.80609756097562,1.75,
Switzerland,CHE,1993,0.0,0.867,175.52114863047885,2.17,78.08536585365856,2.17,
Switzerland,CHE,1994,0.0,0.87,176.92556386241296,2.72,78.35,2.72,
Switzerland,CHE,1995,0.0,0.872,178.11145400404305,3.55,78.41707317073171,3.55,
Switzerland,CHE,1997,0.002,0.88,179.34231021510558,15.1,79.07951219512196,15.1,
Switzerland,CHE,1999,0.003,0.889,180.74704995344695,34.0,79.58048780487805,34.0,
Switzerland,CHE,2001,0.0,0.895,182.93072579673887,55.1,80.18048780487806,55.1,
Syria,SYR,1990,0.0,0.572,68.44709979323103,0.0,69.83,0.0,
Syria,SYR,1991,0.0,0.577,70.63239199042333,0.0,70.075,0.0,
Syria,SYR,1992,0.0,0.582,72.83475350963108,0.0,70.243,0.0,
Syria,SYR,1993,0.0,0.583,75.06630754162586,0.0,70.309,0.0,
Syria,SYR,1994,0.0,0.587,77.3129992382196,0.0,70.296,0.0,
Syria,SYR,1995,0.0,0.587,79.53423114593535,0.0,70.209,0.0,
Syria,SYR,1997,0.0,0.593,83.89129393840462,0.032600000000000004,70.158,0.032600000000000004,
Syria,SYR,1999,0.0,0.595,88.30156164979867,0.124,70.507,0.124,
Syria,SYR,2001,0.0,0.602,92.78124931983893,0.353759130007247,71.296,0.353759130007247,
Tajikistan,TJK,1992,0.0,,40.364389825664475,,57.085,,
Tajikistan,TJK,1993,0.0,0.549,40.90449414118319,,55.512,,
Tajikistan,TJK,1994,0.0,0.538,41.62166333238068,,60.093,,
Tajikistan,TJK,1995,0.0,0.547,42.50202915118605,,61.389,,
Tajikistan,TJK,1997,0.0,0.536,43.86845527293512,,61.928,,
Tajikistan,TJK,1999,0.0,0.546,44.358173763932555,0.0328,63.114,0.0328,
Tajikistan,TJK,2001,0.0,0.563,45.780058588168046,0.0512591325352927,64.197,0.0512591325352927,
Tanzania,TZA,1990,0.0,0.381,29.47641341160533,0.0,51.985,0.0,
Tanzania,TZA,1991,0.0,0.382,30.23305034996613,,51.837,,
Tanzania,TZA,1992,0.0,0.381,30.997502822307517,,51.432,,
Tanzania,TZA,1993,0.0,0.382,31.985427861819822,,51.215,,
Tanzania,TZA,1994,0.0,0.38,33.23815308195981,,51.077,,
Tanzania,TZA,1995,0.0,0.38,34.30062881011515,,51.005,,
Tanzania,TZA,1997,0.0,0.388,35.649231203431924,0.007899999999999999,51.246,0.007899999999999999,
Tanzania,TZA,1999,0.0,0.404,37.59350869270716,0.0751,52.399,0.0751,
Tanzania,TZA,2001,0.0,0.422,39.736169564235716,0.171300350668948,54.124,0.171300350668948,
Thailand,THA,1990,0.0,0.584,107.14308168098808,0.0,68.924,0.0,
Thailand,THA,1991,0.0,0.593,108.90296149856134,5.22e-05,69.132,5.22e-05,
Thailand,THA,1992,0.0,0.603,110.647759791736,0.000344,69.353,0.000344,
Thailand,THA,1993,0.0,0.612,112.36899919747891,0.0136,69.568,0.0136,
Thailand,THA,1994,0.0,0.62,114.03796120495606,0.0386,69.661,0.0386,
Thailand,THA,1995,0.0,0.628,115.67701853627983,0.07479999999999999,69.757,0.07479999999999999,
Thailand,THA,1997,0.0,0.639,118.86038873338684,0.361,70.362,0.361,
Thailand,THA,1999,0.0,0.65,121.94218520620878,2.43,70.979,2.43,
Thailand,THA,2001,0.0,0.667,124.58873925894028,5.55632612097332,71.52,5.55632612097332,
Togo,TGO,1990,0.0,0.412,68.2849972421401,0.0,54.566,0.0,
Togo,TGO,1991,0.0,0.415,70.28196359624931,0.0,54.263,0.0,
Togo,TGO,1992,0.0,0.406,72.30338297481154,0.0,54.084,0.0,
Togo,TGO,1993,0.0,0.404,71.48325059753631,0.0,53.858,0.0,
Togo,TGO,1994,0.0,0.413,71.7812649384078,0.0,53.731,0.0,
Togo,TGO,1995,0.0,0.425,75.57363485934914,0.0,53.708,0.0,
Togo,TGO,1997,0.0,0.441,81.61047986762273,0.211,53.855,0.211,
Togo,TGO,1999,0.0,0.446,85.78330575473433,0.59,54.318,0.59,
Togo,TGO,2001,0.0,0.452,90.16628056628056,0.9,54.757,0.9,
Tonga,TON,1990,0.0,0.641,138.47222222222223,0.0,67.539,0.0,
Tonga,TON,1991,0.0,0.649,138.74305555555554,,67.749,,
Tonga,TON,1992,0.0,0.654,138.91944444444445,,67.927,,
Tonga,TON,1993,0.0,0.66,139.03194444444443,,68.157,,
Tonga,TON,1994,0.0,0.67,139.11944444444444,,68.371,,
Tonga,TON,1995,0.0,0.675,139.20138888888889,0.123,68.592,0.123,
Tonga,TON,1996,0.0,0.678,139.27083333333334,0.164,68.803,0.164,
Tonga,TON,1997,0.0,0.68,139.825,0.511,69.012,0.511,
Tonga,TON,1998,0.0,0.685,140.81666666666666,0.765,69.224,0.765,
Tonga,TON,1999,0.0,0.688,141.73055555555555,1.02,69.431,1.02,
Tonga,TON,2000,0.0,0.688,142.60694444444445,2.4343980443669,69.635,2.4343980443669,
Tonga,TON,2001,0.0,0.693,143.45555555555555,2.82537183911525,69.8,2.82537183911525,
Tonga,TON,2002,0.0,0.7,144.26944444444445,2.90729731626382,70.03,2.90729731626382,
Tonga,TON,2003,0.0,0.703,145.0888888888889,2.98581736750435,70.228,2.98581736750435,
Trinidad and Tobago,TTO,1990,0.0,0.661,244.09512670565303,0.0,67.591,0.0,
Trinidad and Tobago,TTO,1991,0.0,0.665,246.03723196881091,,67.782,,
Trinidad and Tobago,TTO,1992,0.0,0.665,247.88966861598442,,67.78,,
Trinidad and Tobago,TTO,1993,0.0,0.667,249.60350877192982,,67.825,,
Trinidad and Tobago,TTO,1994,0.0,0.672,251.13859649122807,,67.837,,
Trinidad and Tobago,TTO,1995,0.0,0.677,252.46959064327484,0.158,67.995,0.158,
Trinidad and Tobago,TTO,1997,0.0,0.692,254.54892787524366,1.17,68.143,1.17,
Trinidad and Tobago,TTO,1999,0.0,0.708,256.2783625730994,5.81,68.509,5.81,
Trinidad and Tobago,TTO,2001,0.0,0.721,258.395126705653,15.384627218944,68.874,15.384627218944,
Tunisia,TUN,1990,0.0,0.569,53.582061019567455,0.0,69.092,0.0,
Tunisia,TUN,1991,0.0,0.575,54.72339727085479,,69.398,,
Tunisia,TUN,1992,0.0,0.582,55.88640576725026,,69.684,,
Tunisia,TUN,1993,0.0,0.587,57.015383625128734,,69.992,,
Tunisia,TUN,1994,0.0,0.598,58.04871266735324,0.00738,70.363,0.00738,
Tunisia,TUN,1995,0.0,0.606,58.96793254376931,0.0112,70.785,0.0112,
Tunisia,TUN,1997,0.0,0.623,60.641542224510815,0.0437,71.67,0.0437,
Tunisia,TUN,1999,0.0,0.646,62.15218202883625,1.6,72.344,1.6,
Tunisia,TUN,2001,0.02,0.661,63.52778707518023,4.29796603474685,72.822,4.29796603474685,
Turkey,TUR,1990,0.0,0.598,72.78254226056677,0.0,67.835,0.0,
Turkey,TUR,1991,0.0,0.602,74.07440848199785,,68.287,,
Turkey,TUR,1992,0.0,0.608,75.3480477632109,,68.603,,
Turkey,TUR,1993,0.0,0.615,76.65913101100529,0.008459999999999999,69.018,0.008459999999999999,
Turkey,TUR,1994,0.0,0.616,78.00350298195237,0.0499,69.402,0.0499,
Turkey,TUR,1995,0.0,0.623,79.29070202564868,0.0817,69.734,0.0817,
Turkey,TUR,1997,0.0,0.638,81.66647090160207,0.47400000000000003,70.668,0.47400000000000003,
Turkey,TUR,1999,0.02,0.652,83.92594233592766,2.29,70.752,2.29,
Turkey,TUR,2001,0.059999999,0.675,86.0739939971155,5.18948146078506,72.271,5.18948146078506,
Turkmenistan,TKM,1990,0.0,,,0.0,63.867,0.0,
Turkmenistan,TKM,1991,0.0,,,,63.842,,
Turkmenistan,TKM,1992,0.0,,8.39420551997106,,63.753,,
Turkmenistan,TKM,1993,0.0,,8.58086736322431,,63.586,,
Turkmenistan,TKM,1994,0.0,,8.760160023833336,,63.515,,
Turkmenistan,TKM,1995,0.0,,8.918781520652011,,63.514,,
Turkmenistan,TKM,1997,0.0,,9.228459557806481,,63.667,,
Turkmenistan,TKM,1999,0.0,,9.559232226076224,0.045,64.475,0.045,
Turkmenistan,TKM,2001,0.0,,9.949160513267934,0.175209517731422,65.325,0.175209517731422,
Tuvalu,TUV,1990,,0.566,293.26666666666665,0.0,61.643,0.0,
Tuvalu,TUV,1991,,0.57,297.6,,61.809,,
Tuvalu,TUV,1992,,0.566,301.26666666666665,,60.29,,
Tuvalu,TUV,1993,,0.579,304.2,,62.11,,
Tuvalu,TUV,1994,,0.586,306.9,,62.317,,
Tuvalu,TUV,1995,,0.587,309.3333333333333,,62.505,,
Tuvalu,TUV,1996,,0.587,311.4,,62.709,,
Tuvalu,TUV,1997,,0.595,313.3333333333333,,62.942,,
Tuvalu,TUV,1998,,0.605,315.03333333333336,,63.162,,
Tuvalu,TUV,1999,,0.608,316.53333333333336,,63.346,,
Tuvalu,TUV,2000,,0.61,318.1333333333333,5.24163958486214,63.536,5.24163958486214,
Tuvalu,TUV,2001,,0.613,319.53333333333336,5.7,63.709,5.7,
Tuvalu,TUV,2002,,0.621,320.76666666666665,6.3,63.825,6.3,
Tuvalu,TUV,2003,,0.621,323.1666666666667,6.9,63.897,6.9,
Uganda,UGA,1990,0.0,0.342,87.93302137030179,0.0,47.561,0.0,
Uganda,UGA,1991,0.0,0.345,90.86582753615936,,47.549,,
Uganda,UGA,1992,0.0,0.339,94.01447375006256,,47.671,,
Uganda,UGA,1993,0.0,0.347,97.31825734447726,,47.681,,
Uganda,UGA,1994,0.0,0.35,100.63961263200041,,47.675,,
Uganda,UGA,1995,0.0,0.356,103.42659026074772,0.00286,47.706,0.00286,
Uganda,UGA,1997,0.0,0.376,109.3841449376908,0.0103,48.026,0.0103,
Uganda,UGA,1999,0.0,0.398,116.39698213302637,0.106,48.977,0.106,
Uganda,UGA,2001,0.0,0.418,123.84603373204544,0.237945087191408,50.576,0.237945087191408,
Ukraine,UKR,1990,0.0,0.75,,0.0,70.354,0.0,
Ukraine,UKR,1991,0.0,0.743,,,69.688,,
Ukraine,UKR,1992,0.0,0.733,90.31444032104945,,68.947,,
Ukraine,UKR,1993,0.0,0.721,90.36010356433934,0.000777,68.287,0.000777,
Ukraine,UKR,1994,0.0,0.706,89.88693881073617,0.0136,67.534,0.0136,
Ukraine,UKR,1995,0.0,0.702,89.17845689134374,0.0431,67.114,0.0431,
Ukraine,UKR,1997,0.0,0.706,87.66183654095107,0.199,67.658,0.199,
Ukraine,UKR,1999,0.0,0.714,86.26296021403297,0.405,68.004,0.405,
Ukraine,UKR,2001,0.02,0.728,84.76198325709848,1.23875954748114,67.675,1.23875954748114,
Spain,ESP,1960,,,,,69.10926829268294,,
Spain,ESP,1961,,,61.50556244747689,,69.48048780487805,,
Spain,ESP,1962,,,62.074044579615034,,69.51902439024391,,
Spain,ESP,1963,,,62.620855176277566,,69.68121951219513,,
Spain,ESP,1964,,,63.24621833606787,,70.39975609756098,,
Spain,ESP,1965,0.0,,63.93671615510825,,70.80926829268293,,
Spain,ESP,1966,0.0,,64.59480971627517,,71.05512195121952,,
Spain,ESP,1967,0.0,,65.39466765376766,,71.25292682926829,,
Spain,ESP,1968,0.0,,66.25542038496938,,71.53780487804879,,
Spain,ESP,1969,0.0,,66.91154908159591,,71.05756097560976,,
Spain,ESP,1970,0.0,,67.65883188602986,,72.02731707317074,,
Spain,ESP,1971,0.0,,68.47911080875585,,71.63024390243903,,
Spain,ESP,1972,0.0,,69.23940333746849,,72.8180487804878,,
Spain,ESP,1973,0.0,,70.0086978270439,,72.61073170731709,,
Spain,ESP,1974,0.0,,70.78206103051525,,72.96975609756099,,
Spain,ESP,1975,0.0,,71.56876088305346,,73.31878048780487,,
Spain,ESP,1976,0.0,,72.33783453770242,,73.6426829268293,,
Spain,ESP,1977,0.0,,73.09051927773551,,74.1319512195122,,
Spain,ESP,1978,0.0,,73.79916721718415,,74.29560975609756,,
Spain,ESP,1979,0.0,,74.45115506265765,,74.81878048780487,,
Spain,ESP,1980,0.0,,75.06189560934591,,75.34926829268294,,
Spain,ESP,1981,0.0,,75.59890882152725,,75.52853658536587,,
Spain,ESP,1982,0.0,,76.05416249549513,,76.13414634146342,,
Spain,ESP,1983,0.0,,76.43018040566245,,75.9090243902439,,
Spain,ESP,1984,0.0,,76.74668428640076,,76.29536585365855,,
Spain,ESP,1985,0.0,,77.02529232740669,,76.25951219512196,,
Spain,ESP,1986,0.0,,77.2557744674035,,76.51048780487805,,
Spain,ESP,1987,0.0,,77.45638114688451,,76.72804878048782,,
Spain,ESP,1988,0.0,,77.62081331090822,,76.74707317073171,,
Spain,ESP,1989,0.013,,77.74259971167707,,76.81365853658538,,
Spain,ESP,2025,58.75999832,,,,,,
Sri Lanka,LKA,1965,0.0,,174.08650932865572,,62.793,,
Sri Lanka,LKA,1966,0.0,,178.3436134587785,,63.156,,
Sri Lanka,LKA,1967,0.0,,182.70336469462606,,63.556,,
Sri Lanka,LKA,1968,0.0,,187.14858874182747,,63.869,,
Sri Lanka,LKA,1969,0.0,,191.57802583320046,,64.138,,
Sri Lanka,LKA,1970,0.0,,195.93541699888374,,64.352,,
Sri Lanka,LKA,1971,0.0,,200.15802902248444,,64.24,,
Sri Lanka,LKA,1972,0.0,,204.26096316376973,,64.625,,
Sri Lanka,LKA,1973,0.0,,208.27485249561474,,64.785,,
Sri Lanka,LKA,1974,0.0,,212.1781693509807,,64.966,,
Sri Lanka,LKA,1975,0.0,,216.05778982618403,,65.355,,
Sri Lanka,LKA,1976,0.0,,220.00908945941637,,65.84,,
Sri Lanka,LKA,1977,0.0,,224.0371711050869,,66.391,,
Sri Lanka,LKA,1978,0.0,,228.19531175251157,,66.844,,
Sri Lanka,LKA,1979,0.0,,232.49264870036677,,67.514,,
Sri Lanka,LKA,1980,0.0,,236.77202997926966,,68.006,,
Sri Lanka,LKA,1981,0.0,,240.7815978312869,,68.38,,
Sri Lanka,LKA,1982,0.0,,243.76601817891884,,68.665,,
Sri Lanka,LKA,1983,0.0,,245.39617285919311,,68.726,,
Sri Lanka,LKA,1984,0.0,,246.2423855844363,,68.761,,
Sri Lanka,LKA,1985,0.0,,247.8736086748525,,68.881,,
Sri Lanka,LKA,1986,0.0,,250.85721575506298,,68.962,,
Sri Lanka,LKA,1987,0.0,,253.81240631478232,,69.009,,
Sri Lanka,LKA,1988,0.0,,256.3964439483336,,68.995,,
Sri Lanka,LKA,1989,0.0,,259.10631478233137,,67.284,,
Sri Lanka,LKA,2025,0.930000007,,,,,,
Sudan,SDN,1965,0.0,,,,51.031,,
Sudan,SDN,1966,0.0,,,,51.253,,
Sudan,SDN,1967,0.0,,,,51.495,,
Sudan,SDN,1968,0.0,,,,51.762,,
Sudan,SDN,1969,0.0,,,,52.04,,
Sudan,SDN,1970,0.0,,,,52.294,,
Sudan,SDN,1971,0.0,,,,52.541,,
Sudan,SDN,1972,0.0,,,,52.803,,
Sudan,SDN,1973,0.0,,,,52.988,,
Sudan,SDN,1974,0.0,,,,53.156,,
Sudan,SDN,1975,0.0,,,,53.31,,
Sudan,SDN,1976,0.0,,,,53.342,,
Sudan,SDN,1977,0.0,,,,53.522,,
Sudan,SDN,1978,0.0,,,,53.29,,
Sudan,SDN,1979,0.0,,,,53.374,,
Sudan,SDN,1980,0.0,,,,54.072,,
Sudan,SDN,1981,0.0,,,,54.369,,
Sudan,SDN,1982,0.0,,,,54.375,,
Sudan,SDN,1983,0.0,,,,49.562,,
Sudan,SDN,1984,0.0,,,,49.807,,
Sudan,SDN,1985,0.0,,,,50.014,,
Sudan,SDN,1986,0.0,,,,54.558,,
Sudan,SDN,1987,0.0,,,,54.747,,
Sudan,SDN,1988,0.0,,,,54.984,,
Sudan,SDN,1989,0.0,,,,54.883,,
Suriname,SUR,1960,0.0,,,,56.595,,
Suriname,SUR,1961,0.0,,1.6995518156428846,,57.29,,
Suriname,SUR,1962,0.0,,1.76883825009917,,58.023,,
Suriname,SUR,1963,0.0,,1.8505913831749163,,58.496,,
Suriname,SUR,1964,0.0,,1.9253978051258755,,58.908,,
Suriname,SUR,1965,0.0,,1.993674941642954,,59.137,,
Suriname,SUR,1966,0.0,,2.0630485993779364,,59.232,,
Suriname,SUR,1967,0.0,,2.1349704228977058,,59.172,,
Suriname,SUR,1968,0.0,,2.2093407284551807,,59.292,,
Suriname,SUR,1969,0.0,,2.285910306682655,,59.394,,
Suriname,SUR,1970,0.0,,2.364012522521518,,59.494,,
Suriname,SUR,1971,0.0,,2.4418281475875196,,59.59,,
Suriname,SUR,1972,0.0,,2.475976061197348,,59.685,,
Suriname,SUR,1973,0.0,,2.465752246887235,,59.793,,
Suriname,SUR,1974,0.0,,2.4526936760194737,,59.914,,
Suriname,SUR,1975,0.0,,2.4370807091327324,,60.035,,
Suriname,SUR,1976,0.0,,2.4191314044237533,,60.155,,
Suriname,SUR,1977,0.0,,2.3990575898550857,,60.277,,
Suriname,SUR,1978,0.0,,2.3768468049583444,,60.401,,
Suriname,SUR,1979,0.0,,2.352548891607071,,60.527,,
Suriname,SUR,1980,0.0,,2.3386866205284598,,60.654,,
Suriname,SUR,1981,0.0,,2.339197499732256,,60.795,,
Suriname,SUR,1982,0.0,,2.346025836407383,,60.934,,
Suriname,SUR,1983,0.0,,2.3596762795234447,,61.072,,
Suriname,SUR,1984,0.0,,2.381151896785455,,61.211,,
Suriname,SUR,1985,0.0,,2.4109261859920537,,61.358,,
Suriname,SUR,1986,0.0,,2.444307780796188,,61.159,,
Suriname,SUR,1987,0.0,,2.4728484836326454,,61.314,,
Suriname,SUR,1988,0.0,,2.505968408600689,,61.477,,
Suriname,SUR,1989,0.0,,2.544483716379554,,61.982,,
Sweden,SWE,1960,,,,,73.00560975609757,,
Sweden,SWE,1961,,,18.461245000180437,,73.47439024390245,,
Sweden,SWE,1962,,,18.56334651397838,,73.35048780487806,,
Sweden,SWE,1963,,,18.668271224238637,,73.55536585365854,,
Sweden,SWE,1964,,,18.80826739942117,,73.73317073170732,,
Sweden,SWE,1965,0.0,,18.986249069265774,,73.86170731707317,,
Sweden,SWE,1966,0.0,,19.16777814683911,,74.07853658536585,,
Sweden,SWE,1967,0.0,,19.315404317330227,,74.12243902439026,,
Sweden,SWE,1968,0.0,,19.42426186301016,,73.97292682926829,,
Sweden,SWE,1969,0.0,,19.561245810315075,,74.08487804878051,,
Sweden,SWE,1970,0.0,,19.744702026343123,,74.64926829268293,,
Sweden,SWE,1971,0.0,,19.881032956031536,,74.6239024390244,,
Sweden,SWE,1972,0.0,,19.939868370306158,,74.71804878048782,,
Sweden,SWE,1973,0.0,,19.97426717798437,,74.86731707317074,,
Sweden,SWE,1974,0.0,,20.0323096422961,,74.98048780487805,,
Sweden,SWE,1975,0.0,,20.112051440112516,,74.98463414634148,,
Sweden,SWE,1976,0.0,,20.185329345506958,,74.96926829268294,,
Sweden,SWE,1977,0.0,,20.25714655360133,,75.37975609756099,,
Sweden,SWE,1978,0.0,,20.316210278546382,,75.46902439024392,,
Sweden,SWE,1979,0.0,,20.3605933818874,,75.52414634146342,,
Sweden,SWE,1980,0.0,,20.40196671230425,,75.7409756097561,,
Sweden,SWE,1981,0.0,,20.42644750806268,,76.02609756097561,,
Sweden,SWE,1982,0.0,,20.438133086463214,,76.32731707317075,,
Sweden,SWE,1983,0.003,,20.447388260952714,,76.55170731707317,,
Sweden,SWE,1984,0.005,,20.465977168441967,,76.81585365853661,,
Sweden,SWE,1985,0.006,,20.49980888187427,,76.6678048780488,,
Sweden,SWE,1986,0.006,,20.547540541714937,,76.93121951219513,,
Sweden,SWE,1987,0.006,,20.616217864352528,,77.09219512195124,,
Sweden,SWE,1988,0.005,,20.711187738391324,,76.97926829268293,,
Sweden,SWE,1989,0.005,,20.849831234225388,,77.72682926829269,,
Sweden,SWE,2025,38.90000153,,,95.76629783,,95.76629783,
Switzerland,CHE,1960,0.0,,,,71.31341463414634,,
Switzerland,CHE,1961,0.0,,137.4796093908116,,71.6448780487805,,
Switzerland,CHE,1962,0.0,,141.00928455778183,,71.19609756097562,,
Switzerland,CHE,1963,0.0,,144.05603622748433,,71.18756097560977,,
Switzerland,CHE,1964,0.0,,146.45891519935236,,72.0778048780488,,
Switzerland,CHE,1965,0.0,,148.16008905079943,,72.20170731707317,,
Switzerland,CHE,1966,0.0,,149.71670714430277,,72.33560975609757,,
Switzerland,CHE,1967,0.0,,151.58330803481076,,72.63658536585366,,
Switzerland,CHE,1968,0.0,,153.504199554746,,72.59024390243903,,
Switzerland,CHE,1969,0.0,,155.2415249949403,,72.61268292682927,,
Switzerland,CHE,1970,0.0,,156.36705626391418,,73.02024390243903,,
Switzerland,CHE,1971,0.0,,157.1898148148148,,73.13073170731708,,
Switzerland,CHE,1972,0.0,,158.3929366524995,,73.64439024390245,,
Switzerland,CHE,1973,0.0,,159.5665604128719,,73.94097560975611,,
Switzerland,CHE,1974,0.0,,160.42817749443432,,74.28707317073172,,
Switzerland,CHE,1975,0.0,,160.35802469135803,,74.66560975609757,,
Switzerland,CHE,1976,0.0,,159.44403966808338,,74.78536585365855,,
Switzerland,CHE,1977,0.0,,158.9044221817446,,75.23804878048782,,
Switzerland,CHE,1978,0.0,,158.91869054847197,,75.18731707317075,,
Switzerland,CHE,1979,0.0,,159.23527481670916,,75.46609756097561,,
Switzerland,CHE,1980,0.0,,159.86881433773073,,75.45926829268295,,
Switzerland,CHE,1981,0.0,,160.7457971686908,,75.69317073170733,,
Switzerland,CHE,1982,0.0,,161.68777073676324,,76.0339024390244,,
Switzerland,CHE,1983,0.0,,162.38255688080892,,76.03121951219514,,
Switzerland,CHE,1984,0.0,,162.96641005201525,,76.60853658536587,,
Switzerland,CHE,1985,0.0,,163.6870722588326,,76.73365853658538,,
Switzerland,CHE,1986,0.0,,164.54077328135457,,76.89902439024391,,
Switzerland,CHE,1987,0.0,,165.57719731549193,,77.19756097560976,,
Switzerland,CHE,1988,0.0,,166.79824058775924,,77.22658536585367,,
Switzerland,CHE,1989,0.0,,168.15199097173505,,77.42121951219514,,
Switzerland,CHE,2025,0.140000001,,,97.32103855,,97.32103855,
Syria,SYR,1960,0.0,,,,52.723,,
Syria,SYR,1961,0.0,,26.20233975405376,,53.652,,
Syria,SYR,1962,0.0,,26.985199695287843,,54.569,,
Syria,SYR,1963,0.0,,27.80752530199151,,55.394,,
Syria,SYR,1964,0.0,,28.67062248340407,,56.17,,
Syria,SYR,1965,0.0,,29.574855805854828,,56.901,,
Syria,SYR,1966,0.0,,30.520442920883664,,57.55,,
Syria,SYR,1967,0.0,,31.506137773424747,,58.045,,
Syria,SYR,1968,0.0,,32.53206007182501,,59.118,,
Syria,SYR,1969,0.0,,33.600859723582545,,59.844,,
Syria,SYR,1970,0.0,,34.71873435629557,,60.608,,
Syria,SYR,1971,0.0,,35.90213298509087,,61.334,,
Syria,SYR,1972,0.0,,37.14236587223854,,61.969,,
Syria,SYR,1973,0.0,,38.41724344324736,,60.826,,
Syria,SYR,1974,0.0,,39.73315921210143,,63.441,,
Syria,SYR,1975,0.0,,41.1054739362281,,64.187,,
Syria,SYR,1976,0.0,,42.536293394275766,,64.844,,
Syria,SYR,1977,0.0,,44.02275002720644,,65.398,,
Syria,SYR,1978,0.0,,45.558597235825445,,65.932,,
Syria,SYR,1979,0.0,,47.131945804766566,,66.244,,
Syria,SYR,1980,0.0,,48.74122864294265,,66.545,,
Syria,SYR,1981,0.0,,50.3873598868212,,64.598,,
Syria,SYR,1982,0.0,,52.0867939928175,,60.839,,
Syria,SYR,1983,0.0,,53.89492327783219,,67.35,,
Syria,SYR,1984,0.0,,55.81890303623898,,67.723,,
Syria,SYR,1985,0.0,,57.817346827728805,,68.048,,
Syria,SYR,1986,0.0,,59.86964849276308,,68.415,,
Syria,SYR,1987,0.0,,61.97041571444118,,68.797,,
Syria,SYR,1988,0.0,,64.11069757318533,,69.172,,
Syria,SYR,1989,0.0,,66.26977908368701,,69.486,,
Tajikistan,TJK,2025,0.0,,,,,,
Tanzania,TZA,1960,0.0,,,,42.596,,
Tanzania,TZA,1961,0.0,,11.501338902686836,,42.841,,
Tanzania,TZA,1962,0.0,,11.839869044931136,,43.215,,
Tanzania,TZA,1963,0.0,,12.191835628810114,,43.616,,
Tanzania,TZA,1964,0.0,,12.562458794310228,,44.075,,
Tanzania,TZA,1965,0.0,,12.949568751411153,,44.542,,
Tanzania,TZA,1966,0.0,,13.352290584782118,,44.941,,
Tanzania,TZA,1967,0.0,,13.772983743508693,,45.163,,
Tanzania,TZA,1968,0.0,,14.226773538044705,,45.626,,
Tanzania,TZA,1969,0.0,,14.717430571235042,,46.043,,
Tanzania,TZA,1970,0.0,,15.232193497403477,,46.495,,
Tanzania,TZA,1971,0.0,,15.77269248137277,,46.972,,
Tanzania,TZA,1972,0.0,,16.346023933167757,,47.436,,
Tanzania,TZA,1973,0.0,,16.94524836306164,,47.912,,
Tanzania,TZA,1974,0.0,,17.567882140438023,,48.422,,
Tanzania,TZA,1975,0.0,,18.218967035448184,,48.922,,
Tanzania,TZA,1976,0.0,,18.893893655452697,,49.459,,
Tanzania,TZA,1977,0.0,,19.5901207947618,,49.969,,
Tanzania,TZA,1978,0.0,,20.29415895235945,,50.351,,
Tanzania,TZA,1979,0.0,,20.988979453601264,,50.791,,
Tanzania,TZA,1980,0.0,,21.663771731767895,,51.272,,
Tanzania,TZA,1981,0.0,,22.335406412282683,,51.703,,
Tanzania,TZA,1982,0.0,,23.028416121020545,,51.99,,
Tanzania,TZA,1983,0.0,,23.797554752765862,,52.178,,
Tanzania,TZA,1984,0.0,,24.586888688191465,,52.151,,
Tanzania,TZA,1985,0.0,,25.40267893429668,,52.184,,
Tanzania,TZA,1986,0.0,,26.25757394445699,,52.207,,
Tanzania,TZA,1987,0.0,,27.128446601941747,,52.182,,
Tanzania,TZA,1988,0.0,,27.963068412734252,,52.224,,
Tanzania,TZA,1989,0.0,,28.718400316098442,,52.09,,
Thailand,THA,1960,0.0,,,,50.608,,
Thailand,THA,1961,0.0,,54.12189316682652,,51.065,,
Thailand,THA,1962,0.0,,55.74789093542641,,51.444,,
Thailand,THA,1963,0.0,,57.433737203703345,,51.988,,
Thailand,THA,1964,0.0,,59.17544089725773,,52.539,,
Thailand,THA,1965,0.0,,60.97073146861359,,53.131,,
Thailand,THA,1966,0.0,,62.804265105991504,,53.729,,
Thailand,THA,1967,0.0,,64.66715144160192,,54.316,,
Thailand,THA,1968,0.0,,66.55554033157823,,54.977,,
Thailand,THA,1969,0.0,,68.45657969425903,,55.705,,
Thailand,THA,1970,0.0,,70.37602615044334,,56.47,,
Thailand,THA,1971,0.0,,72.30007829474054,,57.1,,
Thailand,THA,1972,0.0,,74.25067822819003,,57.746,,
Thailand,THA,1973,0.0,,76.23517195482394,,58.323,,
Thailand,THA,1974,0.0,,78.2025308774883,,59.031,,
Thailand,THA,1975,0.0,,80.13467674058995,,59.713,,
Thailand,THA,1976,0.0,,82.00689776664252,,60.371,,
Thailand,THA,1977,0.0,,83.86144571238427,,60.906,,
Thailand,THA,1978,0.0,,85.71116287263403,,61.266,,
Thailand,THA,1979,0.0,,87.53045469670575,,61.696,,
Thailand,THA,1980,0.0,,89.35391571571179,,62.186,,
Thailand,THA,1981,0.0,,91.1661120789211,,62.856,,
Thailand,THA,1982,0.0,,92.96438959462898,,63.603,,
Thailand,THA,1983,0.0,,94.7822603691597,,64.5,,
Thailand,THA,1984,0.0,,96.59947933997533,,65.55,,
Thailand,THA,1985,0.0,,98.39838908571316,,66.543,,
Thailand,THA,1986,0.0,,100.17388087455225,,67.308,,
Thailand,THA,1987,0.0,,101.92821350975748,,67.833,,
Thailand,THA,1988,0.0,,103.68101744015345,,68.194,,
Thailand,THA,1989,0.0,,105.40225097379084,,68.557,,
Thailand,THA,2025,3.410000086,,,,,,
Togo,TGO,1980,0.0,,51.322081264938404,,52.146,,
Togo,TGO,1981,0.0,,52.940614083471225,,52.781,,
Togo,TGO,1982,0.0,,54.452141937856226,,53.273,,
Togo,TGO,1983,0.0,,55.76534289391432,,53.772,,
Togo,TGO,1984,0.0,,57.101360544217684,,54.101,,
Togo,TGO,1985,0.0,,58.73394006251149,,54.372,,
Togo,TGO,1986,0.0,,60.60562603419746,,54.624,,
Togo,TGO,1987,0.0,,62.46762272476558,,54.831,,
Togo,TGO,1988,0.0,,64.37847030704174,,54.911,,
Togo,TGO,1989,0.0,,66.31583011583011,,54.742,,
Tonga,TON,1980,0.0,,135.7902777777778,,66.186,,
Tonga,TON,1981,0.0,,135.98472222222222,,66.357,,
Tonga,TON,1982,0.0,,136.08333333333334,,66.327,,
Tonga,TON,1983,0.0,,136.10833333333332,,66.652,,
Tonga,TON,1984,0.0,,136.09722222222223,,66.806,,
Tonga,TON,1985,0.0,,136.0888888888889,,66.928,,
Tonga,TON,1986,0.0,,136.125,,67.058,,
Tonga,TON,1987,0.0,,136.63333333333333,,67.189,,
Tonga,TON,1988,0.0,,137.45694444444445,,67.321,,
Tonga,TON,1989,0.0,,138.05972222222223,,67.445,,
Trinidad and Tobago,TTO,1960,0.0,,,,62.505,,
Trinidad and Tobago,TTO,1961,0.0,,168.2541910331384,,62.965,,
Trinidad and Tobago,TTO,1962,0.0,,171.57777777777778,,63.429,,
Trinidad and Tobago,TTO,1963,0.0,,174.81559454191034,,63.633,,
Trinidad and Tobago,TTO,1964,0.0,,177.96549707602338,,63.978,,
Trinidad and Tobago,TTO,1965,0.0,,180.9795321637427,,64.195,,
Trinidad and Tobago,TTO,1966,0.0,,183.8083820662768,,64.316,,
Trinidad and Tobago,TTO,1967,0.0,,186.4362573099415,,64.471,,
Trinidad and Tobago,TTO,1968,0.0,,188.89005847953217,,64.626,,
Trinidad and Tobago,TTO,1969,0.0,,191.17076023391812,,64.753,,
Trinidad and Tobago,TTO,1970,0.0,,193.2692007797271,,64.869,,
Trinidad and Tobago,TTO,1971,0.0,,195.43567251461988,,64.934,,
Trinidad and Tobago,TTO,1972,0.0,,197.84035087719298,,65.183,,
Trinidad and Tobago,TTO,1973,0.0,,200.3608187134503,,65.412,,
Trinidad and Tobago,TTO,1974,0.0,,202.87738791423,,65.512,,
Trinidad and Tobago,TTO,1975,0.0,,205.35458089668617,,65.647,,
Trinidad and Tobago,TTO,1976,0.0,,207.8578947368421,,66.032,,
Trinidad and Tobago,TTO,1977,0.0,,210.4393762183236,,66.17,,
Trinidad and Tobago,TTO,1978,0.0,,213.1345029239766,,66.198,,
Trinidad and Tobago,TTO,1979,0.0,,215.9140350877193,,66.422,,
Trinidad and Tobago,TTO,1980,0.0,,218.6635477582846,,66.507,,
Trinidad and Tobago,TTO,1981,0.0,,221.27329434697856,,66.459,,
Trinidad and Tobago,TTO,1982,0.0,,223.76744639376219,,66.382,,
Trinidad and Tobago,TTO,1983,0.0,,226.22495126705653,,66.44,,
Trinidad and Tobago,TTO,1984,0.0,,228.65185185185186,,66.556,,
Trinidad and Tobago,TTO,1985,0.0,,231.45536062378167,,66.748,,
Trinidad and Tobago,TTO,1986,0.0,,234.5270955165692,,66.903,,
Trinidad and Tobago,TTO,1987,0.0,,237.30292397660818,,67.135,,
Trinidad and Tobago,TTO,1988,0.0,,239.7795321637427,,67.379,,
Trinidad and Tobago,TTO,1989,0.0,,242.02729044834308,,67.518,,
Tunisia,TUN,1960,0.0,,,,44.049,,
Tunisia,TUN,1961,0.0,,27.782427909371783,,44.257,,
Tunisia,TUN,1962,0.0,,28.122657054582906,,45.562,,
Tunisia,TUN,1963,0.0,,28.495951338825954,,46.412,,
Tunisia,TUN,1964,0.0,,28.89977471678682,,47.272,,
Tunisia,TUN,1965,0.0,,29.3600991246138,,48.204,,
Tunisia,TUN,1966,0.0,,29.945204685890833,,49.158,,
Tunisia,TUN,1967,0.0,,30.644760556127704,,50.157,,
Tunisia,TUN,1968,0.0,,31.410266477857878,,51.342,,
Tunisia,TUN,1969,0.0,,32.21354917610711,,52.297,,
Tunisia,TUN,1970,0.0,,33.02906797116375,,53.792,,
Tunisia,TUN,1971,0.0,,33.86752059732235,,54.906,,
Tunisia,TUN,1972,0.0,,34.73582003089599,,56.095,,
Tunisia,TUN,1973,0.0,,35.641361997940265,,57.115,,
Tunisia,TUN,1974,0.0,,36.59033213182286,,58.251,,
Tunisia,TUN,1975,0.0,,37.58536302780639,,59.306,,
Tunisia,TUN,1976,0.0,,38.60063079299691,,60.313,,
Tunisia,TUN,1977,0.0,,39.62365473738414,,61.256,,
Tunisia,TUN,1978,0.0,,40.61141864057672,,62.147,,
Tunisia,TUN,1979,0.0,,41.55779479917611,,62.929,,
Tunisia,TUN,1980,0.0,,42.521852471678685,,63.669,,
Tunisia,TUN,1981,0.0,,43.50079814624099,,64.374,,
Tunisia,TUN,1982,0.0,,44.46860195674562,,65.01,,
Tunisia,TUN,1983,0.0,,45.402935118434605,,65.696,,
Tunisia,TUN,1984,0.0,,46.47299176107106,,66.294,,
Tunisia,TUN,1985,0.0,,47.695050205973224,,66.877,,
Tunisia,TUN,1986,0.0,,48.92057801235839,,67.429,,
Tunisia,TUN,1987,0.0,,50.14152291452111,,68.011,,
Tunisia,TUN,1988,0.0,,51.32878475798146,,68.456,,
Tunisia,TUN,1989,0.0,,52.469490216271886,,68.825,,
Tunisia,TUN,2025,0.330000013,,,,,,
Turkey,TUR,1960,0.0,,,,50.799,,
Turkey,TUR,1961,0.0,,37.835372841495264,,51.558,,
Turkey,TUR,1962,0.0,,38.87081714590128,,52.347,,
Turkey,TUR,1963,0.0,,39.92417265439237,,53.12,,
Turkey,TUR,1964,0.0,,40.98472252900744,,53.6,,
Turkey,TUR,1965,0.0,,42.026974000493745,,54.105,,
Turkey,TUR,1966,0.0,,43.108600236477265,,54.57,,
Turkey,TUR,1967,0.0,,44.24258539817834,,55.183,,
Turkey,TUR,1968,0.0,,45.37463976196354,,55.639,,
Turkey,TUR,1969,0.0,,46.49997271416135,,56.179,,
Turkey,TUR,1970,0.0,,47.605297350675,,56.702,,
Turkey,TUR,1971,0.0,,48.74889362420904,,57.223,,
Turkey,TUR,1972,0.0,,49.93337187999428,,57.971,,
Turkey,TUR,1973,0.0,,51.10187102893598,,58.455,,
Turkey,TUR,1974,0.0,,52.24618842820576,,59.019,,
Turkey,TUR,1975,0.0,,53.34137962397516,,59.513,,
Turkey,TUR,1976,0.0,,54.4417239452724,,60.014,,
Turkey,TUR,1977,0.0,,55.576443225965726,,60.846,,
Turkey,TUR,1978,0.0,,56.70946558736016,,61.614,,
Turkey,TUR,1979,0.0,,57.83354209165443,,62.161,,
Turkey,TUR,1980,0.0,,59.00083806504424,,62.739,,
Turkey,TUR,1981,0.0,,60.18631030495173,,63.194,,
Turkey,TUR,1982,0.0,,61.486813143978274,,63.74,,
Turkey,TUR,1983,0.0,,62.94896248846848,,64.269,,
Turkey,TUR,1984,0.0,,64.41285942595793,,64.81,,
Turkey,TUR,1985,0.0,,65.85906864337409,,65.344,,
Turkey,TUR,1986,0.0,,67.27618725881267,,65.87,,
Turkey,TUR,1987,0.0,,68.66113587048322,,66.379,,
Turkey,TUR,1988,0.0,,70.04615984304147,,66.902,,
Turkey,TUR,1989,0.0,,71.43266634616634,,67.365,,
Turkey,TUR,2025,39.41999817,,,89.77024003,,89.77024003,
Turkmenistan,TKM,1985,0.0,,,,62.803,,
Turkmenistan,TKM,1986,0.0,,,,63.212,,
Turkmenistan,TKM,1987,0.0,,,,63.531,,
Turkmenistan,TKM,1988,0.0,,,,63.699,,
Turkmenistan,TKM,1989,0.0,,,,63.782,,
Turks and Caicos Islands,TCA,1980,0.0,,7.962105263157895,,67.108,,
Turks and Caicos Islands,TCA,1981,0.0,,8.32421052631579,,67.439,,
Turks and Caicos Islands,TCA,1982,0.0,,8.733684210526317,,67.747,,
Turks and Caicos Islands,TCA,1983,0.0,,9.154736842105264,,68.069,,
Turks and Caicos Islands,TCA,1984,0.0,,9.586315789473684,,68.386,,
Turks and Caicos Islands,TCA,1985,0.0,,10.022105263157895,,68.669,,
Turks and Caicos Islands,TCA,1986,0.0,,10.464210526315789,,68.99,,
Turks and Caicos Islands,TCA,1987,0.0,,10.906315789473684,,69.3,,
Turks and Caicos Islands,TCA,1988,0.0,,11.342105263157896,,69.619,,
Turks and Caicos Islands,TCA,1989,0.0,,11.782105263157895,,69.916,,
Turks and Caicos Islands,TCA,1990,0.0,,12.303157894736842,0.0,70.218,0.0,
Turks and Caicos Islands,TCA,1991,0.0,,12.952631578947368,,70.54,,
Turks and Caicos Islands,TCA,1992,0.0,,13.652631578947368,,70.887,,
Turks and Caicos Islands,TCA,1993,0.0,,14.366315789473685,,71.194,,
Turks and Caicos Islands,TCA,1994,0.0,,15.098947368421053,,71.575,,
Turks and Caicos Islands,TCA,1995,0.0,,15.84421052631579,,71.948,,
Turks and Caicos Islands,TCA,1996,0.0,,16.594736842105263,,72.328,,
Turks and Caicos Islands,TCA,1997,0.0,,17.349473684210526,,72.713,,
Turks and Caicos Islands,TCA,1998,0.0,,18.117894736842103,,73.113,,
Turks and Caicos Islands,TCA,1999,0.0,,18.90421052631579,,73.531,,
Turks and Caicos Islands,TCA,2000,0.0,,19.71578947368421,,73.972,,
Turks and Caicos Islands,TCA,2001,0.0,,20.606315789473683,,74.409,,
Turks and Caicos Islands,TCA,2002,0.0,,21.681052631578947,,74.843,,
Turks and Caicos Islands,TCA,2003,0.0,,22.870526315789473,,75.262,,
Turks and Caicos Islands,TCA,2004,0.0,,24.05894736842105,,75.63,,
Turks and Caicos Islands,TCA,2005,0.0,,25.250526315789475,,75.954,,
Turks and Caicos Islands,TCA,2006,0.0,,26.445263157894736,,76.197,,
Turks and Caicos Islands,TCA,2007,0.0,,27.652631578947368,,76.427,,
Turks and Caicos Islands,TCA,2008,0.0,,28.870526315789473,,76.084,,
Turks and Caicos Islands,TCA,2009,0.0,,30.09263157894737,,76.672,,
Turks and Caicos Islands,TCA,2010,0.0,,31.30421052631579,,76.784,,
Turks and Caicos Islands,TCA,2011,0.0,,32.46947368421053,,76.87,,
Turks and Caicos Islands,TCA,2012,0.0,,33.817894736842106,,76.969,,
Turks and Caicos Islands,TCA,2013,0.0,,35.42421052631579,,77.1,,
Turks and Caicos Islands,TCA,2014,0.0,,36.89473684210526,,77.212,,
Turks and Caicos Islands,TCA,2015,0.0,,38.53157894736842,,77.321,,
Turks and Caicos Islands,TCA,2016,0.0,,40.33157894736842,,77.437,,
Turks and Caicos Islands,TCA,2017,0.0,,42.013684210526314,,77.505,,
Turks and Caicos Islands,TCA,2018,0.0,,43.746315789473684,,77.596,,
Turks and Caicos Islands,TCA,2019,0.0,,45.437894736842104,,77.691,,
Turks and Caicos Islands,TCA,2020,0.0,,46.72210526315789,,77.499,,
Turks and Caicos Islands,TCA,2021,0.0,,47.62421052631579,,77.234,,
Turks and Caicos Islands,TCA,2022,0.0,,48.26,,77.918,,
Turks and Caicos Islands,TCA,2023,0.0,,48.629473684210524,,78.008,,
Turks and Caicos Islands,TCA,2024,0.0,,,,78.181,,
Tuvalu,TUV,1980,,,245.53333333333333,,60.217,,
Tuvalu,TUV,1981,,,250.86666666666667,,60.489,,
Tuvalu,TUV,1982,,,255.46666666666667,,60.746,,
Tuvalu,TUV,1983,,,259.6333333333333,,60.938,,
Tuvalu,TUV,1984,,,263.4,,61.052,,
Tuvalu,TUV,1985,,,268.2,,61.137,,
Tuvalu,TUV,1986,,,273.9,,61.207,,
Tuvalu,TUV,1987,,,279.03333333333336,,61.286,,
Tuvalu,TUV,1988,,,283.93333333333334,,61.367,,
Tuvalu,TUV,1989,,,288.73333333333335,,61.506,,
Uganda,UGA,1980,0.0,,66.44182473349682,,43.453,,
Uganda,UGA,1981,0.0,,67.84671437865973,,43.456,,
Uganda,UGA,1982,0.0,,69.43411741154097,,43.309,,
Uganda,UGA,1983,0.0,,71.1770231720134,,43.489,,
Uganda,UGA,1984,0.0,,73.1078374455733,,43.706,,
Uganda,UGA,1985,0.0,,75.18983534357639,,45.496,,
Uganda,UGA,1986,0.0,,77.41143586407087,,45.651,,
Uganda,UGA,1987,0.0,,79.8467043691507,,47.36,,
Uganda,UGA,1988,0.0,,82.43072418797858,,47.476,,
Uganda,UGA,1989,0.0,,85.1343676492668,,47.488,,
Ukraine,UKR,1960,0.0,,,,69.388,,
Ukraine,UKR,1961,0.0,,,,70.044,,
Ukraine,UKR,1962,0.0,,,,70.401,,
Ukraine,UKR,1963,0.0,,,,70.683,,
Ukraine,UKR,1964,0.0,,,,70.972,,
Ukraine,UKR,1965,0.0,,,,71.143,,
Ukraine,UKR,1966,0.0,,,,71.163,,
Ukraine,UKR,1967,0.0,,,,71.115,,
Ukraine,UKR,1968,0.0,,,,70.968,,
Ukraine,UKR,1969,0.0,,,,70.828,,
Ukraine,UKR,1970,0.0,,,,70.844,,
Ukraine,UKR,1971,0.0,,,,70.872,,
Ukraine,UKR,1972,0.0,,,,70.966,,
Ukraine,UKR,1973,0.0,,,,70.822,,
Ukraine,UKR,1974,0.0,,,,70.627,,
Ukraine,UKR,1975,0.0,,,,70.361,,
Ukraine,UKR,1976,0.0,,,,70.144,,
Ukraine,UKR,1977,0.0,,,,70.007,,
Ukraine,UKR,1978,0.0,,,,69.839,,
Ukraine,UKR,1979,0.0,,,,69.775,,
Ukraine,UKR,1985,0.0,,,,70.409,,
Ukraine,UKR,1986,0.0,,,,70.833,,
Ukraine,UKR,1987,0.0,,,,71.179,,
Ukraine,UKR,1988,0.0,,,,71.04,,
Ukraine,UKR,1989,0.0,,,,70.839,,
Spain,ESP,1900,,,,,,,
Spain,ESP,1901,,,,,,,
Spain,ESP,1902,,,,,,,
Spain,ESP,1903,,,,,,,
Spain,ESP,1904,,,,,,,
Spain,ESP,1905,,,,,,,
Spain,ESP,1906,,,,,,,
Spain,ESP,1907,,,,,,,
Spain,ESP,1908,,,,,,,
Spain,ESP,1909,,,,,,,
Spain,ESP,1910,,,,,,,
Spain,ESP,1911,,,,,,,
Spain,ESP,1912,,,,,,,
Spain,ESP,1913,,,,,,,
Spain,ESP,1914,,,,,,,
Spain,ESP,1915,,,,,,,
Spain,ESP,1916,,,,,,,
Spain,ESP,1917,,,,,,,
Spain,ESP,1918,,,,,,,
Spain,ESP,1919,,,,,,,
Spain,ESP,1920,,,,,,,
Spain,ESP,1921,,,,,,,
Spain,ESP,1922,,,,,,,
Spain,ESP,1923,,,,,,,
Spain,ESP,1924,,,,,,,
Spain,ESP,1925,,,,,,,
Spain,ESP,1926,,,,,,,
Spain,ESP,1927,,,,,,,
Spain,ESP,1928,,,,,,,
Spain,ESP,1929,,,,,,,
Spain,ESP,1930,,,,,,,
Spain,ESP,1931,,,,,,,
Spain,ESP,1932,,,,,,,
Spain,ESP,1933,,,,,,,
Spain,ESP,1934,,,,,,,
Spain,ESP,1935,,,,,,,
Spain,ESP,1936,,,,,,,
Spain,ESP,1937,,,,,,,
Spain,ESP,1938,,,,,,,
Spain,ESP,1939,,,,,,,
Spain,ESP,1940,,,,,,,
Spain,ESP,1941,,,,,,,
Spain,ESP,1942,,,,,,,
Spain,ESP,1943,,,,,,,
Spain,ESP,1944,,,,,,,
Spain,ESP,1945,,,,,,,
Spain,ESP,1946,,,,,,,
Spain,ESP,1947,,,,,,,
Spain,ESP,1948,,,,,,,
Spain,ESP,1949,,,,,,,
Spain,ESP,1950,,,,,,,
Spain,ESP,1951,,,,,,,
Spain,ESP,1952,,,,,,,
Spain,ESP,1953,,,,,,,
Spain,ESP,1954,,,,,,,
Spain,ESP,1955,,,,,,,
Spain,ESP,1956,,,,,,,
Spain,ESP,1957,,,,,,,
Spain,ESP,1958,,,,,,,
Spain,ESP,1959,,,,,,,
Suriname,SUR,1900,0.0,,,,,,
Suriname,SUR,1901,0.0,,,,,,
Suriname,SUR,1902,0.0,,,,,,
Suriname,SUR,1903,0.0,,,,,,
Suriname,SUR,1904,0.0,,,,,,
Suriname,SUR,1905,0.0,,,,,,
Suriname,SUR,1906,0.0,,,,,,
Suriname,SUR,1907,0.0,,,,,,
Suriname,SUR,1908,0.0,,,,,,
Suriname,SUR,1909,0.0,,,,,,
Suriname,SUR,1910,0.0,,,,,,
Suriname,SUR,1911,0.0,,,,,,
Suriname,SUR,1912,0.0,,,,,,
Suriname,SUR,1913,0.0,,,,,,
Suriname,SUR,1914,0.0,,,,,,
Suriname,SUR,1915,0.0,,,,,,
Suriname,SUR,1916,0.0,,,,,,
Suriname,SUR,1917,0.0,,,,,,
Suriname,SUR,1918,0.0,,,,,,
Suriname,SUR,1919,0.0,,,,,,
Suriname,SUR,1920,0.0,,,,,,
Suriname,SUR,1921,0.0,,,,,,
Suriname,SUR,1922,0.0,,,,,,
Suriname,SUR,1923,0.0,,,,,,
Suriname,SUR,1924,0.0,,,,,,
Suriname,SUR,1925,0.0,,,,,,
Suriname,SUR,1926,0.0,,,,,,
Suriname,SUR,1927,0.0,,,,,,
Suriname,SUR,1928,0.0,,,,,,
Suriname,SUR,1929,0.0,,,,,,
Suriname,SUR,1930,0.0,,,,,,
Suriname,SUR,1931,0.0,,,,,,
Suriname,SUR,1932,0.0,,,,,,
Suriname,SUR,1933,0.0,,,,,,
Suriname,SUR,1934,0.0,,,,,,
Suriname,SUR,1935,0.0,,,,,,
Suriname,SUR,1936,0.0,,,,,,
Suriname,SUR,1937,0.0,,,,,,
Suriname,SUR,1938,0.0,,,,,,
Suriname,SUR,1939,0.0,,,,,,
Suriname,SUR,1940,0.0,,,,,,
Suriname,SUR,1941,0.0,,,,,,
Suriname,SUR,1942,0.0,,,,,,
Suriname,SUR,1943,0.0,,,,,,
Suriname,SUR,1944,0.0,,,,,,
Suriname,SUR,1945,0.0,,,,,,
Suriname,SUR,1946,0.0,,,,,,
Suriname,SUR,1947,0.0,,,,,,
Suriname,SUR,1948,0.0,,,,,,
Suriname,SUR,1949,0.0,,,,,,
Suriname,SUR,1950,0.0,,,,,,
Suriname,SUR,1951,0.0,,,,,,
Suriname,SUR,1952,0.0,,,,,,
Suriname,SUR,1953,0.0,,,,,,
Suriname,SUR,1954,0.0,,,,,,
Suriname,SUR,1955,0.0,,,,,,
Suriname,SUR,1956,0.0,,,,,,
Suriname,SUR,1957,0.0,,,,,,
Suriname,SUR,1958,0.0,,,,,,
Suriname,SUR,1959,0.0,,,,,,
Sweden,SWE,1900,,,,,,,
Sweden,SWE,1901,,,,,,,
Sweden,SWE,1902,,,,,,,
Sweden,SWE,1903,,,,,,,
Sweden,SWE,1904,,,,,,,
Sweden,SWE,1905,,,,,,,
Sweden,SWE,1906,,,,,,,
Sweden,SWE,1907,,,,,,,
Sweden,SWE,1908,,,,,,,
Sweden,SWE,1909,,,,,,,
Sweden,SWE,1910,,,,,,,
Sweden,SWE,1911,,,,,,,
Sweden,SWE,1912,,,,,,,
Sweden,SWE,1913,,,,,,,
Sweden,SWE,1914,,,,,,,
Sweden,SWE,1915,,,,,,,
Sweden,SWE,1916,,,,,,,
Sweden,SWE,1917,,,,,,,
Sweden,SWE,1918,,,,,,,
Sweden,SWE,1919,,,,,,,
Sweden,SWE,1920,,,,,,,
Sweden,SWE,1921,,,,,,,
Sweden,SWE,1922,,,,,,,
Sweden,SWE,1923,,,,,,,
Sweden,SWE,1924,,,,,,,
Sweden,SWE,1925,,,,,,,
Sweden,SWE,1926,,,,,,,
Sweden,SWE,1927,,,,,,,
Sweden,SWE,1928,,,,,,,
Sweden,SWE,1929,,,,,,,
Sweden,SWE,1930,,,,,,,
Sweden,SWE,1931,,,,,,,
Sweden,SWE,1932,,,,,,,
Sweden,SWE,1933,,,,,,,
Sweden,SWE,1934,,,,,,,
Sweden,SWE,1935,,,,,,,
Sweden,SWE,1936,,,,,,,
Sweden,SWE,1937,,,,,,,
Sweden,SWE,1938,,,,,,,
Sweden,SWE,1939,,,,,,,
Sweden,SWE,1940,,,,,,,
Sweden,SWE,1941,,,,,,,
Sweden,SWE,1942,,,,,,,
Sweden,SWE,1943,,,,,,,
Sweden,SWE,1944,,,,,,,
Sweden,SWE,1945,,,,,,,
Sweden,SWE,1946,,,,,,,
Sweden,SWE,1947,,,,,,,
Sweden,SWE,1948,,,,,,,
Sweden,SWE,1949,,,,,,,
Sweden,SWE,1950,,,,,,,
Sweden,SWE,1951,,,,,,,
Sweden,SWE,1952,,,,,,,
Sweden,SWE,1953,,,,,,,
Sweden,SWE,1954,,,,,,,
Sweden,SWE,1955,,,,,,,
Sweden,SWE,1956,,,,,,,
Sweden,SWE,1957,,,,,,,
Sweden,SWE,1958,,,,,,,
Sweden,SWE,1959,,,,,,,
Switzerland,CHE,1900,0.0,,,,,,
Switzerland,CHE,1901,0.0,,,,,,
Switzerland,CHE,1902,0.0,,,,,,
Switzerland,CHE,1903,0.0,,,,,,
Switzerland,CHE,1904,0.0,,,,,,
Switzerland,CHE,1905,0.0,,,,,,
Switzerland,CHE,1906,0.0,,,,,,
Switzerland,CHE,1907,0.0,,,,,,
Switzerland,CHE,1908,0.0,,,,,,
Switzerland,CHE,1909,0.0,,,,,,
Switzerland,CHE,1910,0.0,,,,,,
Switzerland,CHE,1911,0.0,,,,,,
Switzerland,CHE,1912,0.0,,,,,,
Switzerland,CHE,1913,0.0,,,,,,
Switzerland,CHE,1914,0.0,,,,,,
Switzerland,CHE,1915,0.0,,,,,,
Switzerland,CHE,1916,0.0,,,,,,
Switzerland,CHE,1917,0.0,,,,,,
Switzerland,CHE,1918,0.0,,,,,,
Switzerland,CHE,1919,0.0,,,,,,
Switzerland,CHE,1920,0.0,,,,,,
Switzerland,CHE,1921,0.0,,,,,,
Switzerland,CHE,1922,0.0,,,,,,
Switzerland,CHE,1923,0.0,,,,,,
Switzerland,CHE,1924,0.0,,,,,,
Switzerland,CHE,1925,0.0,,,,,,
Switzerland,CHE,1926,0.0,,,,,,
Switzerland,CHE,1927,0.0,,,,,,
Switzerland,CHE,1928,0.0,,,,,,
Switzerland,CHE,1929,0.0,,,,,,
Switzerland,CHE,1930,0.0,,,,,,
Switzerland,CHE,1931,0.0,,,,,,
Switzerland,CHE,1932,0.0,,,,,,
Switzerland,CHE,1933,0.0,,,,,,
Switzerland,CHE,1934,0.0,,,,,,
Switzerland,CHE,1935,0.0,,,,,,
Switzerland,CHE,1936,0.0,,,,,,
Switzerland,CHE,1937,0.0,,,,,,
Switzerland,CHE,1938,0.0,,,,,,
Switzerland,CHE,1939,0.0,,,,,,
Switzerland,CHE,1940,0.0,,,,,,
Switzerland,CHE,1941,0.0,,,,,,
Switzerland,CHE,1942,0.0,,,,,,
Switzerland,CHE,1943,0.0,,,,,,
Switzerland,CHE,1944,0.0,,,,,,
Switzerland,CHE,1945,0.0,,,,,,
Switzerland,CHE,1946,0.0,,,,,,
Switzerland,CHE,1947,0.0,,,,,,
Switzerland,CHE,1948,0.0,,,,,,
Switzerland,CHE,1949,0.0,,,,,,
Switzerland,CHE,1950,0.0,,,,,,
Switzerland,CHE,1951,0.0,,,,,,
Switzerland,CHE,1952,0.0,,,,,,
Switzerland,CHE,1953,0.0,,,,,,
Switzerland,CHE,1954,0.0,,,,,,
Switzerland,CHE,1955,0.0,,,,,,
Switzerland,CHE,1956,0.0,,,,,,
Switzerland,CHE,1957,0.0,,,,,,
Switzerland,CHE,1958,0.0,,,,,,
Switzerland,CHE,1959,0.0,,,,,,
Syria,SYR,1900,0.0,,,,,,
Syria,SYR,1901,0.0,,,,,,
Syria,SYR,1902,0.0,,,,,,
Syria,SYR,1903,0.0,,,,,,
Syria,SYR,1904,0.0,,,,,,
Syria,SYR,1905,0.0,,,,,,
Syria,SYR,1906,0.0,,,,,,
Syria,SYR,1907,0.0,,,,,,
Syria,SYR,1908,0.0,,,,,,
Syria,SYR,1909,0.0,,,,,,
Syria,SYR,1910,0.0,,,,,,
Syria,SYR,1911,0.0,,,,,,
Syria,SYR,1912,0.0,,,,,,
Syria,SYR,1913,0.0,,,,,,
Syria,SYR,1914,0.0,,,,,,
Syria,SYR,1915,0.0,,,,,,
Syria,SYR,1916,0.0,,,,,,
Syria,SYR,1917,0.0,,,,,,
Syria,SYR,1918,0.0,,,,,,
Syria,SYR,1919,0.0,,,,,,
Syria,SYR,1920,0.0,,,,,,
Syria,SYR,1921,0.0,,,,,,
Syria,SYR,1922,0.0,,,,,,
Syria,SYR,1923,0.0,,,,,,
Syria,SYR,1924,0.0,,,,,,
Syria,SYR,1925,0.0,,,,,,
Syria,SYR,1926,0.0,,,,,,
Syria,SYR,1927,0.0,,,,,,
Syria,SYR,1928,0.0,,,,,,
Syria,SYR,1929,0.0,,,,,,
Syria,SYR,1930,0.0,,,,,,
Syria,SYR,1931,0.0,,,,,,
Syria,SYR,1932,0.0,,,,,,
Syria,SYR,1933,0.0,,,,,,
Syria,SYR,1934,0.0,,,,,,
Syria,SYR,1935,0.0,,,,,,
Syria,SYR,1936,0.0,,,,,,
Syria,SYR,1937,0.0,,,,,,
Syria,SYR,1938,0.0,,,,,,
Syria,SYR,1939,0.0,,,,,,
Syria,SYR,1940,0.0,,,,,,
Syria,SYR,1941,0.0,,,,,,
Syria,SYR,1942,0.0,,,,,,
Syria,SYR,1943,0.0,,,,,,
Syria,SYR,1944,0.0,,,,,,
Syria,SYR,1945,0.0,,,,,,
Syria,SYR,1946,0.0,,,,,,
Syria,SYR,1947,0.0,,,,,,
Syria,SYR,1948,0.0,,,,,,
Syria,SYR,1949,0.0,,,,,,
Syria,SYR,1950,0.0,,,,,,
Syria,SYR,1951,0.0,,,,,,
Syria,SYR,1952,0.0,,,,,,
Syria,SYR,1953,0.0,,,,,,
Syria,SYR,1954,0.0,,,,,,
Syria,SYR,1955,0.0,,,,,,
Syria,SYR,1956,0.0,,,,,,
Syria,SYR,1957,0.0,,,,,,
Syria,SYR,1958,0.0,,,,,,
Syria,SYR,1959,0.0,,,,,,
Taiwan,TWN,1900,0.0,,,,,,
Taiwan,TWN,1901,0.0,,,,,,
Taiwan,TWN,1902,0.0,,,,,,
Taiwan,TWN,1903,0.0,,,,,,
Taiwan,TWN,1904,0.0,,,,,,
Taiwan,TWN,1905,0.0,,,,,,
Taiwan,TWN,1906,0.0,,,,,,
Taiwan,TWN,1907,0.0,,,,,,
Taiwan,TWN,1908,0.0,,,,,,
Taiwan,TWN,1909,0.0,,,,,,
Taiwan,TWN,1910,0.0,,,,,,
Taiwan,TWN,1911,0.0,,,,,,
Taiwan,TWN,1912,0.0,,,,,,
Taiwan,TWN,1913,0.0,,,,,,
Taiwan,TWN,1914,0.0,,,,,,
Taiwan,TWN,1915,0.0,,,,,,
Taiwan,TWN,1916,0.0,,,,,,
Taiwan,TWN,1917,0.0,,,,,,
Taiwan,TWN,1918,0.0,,,,,,
Taiwan,TWN,1919,0.0,,,,,,
Taiwan,TWN,1920,0.0,,,,,,
Taiwan,TWN,1921,0.0,,,,,,
Taiwan,TWN,1922,0.0,,,,,,
Taiwan,TWN,1923,0.0,,,,,,
Taiwan,TWN,1924,0.0,,,,,,
Taiwan,TWN,1925,0.0,,,,,,
Taiwan,TWN,1926,0.0,,,,,,
Taiwan,TWN,1927,0.0,,,,,,
Taiwan,TWN,1928,0.0,,,,,,
Taiwan,TWN,1929,0.0,,,,,,
Taiwan,TWN,1930,0.0,,,,,,
Taiwan,TWN,1931,0.0,,,,,,
Taiwan,TWN,1932,0.0,,,,,,
Taiwan,TWN,1933,0.0,,,,,,
Taiwan,TWN,1934,0.0,,,,,,
Taiwan,TWN,1935,0.0,,,,,,
Taiwan,TWN,1936,0.0,,,,,,
Taiwan,TWN,1937,0.0,,,,,,
Taiwan,TWN,1938,0.0,,,,,,
Taiwan,TWN,1939,0.0,,,,,,
Taiwan,TWN,1940,0.0,,,,,,
Taiwan,TWN,1941,0.0,,,,,,
Taiwan,TWN,1942,0.0,,,,,,
Taiwan,TWN,1943,0.0,,,,,,
Taiwan,TWN,1944,0.0,,,,,,
Taiwan,TWN,1945,0.0,,,,,,
Taiwan,TWN,1946,0.0,,,,,,
Taiwan,TWN,1947,0.0,,,,,,
Taiwan,TWN,1948,0.0,,,,,,
Taiwan,TWN,1949,0.0,,,,,,
Taiwan,TWN,1950,0.0,,,,,,
Taiwan,TWN,1951,0.0,,,,,,
Taiwan,TWN,1952,0.0,,,,,,
Taiwan,TWN,1953,0.0,,,,,,
Taiwan,TWN,1954,0.0,,,,,,
Taiwan,TWN,1955,0.0,,,,,,
Taiwan,TWN,1956,0.0,,,,,,
Taiwan,TWN,1957,0.0,,,,,,
Taiwan,TWN,1958,0.0,,,,,,
Taiwan,TWN,1959,0.0,,,,,,
Taiwan,TWN,1960,0.0,,,,,,
Taiwan,TWN,1961,0.0,,,,,,
Taiwan,TWN,1962,0.0,,,,,,
Taiwan,TWN,1963,0.0,,,,,,
Taiwan,TWN,1964,0.0,,,,,,
Taiwan,TWN,1965,0.0,,,,,,
Taiwan,TWN,1966,0.0,,,,,,
Taiwan,TWN,1967,0.0,,,,,,
Taiwan,TWN,1968,0.0,,,,,,
Taiwan,TWN,1969,0.0,,,,,,
Taiwan,TWN,1970,0.0,,,,,,
Taiwan,TWN,1971,0.0,,,,,,
Taiwan,TWN,1972,0.0,,,,,,
Taiwan,TWN,1973,0.0,,,,,,
Taiwan,TWN,1974,0.0,,,,,,
Taiwan,TWN,1975,0.0,,,,,,
Taiwan,TWN,1976,0.0,,,,,,
Taiwan,TWN,1977,0.0,,,,,,
Taiwan,TWN,1978,0.0,,,,,,
Taiwan,TWN,1979,0.0,,,,,,
Taiwan,TWN,1980,0.0,,,,,,
Taiwan,TWN,1981,0.0,,,,,,
Taiwan,TWN,1982,0.0,,,,,,
Taiwan,TWN,1983,0.0,,,,,,
Taiwan,TWN,1984,0.0,,,,,,
Taiwan,TWN,1985,0.0,,,,,,
Taiwan,TWN,1986,0.0,,,,,,
Taiwan,TWN,1987,0.0,,,,,,
Taiwan,TWN,1988,0.0,,,,,,
Taiwan,TWN,1989,0.0,,,,,,
Taiwan,TWN,1990,0.0,,,,,,
Taiwan,TWN,1991,0.0,,,,,,
Taiwan,TWN,1992,0.0,,,,,,
Taiwan,TWN,1993,0.0,,,,,,
Taiwan,TWN,1994,0.0,,,,,,
Taiwan,TWN,1995,0.0,,,,,,
Taiwan,TWN,1997,0.0,,,,,,
Taiwan,TWN,1999,0.0,,,,,,
Taiwan,TWN,2001,0.01,,,,,,
Taiwan,TWN,2025,12.01000023,,,,,,
Tanzania,TZA,1900,0.0,,,,,,
Tanzania,TZA,1901,0.0,,,,,,
Tanzania,TZA,1902,0.0,,,,,,
Tanzania,TZA,1903,0.0,,,,,,
Tanzania,TZA,1904,0.0,,,,,,
Tanzania,TZA,1905,0.0,,,,,,
Tanzania,TZA,1906,0.0,,,,,,
Tanzania,TZA,1907,0.0,,,,,,
Tanzania,TZA,1908,0.0,,,,,,
Tanzania,TZA,1909,0.0,,,,,,
Tanzania,TZA,1910,0.0,,,,,,
Tanzania,TZA,1911,0.0,,,,,,
Tanzania,TZA,1912,0.0,,,,,,
Tanzania,TZA,1913,0.0,,,,,,
Tanzania,TZA,1914,0.0,,,,,,
Tanzania,TZA,1915,0.0,,,,,,
Tanzania,TZA,1916,0.0,,,,,,
Tanzania,TZA,1917,0.0,,,,,,
Tanzania,TZA,1918,0.0,,,,,,
Tanzania,TZA,1919,0.0,,,,,,
Tanzania,TZA,1920,0.0,,,,,,
Tanzania,TZA,1921,0.0,,,,,,
Tanzania,TZA,1922,0.0,,,,,,
Tanzania,TZA,1923,0.0,,,,,,
Tanzania,TZA,1924,0.0,,,,,,
Tanzania,TZA,1925,0.0,,,,,,
Tanzania,TZA,1926,0.0,,,,,,
Tanzania,TZA,1927,0.0,,,,,,
Tanzania,TZA,1928,0.0,,,,,,
Tanzania,TZA,1929,0.0,,,,,,
Tanzania,TZA,1930,0.0,,,,,,
Tanzania,TZA,1931,0.0,,,,,,
Tanzania,TZA,1932,0.0,,,,,,
Tanzania,TZA,1933,0.0,,,,,,
Tanzania,TZA,1934,0.0,,,,,,
Tanzania,TZA,1935,0.0,,,,,,
Tanzania,TZA,1936,0.0,,,,,,
Tanzania,TZA,1937,0.0,,,,,,
Tanzania,TZA,1938,0.0,,,,,,
Tanzania,TZA,1939,0.0,,,,,,
Tanzania,TZA,1940,0.0,,,,,,
Tanzania,TZA,1941,0.0,,,,,,
Tanzania,TZA,1942,0.0,,,,,,
Tanzania,TZA,1943,0.0,,,,,,
Tanzania,TZA,1944,0.0,,,,,,
Tanzania,TZA,1945,0.0,,,,,,
Tanzania,TZA,1946,0.0,,,,,,
Tanzania,TZA,1947,0.0,,,,,,
Tanzania,TZA,1948,0.0,,,,,,
Tanzania,TZA,1949,0.0,,,,,,
Tanzania,TZA,1950,0.0,,,,,,
Tanzania,TZA,1951,0.0,,,,,,
Tanzania,TZA,1952,0.0,,,,,,
Tanzania,TZA,1953,0.0,,,,,,
Tanzania,TZA,1954,0.0,,,,,,
Tanzania,TZA,1955,0.0,,,,,,
Tanzania,TZA,1956,0.0,,,,,,
Tanzania,TZA,1957,0.0,,,,,,
Tanzania,TZA,1958,0.0,,,,,,
Tanzania,TZA,1959,0.0,,,,,,
Thailand,THA,1900,0.0,,,,,,
Thailand,THA,1901,0.0,,,,,,
Thailand,THA,1902,0.0,,,,,,
Thailand,THA,1903,0.0,,,,,,
Thailand,THA,1904,0.0,,,,,,
Thailand,THA,1905,0.0,,,,,,
Thailand,THA,1906,0.0,,,,,,
Thailand,THA,1907,0.0,,,,,,
Thailand,THA,1908,0.0,,,,,,
Thailand,THA,1909,0.0,,,,,,
Thailand,THA,1910,0.0,,,,,,
Thailand,THA,1911,0.0,,,,,,
Thailand,THA,1912,0.0,,,,,,
Thailand,THA,1913,0.0,,,,,,
Thailand,THA,1914,0.0,,,,,,
Thailand,THA,1915,0.0,,,,,,
Thailand,THA,1916,0.0,,,,,,
Thailand,THA,1917,0.0,,,,,,
Thailand,THA,1918,0.0,,,,,,
Thailand,THA,1919,0.0,,,,,,
Thailand,THA,1920,0.0,,,,,,
Thailand,THA,1921,0.0,,,,,,
Thailand,THA,1922,0.0,,,,,,
Thailand,THA,1923,0.0,,,,,,
Thailand,THA,1924,0.0,,,,,,
Thailand,THA,1925,0.0,,,,,,
Thailand,THA,1926,0.0,,,,,,
Thailand,THA,1927,0.0,,,,,,
Thailand,THA,1928,0.0,,,,,,
Thailand,THA,1929,0.0,,,,,,
Thailand,THA,1930,0.0,,,,,,
Thailand,THA,1931,0.0,,,,,,
Thailand,THA,1932,0.0,,,,,,
Thailand,THA,1933,0.0,,,,,,
Thailand,THA,1934,0.0,,,,,,
Thailand,THA,1935,0.0,,,,,,
Thailand,THA,1936,0.0,,,,,,
Thailand,THA,1937,0.0,,,,,,
Thailand,THA,1938,0.0,,,,,,
Thailand,THA,1939,0.0,,,,,,
Thailand,THA,1940,0.0,,,,,,
Thailand,THA,1941,0.0,,,,,,
Thailand,THA,1942,0.0,,,,,,
Thailand,THA,1943,0.0,,,,,,
Thailand,THA,1944,0.0,,,,,,
Thailand,THA,1945,0.0,,,,,,
Thailand,THA,1946,0.0,,,,,,
Thailand,THA,1947,0.0,,,,,,
Thailand,THA,1948,0.0,,,,,,
Thailand,THA,1949,0.0,,,,,,
Thailand,THA,1950,0.0,,,,,,
Thailand,THA,1951,0.0,,,,,,
Thailand,THA,1952,0.0,,,,,,
Thailand,THA,1953,0.0,,,,,,
Thailand,THA,1954,0.0,,,,,,
Thailand,THA,1955,0.0,,,,,,
Thailand,THA,1956,0.0,,,,,,
Thailand,THA,1957,0.0,,,,,,
Thailand,THA,1958,0.0,,,,,,
Thailand,THA,1959,0.0,,,,,,
Trinidad and Tobago,TTO,1900,0.0,,,,,,
Trinidad and Tobago,TTO,1901,0.0,,,,,,
Trinidad and Tobago,TTO,1902,0.0,,,,,,
Trinidad and Tobago,TTO,1903,0.0,,,,,,
Trinidad and Tobago,TTO,1904,0.0,,,,,,
Trinidad and Tobago,TTO,1905,0.0,,,,,,
Trinidad and Tobago,TTO,1906,0.0,,,,,,
Trinidad and Tobago,TTO,1907,0.0,,,,,,
Trinidad and Tobago,TTO,1908,0.0,,,,,,
Trinidad and Tobago,TTO,1909,0.0,,,,,,
Trinidad and Tobago,TTO,1910,0.0,,,,,,
Trinidad and Tobago,TTO,1911,0.0,,,,,,
Trinidad and Tobago,TTO,1912,0.0,,,,,,
Trinidad and Tobago,TTO,1913,0.0,,,,,,
Trinidad and Tobago,TTO,1914,0.0,,,,,,
Trinidad and Tobago,TTO,1915,0.0,,,,,,
Trinidad and Tobago,TTO,1916,0.0,,,,,,
Trinidad and Tobago,TTO,1917,0.0,,,,,,
Trinidad and Tobago,TTO,1918,0.0,,,,,,
Trinidad and Tobago,TTO,1919,0.0,,,,,,
Trinidad and Tobago,TTO,1920,0.0,,,,,,
Trinidad and Tobago,TTO,1921,0.0,,,,,,
Trinidad and Tobago,TTO,1922,0.0,,,,,,
Trinidad and Tobago,TTO,1923,0.0,,,,,,
Trinidad and Tobago,TTO,1924,0.0,,,,,,
Trinidad and Tobago,TTO,1925,0.0,,,,,,
Trinidad and Tobago,TTO,1926,0.0,,,,,,
Trinidad and Tobago,TTO,1927,0.0,,,,,,
Trinidad and Tobago,TTO,1928,0.0,,,,,,
Trinidad and Tobago,TTO,1929,0.0,,,,,,
Trinidad and Tobago,TTO,1930,0.0,,,,,,
Trinidad and Tobago,TTO,1931,0.0,,,,,,
Trinidad and Tobago,TTO,1932,0.0,,,,,,
Trinidad and Tobago,TTO,1933,0.0,,,,,,
Trinidad and Tobago,TTO,1934,0.0,,,,,,
Trinidad and Tobago,TTO,1935,0.0,,,,,,
Trinidad and Tobago,TTO,1936,0.0,,,,,,
Trinidad and Tobago,TTO,1937,0.0,,,,,,
Trinidad and Tobago,TTO,1938,0.0,,,,,,
Trinidad and Tobago,TTO,1939,0.0,,,,,,
Trinidad and Tobago,TTO,1940,0.0,,,,,,
Trinidad and Tobago,TTO,1941,0.0,,,,,,
Trinidad and Tobago,TTO,1942,0.0,,,,,,
Trinidad and Tobago,TTO,1943,0.0,,,,,,
Trinidad and Tobago,TTO,1944,0.0,,,,,,
Trinidad and Tobago,TTO,1945,0.0,,,,,,
Trinidad and Tobago,TTO,1946,0.0,,,,,,
Trinidad and Tobago,TTO,1947,0.0,,,,,,
Trinidad and Tobago,TTO,1948,0.0,,,,,,
Trinidad and Tobago,TTO,1949,0.0,,,,,,
Trinidad and Tobago,TTO,1950,0.0,,,,,,
Trinidad and Tobago,TTO,1951,0.0,,,,,,
Trinidad and Tobago,TTO,1952,0.0,,,,,,
Trinidad and Tobago,TTO,1953,0.0,,,,,,
Trinidad and Tobago,TTO,1954,0.0,,,,,,
Trinidad and Tobago,TTO,1955,0.0,,,,,,
Trinidad and Tobago,TTO,1956,0.0,,,,,,
Trinidad and Tobago,TTO,1957,0.0,,,,,,
Trinidad and Tobago,TTO,1958,0.0,,,,,,
Trinidad and Tobago,TTO,1959,0.0,,,,,,
Tunisia,TUN,1900,0.0,,,,,,
Tunisia,TUN,1901,0.0,,,,,,
Tunisia,TUN,1902,0.0,,,,,,
Tunisia,TUN,1903,0.0,,,,,,
Tunisia,TUN,1904,0.0,,,,,,
Tunisia,TUN,1905,0.0,,,,,,
Tunisia,TUN,1906,0.0,,,,,,
Tunisia,TUN,1907,0.0,,,,,,
Tunisia,TUN,1908,0.0,,,,,,
Tunisia,TUN,1909,0.0,,,,,,
Tunisia,TUN,1910,0.0,,,,,,
Tunisia,TUN,1911,0.0,,,,,,
Tunisia,TUN,1912,0.0,,,,,,
Tunisia,TUN,1913,0.0,,,,,,
Tunisia,TUN,1914,0.0,,,,,,
Tunisia,TUN,1915,0.0,,,,,,
Tunisia,TUN,1916,0.0,,,,,,
Tunisia,TUN,1917,0.0,,,,,,
Tunisia,TUN,1918,0.0,,,,,,
Tunisia,TUN,1919,0.0,,,,,,
Tunisia,TUN,1920,0.0,,,,,,
Tunisia,TUN,1921,0.0,,,,,,
Tunisia,TUN,1922,0.0,,,,,,
Tunisia,TUN,1923,0.0,,,,,,
Tunisia,TUN,1924,0.0,,,,,,
Tunisia,TUN,1925,0.0,,,,,,
Tunisia,TUN,1926,0.0,,,,,,
Tunisia,TUN,1927,0.0,,,,,,
Tunisia,TUN,1928,0.0,,,,,,
Tunisia,TUN,1929,0.0,,,,,,
Tunisia,TUN,1930,0.0,,,,,,
Tunisia,TUN,1931,0.0,,,,,,
Tunisia,TUN,1932,0.0,,,,,,
Tunisia,TUN,1933,0.0,,,,,,
Tunisia,TUN,1934,0.0,,,,,,
Tunisia,TUN,1935,0.0,,,,,,
Tunisia,TUN,1936,0.0,,,,,,
Tunisia,TUN,1937,0.0,,,,,,
Tunisia,TUN,1938,0.0,,,,,,
Tunisia,TUN,1939,0.0,,,,,,
Tunisia,TUN,1940,0.0,,,,,,
Tunisia,TUN,1941,0.0,,,,,,
Tunisia,TUN,1942,0.0,,,,,,
Tunisia,TUN,1943,0.0,,,,,,
Tunisia,TUN,1944,0.0,,,,,,
Tunisia,TUN,1945,0.0,,,,,,
Tunisia,TUN,1946,0.0,,,,,,
Tunisia,TUN,1947,0.0,,,,,,
Tunisia,TUN,1948,0.0,,,,,,
Tunisia,TUN,1949,0.0,,,,,,
Tunisia,TUN,1950,0.0,,,,,,
Tunisia,TUN,1951,0.0,,,,,,
Tunisia,TUN,1952,0.0,,,,,,
Tunisia,TUN,1953,0.0,,,,,,
Tunisia,TUN,1954,0.0,,,,,,
Tunisia,TUN,1955,0.0,,,,,,
Tunisia,TUN,1956,0.0,,,,,,
Tunisia,TUN,1957,0.0,,,,,,
Tunisia,TUN,1958,0.0,,,,,,
Tunisia,TUN,1959,0.0,,,,,,
Turkey,TUR,1900,0.0,,,,,,
Turkey,TUR,1901,0.0,,,,,,
Turkey,TUR,1902,0.0,,,,,,
Turkey,TUR,1903,0.0,,,,,,
Turkey,TUR,1904,0.0,,,,,,
Turkey,TUR,1905,0.0,,,,,,
Turkey,TUR,1906,0.0,,,,,,
Turkey,TUR,1907,0.0,,,,,,
Turkey,TUR,1908,0.0,,,,,,
Turkey,TUR,1909,0.0,,,,,,
Turkey,TUR,1910,0.0,,,,,,
Turkey,TUR,1911,0.0,,,,,,
Turkey,TUR,1912,0.0,,,,,,
Turkey,TUR,1913,0.0,,,,,,
Turkey,TUR,1914,0.0,,,,,,
Turkey,TUR,1915,0.0,,,,,,
Turkey,TUR,1916,0.0,,,,,,
Turkey,TUR,1917,0.0,,,,,,
Turkey,TUR,1918,0.0,,,,,,
Turkey,TUR,1919,0.0,,,,,,
Turkey,TUR,1920,0.0,,,,,,
Turkey,TUR,1921,0.0,,,,,,
Turkey,TUR,1922,0.0,,,,,,
Turkey,TUR,1923,0.0,,,,,,
Turkey,TUR,1924,0.0,,,,,,
Turkey,TUR,1925,0.0,,,,,,
Turkey,TUR,1926,0.0,,,,,,
Turkey,TUR,1927,0.0,,,,,,
Turkey,TUR,1928,0.0,,,,,,
Turkey,TUR,1929,0.0,,,,,,
Turkey,TUR,1930,0.0,,,,,,
Turkey,TUR,1931,0.0,,,,,,
Turkey,TUR,1932,0.0,,,,,,
Turkey,TUR,1933,0.0,,,,,,
Turkey,TUR,1934,0.0,,,,,,
Turkey,TUR,1935,0.0,,,,,,
Turkey,TUR,1936,0.0,,,,,,
Turkey,TUR,1937,0.0,,,,,,
Turkey,TUR,1938,0.0,,,,,,
Turkey,TUR,1939,0.0,,,,,,
Turkey,TUR,1940,0.0,,,,,,
Turkey,TUR,1941,0.0,,,,,,
Turkey,TUR,1942,0.0,,,,,,
Turkey,TUR,1943,0.0,,,,,,
Turkey,TUR,1944,0.0,,,,,,
Turkey,TUR,1945,0.0,,,,,,
Turkey,TUR,1946,0.0,,,,,,
Turkey,TUR,1947,0.0,,,,,,
Turkey,TUR,1948,0.0,,,,,,
Turkey,TUR,1949,0.0,,,,,,
Turkey,TUR,1950,0.0,,,,,,
Turkey,TUR,1951,0.0,,,,,,
Turkey,TUR,1952,0.0,,,,,,
Turkey,TUR,1953,0.0,,,,,,
Turkey,TUR,1954,0.0,,,,,,
Turkey,TUR,1955,0.0,,,,,,
Turkey,TUR,1956,0.0,,,,,,
Turkey,TUR,1957,0.0,,,,,,
Turkey,TUR,1958,0.0,,,,,,
Turkey,TUR,1959,0.0,,,,,,
USSR,OWID_USSR,1900,0.0,,,,,,
USSR,OWID_USSR,1901,0.0,,,,,,
USSR,OWID_USSR,1902,0.0,,,,,,
USSR,OWID_USSR,1903,0.0,,,,,,
USSR,OWID_USSR,1904,0.0,,,,,,
USSR,OWID_USSR,1905,0.0,,,,,,
USSR,OWID_USSR,1906,0.0,,,,,,
USSR,OWID_USSR,1907,0.0,,,,,,
USSR,OWID_USSR,1908,0.0,,,,,,
USSR,OWID_USSR,1909,0.0,,,,,,
USSR,OWID_USSR,1910,0.0,,,,,,
USSR,OWID_USSR,1911,0.0,,,,,,
USSR,OWID_USSR,1912,0.0,,,,,,
USSR,OWID_USSR,1913,0.0,,,,,,
USSR,OWID_USSR,1914,0.0,,,,,,
USSR,OWID_USSR,1915,0.0,,,,,,
USSR,OWID_USSR,1916,0.0,,,,,,
USSR,OWID_USSR,1917,0.0,,,,,,
USSR,OWID_USSR,1918,0.0,,,,,,
USSR,OWID_USSR,1919,0.0,,,,,,
USSR,OWID_USSR,1920,0.0,,,,,,
USSR,OWID_USSR,1921,0.0,,,,,,
USSR,OWID_USSR,1922,0.0,,,,,,
USSR,OWID_USSR,1923,0.0,,,,,,
USSR,OWID_USSR,1924,0.0,,,,,,
USSR,OWID_USSR,1925,0.0,,,,,,
USSR,OWID_USSR,1926,0.0,,,,,,
USSR,OWID_USSR,1927,0.0,,,,,,
USSR,OWID_USSR,1928,0.0,,,,,,
USSR,OWID_USSR,1929,0.0,,,,,,
USSR,OWID_USSR,1930,0.0,,,,,,
USSR,OWID_USSR,1931,0.0,,,,,,
USSR,OWID_USSR,1932,0.0,,,,,,
USSR,OWID_USSR,1933,0.0,,,,,,
USSR,OWID_USSR,1934,0.0,,,,,,
USSR,OWID_USSR,1935,0.0,,,,,,
USSR,OWID_USSR,1936,0.0,,,,,,
USSR,OWID_USSR,1937,0.0,,,,,,
USSR,OWID_USSR,1938,0.0,,,,,,
USSR,OWID_USSR,1939,0.0,,,,,,
USSR,OWID_USSR,1940,0.0,,,,,,
USSR,OWID_USSR,1941,0.0,,,,,,
USSR,OWID_USSR,1942,0.0,,,,,,
USSR,OWID_USSR,1943,0.0,,,,,,
USSR,OWID_USSR,1944,0.0,,,,,,
USSR,OWID_USSR,1945,0.0,,,,,,
USSR,OWID_USSR,1946,0.0,,,,,,
USSR,OWID_USSR,1947,0.0,,,,,,
USSR,OWID_USSR,1948,0.0,,,,,,
USSR,OWID_USSR,1949,0.0,,,,,,
USSR,OWID_USSR,1950,0.0,,,,,,
USSR,OWID_USSR,1951,0.0,,,,,,
USSR,OWID_USSR,1952,0.0,,,,,,
USSR,OWID_USSR,1953,0.0,,,,,,
USSR,OWID_USSR,1954,0.0,,,,,,
USSR,OWID_USSR,1955,0.0,,,,,,
USSR,OWID_USSR,1956,0.0,,,,,,
USSR,OWID_USSR,1957,0.0,,,,,,
USSR,OWID_USSR,1958,0.0,,,,,,
USSR,OWID_USSR,1959,0.0,,,,,,
USSR,OWID_USSR,1960,0.0,,,,,,
USSR,OWID_USSR,1961,0.0,,,,,,
USSR,OWID_USSR,1962,0.0,,,,,,
USSR,OWID_USSR,1963,0.0,,,,,,
USSR,OWID_USSR,1964,0.0,,,,,,
USSR,OWID_USSR,1965,0.0,,,,,,
USSR,OWID_USSR,1966,0.0,,,,,,
USSR,OWID_USSR,1967,0.0,,,,,,
USSR,OWID_USSR,1968,0.0,,,,,,
USSR,OWID_USSR,1969,0.0,,,,,,
USSR,OWID_USSR,1970,0.0,,,,,,
USSR,OWID_USSR,1971,0.0,,,,,,
USSR,OWID_USSR,1972,0.0,,,,,,
USSR,OWID_USSR,1973,0.0,,,,,,
USSR,OWID_USSR,1974,0.0,,,,,,
USSR,OWID_USSR,1975,0.0,,,,,,
USSR,OWID_USSR,1976,0.0,,,,,,
USSR,OWID_USSR,1977,0.0,,,,,,
USSR,OWID_USSR,1978,0.0,,,,,,
USSR,OWID_USSR,1979,0.0,,,,,,
USSR,OWID_USSR,1980,0.0,,,,,,
USSR,OWID_USSR,1981,0.0,,,,,,
USSR,OWID_USSR,1982,0.0,,,,,,
USSR,OWID_USSR,1983,0.0,,,,,,
USSR,OWID_USSR,1984,0.0,,,,,,
USSR,OWID_USSR,1985,0.0,,,,,,
USSR,OWID_USSR,1986,0.0,,,,,,
USSR,OWID_USSR,1987,0.0,,,,,,
USSR,OWID_USSR,1988,0.0,,,,,,
USSR,OWID_USSR,1989,0.0,,,,,,
USSR,OWID_USSR,1990,0.0,,,,,,
USSR,OWID_USSR,1991,0.0,,,,,,
Ukraine,UKR,1900,0.0,,,,,,
Ukraine,UKR,1901,0.0,,,,,,
Ukraine,UKR,1902,0.0,,,,,,
Ukraine,UKR,1903,0.0,,,,,,
Ukraine,UKR,1904,0.0,,,,,,
Ukraine,UKR,1905,0.0,,,,,,
Ukraine,UKR,1906,0.0,,,,,,
Ukraine,UKR,1907,0.0,,,,,,
Ukraine,UKR,1908,0.0,,,,,,
Ukraine,UKR,1909,0.0,,,,,,
Ukraine,UKR,1910,0.0,,,,,,
Ukraine,UKR,1911,0.0,,,,,,
Ukraine,UKR,1912,0.0,,,,,,
Ukraine,UKR,1913,0.0,,,,,,
Ukraine,UKR,1914,0.0,,,,,,
Ukraine,UKR,1915,0.0,,,,,,
Ukraine,UKR,1916,0.0,,,,,,
Ukraine,UKR,1917,0.0,,,,,,
Ukraine,UKR,1918,0.0,,,,,,
Ukraine,UKR,1919,0.0,,,,,,
Ukraine,UKR,1920,0.0,,,,,,
Ukraine,UKR,1921,0.0,,,,,,
Ukraine,UKR,1922,0.0,,,,,,
Ukraine,UKR,1923,0.0,,,,,,
Ukraine,UKR,1924,0.0,,,,,,
Ukraine,UKR,1925,0.0,,,,,,
Ukraine,UKR,1926,0.0,,,,,,
Ukraine,UKR,1927,0.0,,,,,,
Ukraine,UKR,1928,0.0,,,,,,
Ukraine,UKR,1929,0.0,,,,,,
Ukraine,UKR,1930,0.0,,,,,,
Ukraine,UKR,1931,0.0,,,,,,
Ukraine,UKR,1932,0.0,,,,,,
Ukraine,UKR,1933,0.0,,,,,,
Ukraine,UKR,1934,0.0,,,,,,
Ukraine,UKR,1935,0.0,,,,,,
Ukraine,UKR,1936,0.0,,,,,,
Ukraine,UKR,1937,0.0,,,,,,
Ukraine,UKR,1938,0.0,,,,,,
Ukraine,UKR,1939,0.0,,,,,,
Ukraine,UKR,1940,0.0,,,,,,
Ukraine,UKR,1941,0.0,,,,,,
Ukraine,UKR,1942,0.0,,,,,,
Ukraine,UKR,1943,0.0,,,,,,
Ukraine,UKR,1944,0.0,,,,,,
Ukraine,UKR,1945,0.0,,,,,,
Ukraine,UKR,1946,0.0,,,,,,
Ukraine,UKR,1947,0.0,,,,,,
Ukraine,UKR,1948,0.0,,,,,,
Ukraine,UKR,1949,0.0,,,,,,
Ukraine,UKR,1950,0.0,,,,,,
Ukraine,UKR,1951,0.0,,,,,,
Ukraine,UKR,1952,0.0,,,,,,
Ukraine,UKR,1953,0.0,,,,,,
Ukraine,UKR,1954,0.0,,,,,,
Ukraine,UKR,1955,0.0,,,,,,
Ukraine,UKR,1956,0.0,,,,,,
Ukraine,UKR,1957,0.0,,,,,,
Ukraine,UKR,1958,0.0,,,,,,
Ukraine,UKR,1959,0.0,,,,,,
United Arab Emirates,ARE,1900,0.0,,,,,,
United Arab Emirates,ARE,1901,0.0,,,,,,
United Arab Emirates,ARE,1902,0.0,,,,,,
United Arab Emirates,ARE,1903,0.0,,,,,,
United Arab Emirates,ARE,1904,0.0,,,,,,
United Arab Emirates,ARE,1905,0.0,,,,,,
United Arab Emirates,ARE,1906,0.0,,,,,,
United Arab Emirates,ARE,1907,0.0,,,,,,
United Arab Emirates,ARE,1908,0.0,,,,,,
United Arab Emirates,ARE,1909,0.0,,,,,,
United Arab Emirates,ARE,1910,0.0,,,,,,
United Arab Emirates,ARE,1911,0.0,,,,,,
United Arab Emirates,ARE,1912,0.0,,,,,,
United Arab Emirates,ARE,1913,0.0,,,,,,
United Arab Emirates,ARE,1914,0.0,,,,,,
United Arab Emirates,ARE,1915,0.0,,,,,,
United Arab Emirates,ARE,1916,0.0,,,,,,
United Arab Emirates,ARE,1917,0.0,,,,,,
United Arab Emirates,ARE,1918,0.0,,,,,,
United Arab Emirates,ARE,1919,0.0,,,,,,
United Arab Emirates,ARE,1920,0.0,,,,,,
United Arab Emirates,ARE,1921,0.0,,,,,,
United Arab Emirates,ARE,1922,0.0,,,,,,
United Arab Emirates,ARE,1923,0.0,,,,,,
United Arab Emirates,ARE,1924,0.0,,,,,,
United Arab Emirates,ARE,1996,0.0,0.753,36.575105604055196,0.375,71.82,0.375,52.7409578
United Arab Emirates,ARE,1998,0.0,0.77,42.81077161362996,6.91,73.66,6.91,52.715336099999995
United Arab Emirates,ARE,2000,0.0,0.79,49.19142495071811,23.6253008751553,76.347,23.6253008751553,52.6404201
United Arab Emirates,ARE,2002,0.0,0.805,55.71424950718107,28.3164853110439,78.721,28.3164853110439,63.4581763
United Arab Emirates,ARE,2003,0.0,0.81,59.03206139115742,29.4779534120864,79.6,29.4779534120864,65.8020347
United Arab Emirates,ARE,2004,0.0,0.815,62.3622500704027,30.1312961695367,80.272,30.1312961695367,63.540654499999995
United Arab Emirates,ARE,2005,0.0,0.819,65.68276541819206,40.0,80.779,40.0,63.185688799999994
United Arab Emirates,ARE,2006,0.0,0.823,70.53083638411715,52.0,81.155,52.0,63.676890099999994
United Arab Emirates,ARE,2007,0.0,0.827,79.19790199943678,61.0,81.438,61.0,63.601994399999995
United Arab Emirates,ARE,2008,0.0,0.831,88.74491692480991,63.0,81.591,63.0,66.3212037
United Arab Emirates,ARE,2009,0.0,0.832,94.43900309771895,64.0,81.679,64.0,64.9619361
United Arab Emirates,ARE,2010,0.0,0.835,96.73103351168685,68.0,81.886,68.0,66.2764335
United Arab Emirates,ARE,2011,0.0,0.839,100.03573641227823,78.0,81.898,78.0,70.7669876
United Arab Emirates,ARE,2012,0.0,0.843,104.07558434243875,84.9999915049492,81.913,84.9999915049492,69.9074996
United Arab Emirates,ARE,2013,0.0,0.846,108.32203604618417,88.0,81.95,88.0,71.15929679999999
United Arab Emirates,ARE,2014,0.0,0.853,113.48127288087862,90.4000107121939,81.99,90.4000107121939,67.8064972
United Arab Emirates,ARE,2015,0.0,0.857,119.75833568009011,90.5,82.076,90.5,66.47589959999999
United Arab Emirates,ARE,2016,0.0,0.861,125.81096874119966,90.6000073180483,82.195,90.6000073180483,70.2507657
United Arab Emirates,ARE,2017,0.0,0.884,129.86799493100534,94.8199225383446,82.388,94.8199225383446,69.63907259999999
United Arab Emirates,ARE,2018,0.0,0.901,131.6066037735849,98.4500017817194,82.449,98.4500017817194,70.015474
United Arab Emirates,ARE,2019,0.0,0.915,133.0017600675866,99.1499979561243,82.596,99.1499979561243,69.8741699
United Arab Emirates,ARE,2020,0.0,0.909,132.37169811320754,100.0,81.936,100.0,69.3398258
United Arab Emirates,ARE,2021,0.0,0.903,134.8233173753872,100.0,79.083,100.0,68.80446959999999
United Arab Emirates,ARE,2022,0.0,0.921,141.8611236271473,100.0,80.487,100.0,68.5486955
United Arab Emirates,ARE,2023,0.059999999,0.94,147.61688256829063,100.0,82.909,100.0,67.9315494
United Kingdom,GBR,1996,0.49000001,0.841,240.4288430537759,4.12,77.08780487804879,4.12,89.3625271
United Kingdom,GBR,1998,0.879999995,0.856,241.7523291861282,13.7,77.19024390243904,13.7,90.3093026
United Kingdom,GBR,2000,0.939999998,0.87,243.42790889926837,26.8217543508578,77.74146341463415,26.8217543508578,88.9494196
United Kingdom,GBR,2002,1.25,0.881,245.40354234695985,56.48,78.14390243902439,56.48,87.0370116
United Kingdom,GBR,2003,1.289999962,0.886,246.54890670855207,64.82,78.44634146341464,64.82,87.4434393
United Kingdom,GBR,2004,1.940000057,0.897,247.95562766089364,65.61,78.74634146341464,65.61,85.0169004
United Kingdom,GBR,2005,2.900000095,0.903,249.6639771834828,70.0,79.04878048780489,70.0,86.3556127
United Kingdom,GBR,2006,4.21999979,0.902,251.5058901335097,68.82,79.2487804878049,68.82,82.8925756
United Kingdom,GBR,2007,5.269999981,0.905,253.47192576365063,75.09,79.44878048780488,75.09,80.80431519999999
United Kingdom,GBR,2008,7.1300001139999996,0.91,255.474703426611,78.39,79.6,78.39,79.69826309999999
United Kingdom,GBR,2009,9.279999733,0.915,257.4144173934609,83.56,80.05121951219512,83.56,75.55254579999999
United Kingdom,GBR,2010,10.28999996,0.921,259.4401893109577,85.0,80.40243902439025,85.0,75.7081729
United Kingdom,GBR,2011,15.96000004,0.916,261.47567478196174,85.3799985496322,80.95121951219512,85.3799985496322,77.17750579999999
United Kingdom,GBR,2012,19.84000015,0.917,263.3447691481007,87.4799984242111,80.90487804878049,87.4799984242111,77.8666107
United Kingdom,GBR,2013,28.39999962,0.931,265.10974248749636,89.8441,81.0048780487805,89.8441,78.31040229999999
United Kingdom,GBR,2014,31.95000076,0.932,267.09792088620674,91.6133009176453,81.3048780487805,91.6133009176453,78.6253383
United Kingdom,GBR,2015,40.27000046,0.931,269.0323647336006,92.0002998740234,80.95609756097562,92.0002998740234,81.33979889999999
United Kingdom,GBR,2016,37.15999985,0.934,271.17761335923615,94.7758006318882,81.15609756097562,94.7758006318882,83.47823
United Kingdom,GBR,2017,49.65000153,0.937,272.657380233952,90.4245504868553,81.2560975609756,90.4245504868553,84.6158123
United Kingdom,GBR,2018,56.90999985,0.936,273.9924771628157,90.692008988783,81.2560975609756,90.692008988783,84.3780735
United Kingdom,GBR,2019,63.84000015,0.941,275.4019757781176,92.5166285497138,81.36912195121953,92.5166285497138,83.6302925
United Kingdom,GBR,2020,75.62000275,0.93,275.8649196048444,94.81820132,80.33175609756098,94.81820132,82.69103059999999
United Kingdom,GBR,2021,64.93000031,0.941,276.8486752366387,96.19650269,80.64731707317074,96.19650269,81.5403055
United Kingdom,GBR,2022,80.20999908,0.946,279.56847021865826,95.46530151,81.01121951219511,95.46530151,80.9553454
United Kingdom,GBR,2023,82.15000153,0.946,283.2472202703261,95.44719696,81.2380975609756,95.44719696,77.7024943
United States,USA,1996,3.266736269,0.89,29.41316481347227,16.4,76.02682926829269,16.4,81.8522316
United States,USA,1998,3.056258678,0.895,30.11848506817368,30.1,76.58048780487806,30.1,80.45939539999999
United States,USA,2000,5.590000153,0.895,30.797301329852257,43.0791626375201,76.63658536585366,43.0791626375201,79.5552364
United States,USA,2002,10.35000038,0.898,31.393549932765186,58.7854038836952,76.93658536585366,58.7854038836952,84.77376919999999
United States,USA,2003,11.18999958,0.9,31.664534617198143,61.6971171244207,77.03658536585367,61.6971171244207,78.75236
United States,USA,2004,14.14000034,0.905,31.95894506828263,64.7582564759896,77.48780487804878,64.7582564759896,80.5431103
United States,USA,2005,17.80999947,0.907,32.25487659791834,67.9681015,77.48780487804878,67.9681015,77.969464
United States,USA,2006,26.59000015,0.911,32.56739984632042,68.93119812,77.68780487804878,68.93119812,74.05041949999999
United States,USA,2007,34.45000076,0.914,32.87861136093745,75.0,77.98780487804879,75.0,72.84614739999999
United States,USA,2008,55.36000061,0.914,33.243686853779536,74.0,78.03902439024391,74.0,74.64194599999999
United States,USA,2009,73.88999939,0.915,33.536399225136705,71.0,78.39024390243902,71.0,71.10523979999999
United States,USA,2010,94.65000153,0.919,33.82136460335264,71.69,78.54146341463415,71.69,71.2821589
United States,USA,2011,120.1800003,0.92,34.09042779275468,69.7294607619268,78.64146341463415,69.7294607619268,73.572859
United States,USA,2012,140.8200073,0.923,34.36368932442153,74.7,78.74146341463415,74.7,73.42193
United States,USA,2013,167.8399963,0.925,34.624657225753275,71.4,78.74146341463415,71.4,71.75408829999999
United States,USA,2014,181.6499939,0.926,34.90137765621345,73.0,78.84146341463415,73.0,72.9380723
United States,USA,2015,190.7200012,0.928,35.180971355857714,74.5542024462761,78.69024390243904,74.5542024462761,72.8887558
United States,USA,2016,226.9900055,0.929,35.45845057950766,85.5444212887222,78.53902439024391,85.5444212887222,72.99544689999999
United States,USA,2017,254.3000031,0.931,35.70499758401822,87.2748891687657,78.53902439024391,87.2748891687657,74.28661389999999
United States,USA,2018,272.6700134,0.934,35.91499865535856,88.498903165152,78.63902439024392,88.498903165152,73.1653584
United States,USA,2019,295.8800049,0.936,36.1004771837305,89.4302848575712,78.78780487804877,89.4302848575712,71.5773432
United States,USA,2020,337.9400024,0.925,36.24826497526078,90.34470367,76.98048780487805,90.34470367,70.612324
United States,USA,2021,378.2000122,0.921,36.30533702399146,91.2684021,76.32926829268293,91.2684021,70.6216776
United States,USA,2022,434.2999878,0.93,36.512623668750315,92.72850037,77.43414634146343,92.72850037,72.192362
United States,USA,2023,421.1400146,0.938,36.81421122021291,93.52559662,78.38536585365854,93.52559662,72.045619
Uruguay,URY,1996,0.0,0.736,18.319757741972346,1.85,73.812,1.85,67.93184289999999
Uruguay,URY,1998,0.0,0.757,18.508056222146042,6.99,74.029,6.99,67.9062211
Uruguay,URY,2000,0.0,0.764,18.661901496971776,10.5390577480141,74.693,10.5390577480141,66.2813785
Uruguay,URY,2002,0.0,0.775,18.734241800937035,11.4194701966853,74.979,11.4194701966853,68.2727589
Uruguay,URY,2003,0.0,0.78,18.747491715232545,15.9371367159756,75.086,15.9371367159756,67.9789267
Uruguay,URY,2004,0.0,0.779,18.75870186264427,17.0630983403661,75.319,17.0630983403661,64.03612679999999
Uruguay,URY,2005,0.0,0.778,18.773688721288995,20.0881895579305,75.829,20.0881895579305,66.7796603
Uruguay,URY,2006,0.0,0.777,18.79502913952691,29.39999962,75.888,29.39999962,68.14363209999999
Uruguay,URY,2007,0.0,0.78,18.827294023540166,34.0,76.15,34.0,69.09568449999999
Uruguay,URY,2008,0.0,0.783,18.867426579819448,39.3,76.275,39.3,71.7268675
Uruguay,URY,2009,0.039999999,0.787,18.912644269226373,41.8,76.67,41.8,72.0644112
Uruguay,URY,2010,0.07,0.796,18.96114729745172,46.4,76.691,46.4,75.10324039999999
Uruguay,URY,2011,0.109999999,0.801,19.00825619929151,51.4046610563616,76.614,51.4046610563616,75.0952025
Uruguay,URY,2012,0.109999999,0.804,19.057256313564164,54.453768680746,76.691,54.453768680746,74.8116773
Uruguay,URY,2013,0.140000001,0.812,19.114026968346476,57.69,76.953,57.69,75.11629219999999
Uruguay,URY,2014,0.730000019,0.816,19.176859787452862,61.4624951684405,77.194,61.4624951684405,73.92728009999999
Uruguay,URY,2015,2.069999933,0.818,19.243612158610446,64.5707870971624,77.285,64.5707870971624,73.2994829
Uruguay,URY,2016,2.99000001,0.821,19.30798194492058,66.40000153,77.351,66.40000153,75.8982226
Uruguay,URY,2017,3.769999981,0.827,19.360290252542566,70.3223543994698,77.618,70.3223543994698,75.1096104
Uruguay,URY,2018,4.730000019,0.826,19.395120557650554,80.7268428795854,77.527,80.7268428795854,75.4388754
Uruguay,URY,2019,4.75,0.83,19.410387384298936,83.3515337667548,77.503,83.3515337667548,75.9687502
Uruguay,URY,2020,5.480000019,0.837,19.420454805165125,85.47100067,78.381,85.47100067,78.5101133
Uruguay,URY,2021,4.989999771,0.837,19.407467717975088,87.64440155,75.434,87.64440155,80.687647
Uruguay,URY,2022,4.78000021,0.852,19.374431493543597,89.87304314,76.468,89.87304314,80.5233263
Uruguay,URY,2023,4.760000229,0.862,19.358250485658782,90.92590332,78.138,90.92590332,79.216719
Uzbekistan,UZB,1996,0.0,,54.89417254348848,0.0042899999999999995,64.78,0.0042899999999999995,22.8316534
Uzbekistan,UZB,1998,0.0,,56.734670897978376,0.0208,65.169,0.0208,24.3572781
Uzbekistan,UZB,2000,0.0,0.603,56.85560538116592,0.484347307694947,65.456,0.484347307694947,21.7278198
Uzbekistan,UZB,2002,0.0,0.618,58.26872916719238,1.08193974248733,66.376,1.08193974248733,25.7907168
Uzbekistan,UZB,2003,0.0,0.625,58.987418468971754,1.91259517784997,66.852,1.91259517784997,25.4723823
Uzbekistan,UZB,2004,0.0,0.632,59.72047915237477,2.59372542084924,67.203,2.59372542084924,22.6834085
Uzbekistan,UZB,2005,0.0,0.638,60.47272105706334,3.34350988825952,67.481,3.34350988825952,18.7472559
Uzbekistan,UZB,2006,0.0,0.644,61.25741195365378,6.38832196706805,67.905,6.38832196706805,23.2043325
Uzbekistan,UZB,2007,0.0,0.658,62.10321479687328,7.49060468138629,68.483,7.49060468138629,23.1779355
Uzbekistan,UZB,2008,0.0,0.663,63.06618161466349,9.0801145234501,69.035,9.0801145234501,23.120340199999998
Uzbekistan,UZB,2009,0.0,0.672,64.08911215864387,11.9,69.517,11.9,20.060221
Uzbekistan,UZB,2010,0.0,0.681,65.1205023262643,15.899999620000001,69.836,15.899999620000001,20.0860877
Uzbekistan,UZB,2011,0.0,0.686,66.13722066318043,18.6,70.143,18.6,18.6609217
Uzbekistan,UZB,2012,0.0,0.692,67.14525699862322,23.60000038,70.411,23.60000038,20.1481927
Uzbekistan,UZB,2013,0.0,0.698,68.20746966995496,26.799999240000002,70.692,26.799999240000002,22.3463525
Uzbekistan,UZB,2014,0.0,0.703,69.35235630087037,35.5,70.973,35.5,22.8357605
Uzbekistan,UZB,2015,0.0,0.707,69.78970948706309,42.79999924,71.33,42.79999924,22.3694825
Uzbekistan,UZB,2016,0.0,0.714,71.0059170523229,46.79130173,71.58,46.79130173,22.991897599999998
Uzbekistan,UZB,2017,0.0,0.719,72.21980171952028,48.6999988524556,71.737,48.6999988524556,22.6572423
Uzbekistan,UZB,2018,0.0,0.725,73.47808718822843,55.2000006732722,71.999,55.2000006732722,23.339385999999998
Uzbekistan,UZB,2019,0.0,0.73,74.82539297023074,70.3999986481458,72.093,70.3999986481458,25.135032799999998
Uzbekistan,UZB,2020,0.0,0.723,76.22006581186884,71.09999824,71.461,71.09999824,30.9390945
Uzbekistan,UZB,2021,0.0,0.727,77.71125125665773,76.59043014,71.681,76.59043014,32.8367302
Uzbekistan,UZB,2022,0.0,0.737,79.28922369579622,83.90000012,72.147,83.90000012,33.7033634
Uzbekistan,UZB,2023,0.550000012,0.74,80.90844661295813,89.01361047,72.388,89.01361047,33.6504136
Vanuatu,VUT,1996,0.0,,14.02059064807219,0.0568,68.176,0.0568,51.212979
Vanuatu,VUT,1998,0.0,,14.627809680065628,0.27399999999999997,68.372,0.27399999999999997,51.096622599999996
Vanuatu,VUT,2000,0.0,,15.281460213289582,2.10833689115184,68.586,2.10833689115184,50.7564292
Vanuatu,VUT,2002,0.0,,16.067514356029534,3.51003871071264,68.836,3.51003871071264,50.515595399999995
Vanuatu,VUT,2003,0.0,,16.46808859721083,3.90329584542948,68.933,3.90329584542948,50.433441099999996
Vanuatu,VUT,2004,0.0,,16.875389663658737,4.74660261917533,68.985,4.74660261917533,46.0717527
Vanuatu,VUT,2005,0.0,0.561,17.2895816242822,5.082300186,69.166,5.082300186,54.1597011
Vanuatu,VUT,2006,0.0,0.567,17.71312551271534,5.850599766,69.126,5.850599766,54.2398859
Vanuatu,VUT,2007,0.0,0.57,18.15225594749795,6.800000191,69.144,6.800000191,56.191683999999995
Vanuatu,VUT,2008,0.0,0.578,18.613289581624283,7.26911992337492,69.302,7.26911992337492,56.2062721
Vanuatu,VUT,2009,0.0,0.579,19.091960623461855,7.5,69.422,7.5,56.205757999999996
Vanuatu,VUT,2010,0.0,0.582,19.544544708777686,8.0,69.57,8.0,56.0134593
Vanuatu,VUT,2011,0.0,0.587,19.973256767842493,9.199999809,69.729,9.199999809,55.991740199999995
Vanuatu,VUT,2012,0.0,0.587,20.41698113207547,10.59799957,69.898,10.59799957,56.1590061
Vanuatu,VUT,2013,0.01,0.592,20.876292042657916,11.30000019,69.986,11.30000019,56.7489395
Vanuatu,VUT,2014,0.01,0.597,21.34864643150123,18.799999240000002,70.043,18.799999240000002,57.4699288
Vanuatu,VUT,2015,0.01,0.599,21.829450369155044,22.35140038,70.163,22.35140038,45.955683699999994
Vanuatu,VUT,2016,0.01,0.603,22.32050861361772,,70.397,,45.467374899999996
Vanuatu,VUT,2017,0.0,0.607,22.847169811320754,,70.5,,46.5111701
Vanuatu,VUT,2018,0.0,0.612,23.40106644790812,,70.626,,44.0826394
Vanuatu,VUT,2019,0.01,0.622,23.952830188679247,,70.783,,44.1071337
Vanuatu,VUT,2020,0.01,0.617,24.516652994257587,,70.385,,47.3140729
Vanuatu,VUT,2021,0.0,0.615,25.091714520098442,,69.952,,47.125956099999996
Vanuatu,VUT,2022,0.0,0.621,25.6805578342904,,71.302,,45.1065129
Vanuatu,VUT,2023,0.0,0.621,26.284577522559474,,71.477,,44.1041136
Venezuela,VEN,1996,0.0,0.69,25.692549175216826,0.248,71.92,0.248,32.0839637
Venezuela,VEN,1998,0.0,0.7,26.757368629896263,1.38,72.446,1.38,31.6264464
Venezuela,VEN,2000,0.0,0.703,27.80648262570149,3.3595974645036,72.388,3.3595974645036,34.5158121
Venezuela,VEN,2002,0.0,0.716,28.836994501445496,4.91044632720325,72.823,4.91044632720325,26.3206766
Venezuela,VEN,2003,0.0,0.707,29.355141998752906,7.49996346522407,72.056,7.49996346522407,26.1409035
Venezuela,VEN,2004,0.0,0.718,29.86320276628309,8.40446959241215,72.752,8.40446959241215,27.6280915
Venezuela,VEN,2005,0.0,0.728,30.367670766963325,12.5529979098299,73.075,12.5529979098299,25.992575499999997
Venezuela,VEN,2006,0.0,0.736,30.865241199478486,15.2247114771787,72.972,15.2247114771787,25.8718935
Venezuela,VEN,2007,0.0,0.753,31.34670710277195,20.83,73.348,20.83,21.9065384
Venezuela,VEN,2008,0.0,0.759,31.80510855393685,25.88,72.578,25.88,21.3903347
Venezuela,VEN,2009,0.0,0.76,32.241140524913554,32.7,72.785,32.7,22.2604191
Venezuela,VEN,2010,0.0,0.764,32.6660631483476,37.37,73.092,37.37,22.332981
Venezuela,VEN,2011,0.0,0.77,33.08793379060144,40.22,73.09,40.22,25.073281899999998
Venezuela,VEN,2012,0.050000001,0.772,33.50583980499972,49.0500830729861,73.086,49.0500830729861,22.2641658
Venezuela,VEN,2013,0.090000004,0.773,33.912134232753246,54.90000153,73.076,54.90000153,21.4904878
Venezuela,VEN,2014,0.090000004,0.77,34.29973244147157,57.0,72.837,57.0,18.9347593
Venezuela,VEN,2015,0.090000004,0.768,34.66240235814296,58.0,73.004,58.0,19.016838699999997
Venezuela,VEN,2016,0.090000004,0.761,34.87979139504563,60.0,72.002,60.0,19.1958791
Venezuela,VEN,2017,0.090000004,0.749,34.6525967915651,,71.903,,18.4527496
Venezuela,VEN,2018,0.039999999,0.741,33.793540048750074,,72.641,,15.57127
Venezuela,VEN,2019,0.059999999,0.724,32.80777506944051,49.05009842,72.766,49.05009842,15.5726444
Venezuela,VEN,2020,0.02,0.699,32.247692307692304,72.44110107,72.369,72.44110107,15.9071419
Venezuela,VEN,2021,0.02,0.696,32.01386089223967,74.11219788,71.536,74.11219788,15.7847312
Venezuela,VEN,2022,0.02,0.706,31.985734368799953,75.82180023,72.566,75.82180023,15.4068784
Venezuela,VEN,2023,0.02,0.709,32.08531715889122,76.33190155,72.514,76.33190155,16.292816
Vietnam,VNM,1996,0.0,0.567,224.75789425174352,0.000135,71.296,0.000135,33.7228135
Vietnam,VNM,1998,0.0,0.588,231.34246827859536,0.0131,72.283,0.0131,31.8423183
Vietnam,VNM,2000,0.0,0.604,248.035784093101,0.25424827575493403,72.746,0.25424827575493403,32.5231949
Vietnam,VNM,2002,0.0,0.621,253.65391724360006,1.85499923592581,73.138,1.85499923592581,31.6425283
Vietnam,VNM,2003,0.0,0.63,256.5994033605315,3.78028081370641,73.236,3.78028081370641,34.2081407
Vietnam,VNM,2004,0.0,0.638,259.09946463701743,7.64240852842363,73.062,7.64240852842363,31.5614629
Vietnam,VNM,2005,0.0,0.647,259.2030770017613,12.7399292907031,73.198,12.7399292907031,31.8395938
Vietnam,VNM,2006,0.0,0.656,262.6892917086271,17.2545617186662,73.293,17.2545617186662,36.0888262
Vietnam,VNM,2007,0.0,0.664,267.577137683246,20.7554447679753,73.385,20.7554447679753,39.2357209
Vietnam,VNM,2008,0.0,0.672,272.3080769329139,23.92,73.455,23.92,40.6493371
Vietnam,VNM,2009,0.01,0.679,276.440290060813,26.55,73.525,26.55,41.4500537
Vietnam,VNM,2010,0.039999999,0.686,279.14722912025127,30.65,73.611,30.65,39.523434099999996
Vietnam,VNM,2011,0.039999999,0.693,282.3901444057149,35.07,73.713,35.07,40.5919665
Vietnam,VNM,2012,0.039999999,0.698,285.5586444073669,36.79999924,73.762,36.79999924,38.4917778
Vietnam,VNM,2013,0.07,0.704,289.3641628136951,38.5,73.821,38.5,39.4151642
Vietnam,VNM,2014,0.07,0.711,292.55922851827387,41.0,73.886,41.0,40.5285781
Vietnam,VNM,2015,0.119999997,0.717,296.19747720839996,45.0,73.955,45.0,40.2154072
Vietnam,VNM,2016,0.200000003,0.723,299.948999160782,53.0,73.984,53.0,40.634904899999995
Vietnam,VNM,2017,0.349999994,0.729,303.68878728027494,58.1400000036297,74.026,58.1400000036297,39.276038
Vietnam,VNM,2018,0.49000001,0.737,307.0466325706938,69.8479286837965,74.1,69.8479286837965,39.8572899
Vietnam,VNM,2019,0.720000029,0.744,310.03441289733877,68.6615802057338,74.211,68.6615802057338,40.524491399999995
Vietnam,VNM,2020,0.980000019,0.755,312.92315325001834,70.30000012,75.383,70.30000012,41.5155594
Vietnam,VNM,2021,3.339999914,0.754,315.65393757437886,74.20999985,74.145,74.20999985,41.5662482
Vietnam,VNM,2022,9.090000153,0.764,318.03264854241314,78.58999918,74.502,78.58999918,42.875681199999995
Vietnam,VNM,2023,11.59000015,0.766,320.17519757265603,78.08,74.588,78.08,41.612423199999995
Yemen,YEM,1996,0.0,0.405,32.79197113472356,0.000621,60.884,0.000621,33.7639686
Yemen,YEM,1998,0.0,0.423,34.9376157736235,0.0233,61.788,0.0233,29.738540699999998
Yemen,YEM,2000,0.0,0.439,37.16904558971154,0.0825003865143108,62.761,0.0825003865143108,29.4707938
Yemen,YEM,2002,0.0,0.458,39.46263234653484,0.518796032123435,63.807,0.518796032123435,26.1915114
Yemen,YEM,2003,0.0,0.467,40.6393904956721,0.604734100431821,64.407,0.604734100431821,25.3128182
Yemen,YEM,2004,0.0,0.475,41.84928499725363,0.881222988679516,64.881,0.881222988679516,24.2716362
Yemen,YEM,2005,0.0,0.481,43.165492357520314,1.048599958,65.356,1.048599958,26.060747
Yemen,YEM,2006,0.0,0.486,44.59170596814213,1.24782404904485,65.8,1.24782404904485,31.5127314
Yemen,YEM,2007,0.0,0.489,46.05959050703638,5.01,66.23,5.01,30.9122542
Yemen,YEM,2008,0.0,0.492,47.5631967725439,6.89,66.609,6.89,32.3339973
Yemen,YEM,2009,0.0,0.497,49.10832812470405,9.96,66.905,9.96,28.771465
Yemen,YEM,2010,0.0,0.502,50.6740667083357,12.35,67.223,12.35,26.5453536
Yemen,YEM,2011,0.0,0.501,52.24330359679527,14.90499973,67.412,14.90499973,25.089691799999997
Yemen,YEM,2012,0.0,0.503,53.85466409076273,17.44650078,67.569,17.44650078,22.4880939
Yemen,YEM,2013,0.0,0.507,55.52010909710779,20.0,67.961,20.0,23.262585599999998
Yemen,YEM,2014,0.0,0.502,57.25005019224577,22.54999924,68.003,22.54999924,17.458783
Yemen,YEM,2015,0.0,0.475,59.01732863609675,24.08539963,66.761,24.08539963,17.7859895
Yemen,YEM,2016,0.0,0.467,60.81597439248442,24.57920074,67.105,24.57920074,15.263592699999998
Yemen,YEM,2017,0.0,0.459,62.67575998636286,,67.12,,15.651058099999998
Yemen,YEM,2018,0.0,0.454,64.55893706081785,,65.915,,12.3707839
Yemen,YEM,2019,0.0,0.458,66.50265734795538,17.49099922,66.567,17.49099922,12.6001893
Yemen,YEM,2020,0.0,0.459,68.44112923082751,,66.435,,15.4740925
Yemen,YEM,2021,0.0,0.458,70.3453415913783,,66.019,,15.6288775
Yemen,YEM,2022,0.0,0.466,72.39592401083395,,67.952,,14.1267673
Yemen,YEM,2023,0.0,0.47,74.60802507718242,,69.295,,15.426138199999999
Zambia,ZMB,1996,0.0,0.415,12.11215243680975,0.00907,45.757,0.00907,31.1433234
Zambia,ZMB,1998,0.0,0.418,12.755630288273988,0.0302,45.709,0.0302,31.1865675
Zambia,ZMB,2000,0.0,0.429,13.475606343911002,0.191071642503428,46.577,0.191071642503428,29.0837149
Zambia,ZMB,2002,0.0,0.445,14.323503141016156,0.477750906947484,48.461,0.477750906947484,31.624824999999998
Zambia,ZMB,2003,0.0,0.458,14.775010425214221,0.980483039426114,49.616,0.980483039426114,31.4715359
Zambia,ZMB,2004,0.0,0.468,15.252018455992143,1.1,50.54,1.1,35.5974164
Zambia,ZMB,2005,0.0,0.48,15.764025612397262,1.299999952,51.615,1.299999952,35.6302664
Zambia,ZMB,2006,0.0,0.492,16.316540443105236,1.600000024,52.693,1.600000024,39.9187088
Zambia,ZMB,2007,0.0,0.504,16.902413268943622,1.899999976,53.73,1.899999976,40.8265436
Zambia,ZMB,2008,0.0,0.514,17.516140921992495,2.200000048,54.835,2.200000048,40.853141
Zambia,ZMB,2009,0.0,0.526,18.147121968280445,2.5,55.886,2.5,41.5996083
Zambia,ZMB,2010,0.0,0.533,18.786362474609557,3.0,56.896,3.0,40.384830799999996
Zambia,ZMB,2011,0.0,0.538,19.421563378576522,3.5,57.843,3.5,42.3159947
Zambia,ZMB,2012,0.0,0.551,20.061648663554795,4.099999905,58.704,4.099999905,42.4033248
Zambia,ZMB,2013,0.0,0.557,20.714560324997645,4.8,59.445,4.8,41.677637399999995
Zambia,ZMB,2014,0.0,0.559,21.382201805243547,6.5,60.109,6.5,39.9524615
Zambia,ZMB,2015,0.0,0.565,22.05987301416484,8.8,60.728,8.8,39.855860799999995
Zambia,ZMB,2016,0.0,0.565,22.753094607137573,10.30000019,61.129,10.30000019,39.275837599999996
Zambia,ZMB,2017,0.0,0.57,23.46187061972854,12.19999981,61.564,12.19999981,38.4615167
Zambia,ZMB,2018,0.0,0.575,24.177846083482425,14.2999970950012,62.138,14.2999970950012,35.3753648
Zambia,ZMB,2019,0.0,0.578,24.90461130765816,14.47189999,62.914,14.47189999,34.7874778
Zambia,ZMB,2020,0.0,0.578,25.638487200527315,14.64579964,63.361,14.64579964,35.607183
Zambia,ZMB,2021,0.0,0.574,26.370555159472147,14.82190037,62.363,14.82190037,33.8295633
Zambia,ZMB,2022,0.0,0.589,27.109509140558792,15.0,65.279,15.0,39.392297299999996
Zambia,ZMB,2023,0.0,0.595,27.877648340709452,16.45070076,66.349,16.45070076,39.7962677
Zimbabwe,ZWE,1996,0.0,0.472,28.84415147990177,0.0168,48.981,0.0168,39.8267515
Zimbabwe,ZWE,1998,0.0,0.467,29.9710404549567,0.0816,47.551,0.0816,34.0777448
Zimbabwe,ZWE,2000,0.0,0.458,30.74073930464004,0.401433535211582,46.034,0.401433535211582,22.0038718
Zimbabwe,ZWE,2002,0.0,0.459,31.2463564689156,1.1,45.938,1.1,20.1781583
Zimbabwe,ZWE,2003,0.0,0.45,31.62032570763862,1.8,45.373,1.8,19.1558049
Zimbabwe,ZWE,2004,0.0,0.453,31.965609409331783,2.1,46.043,2.1,19.379259299999998
Zimbabwe,ZWE,2005,0.0,0.455,32.26943776657619,2.400000095,46.57,2.400000095,17.5138198
Zimbabwe,ZWE,2006,0.0,0.457,32.66497350394209,2.400000095,47.056,2.400000095,20.076250299999998
Zimbabwe,ZWE,2007,0.0,0.459,33.098249967687735,3.0,47.576,3.0,19.455994999999998
Zimbabwe,ZWE,2008,0.0,0.456,33.4991572961096,3.5,48.456,3.5,16.7771595
Zimbabwe,ZWE,2009,0.0,0.488,33.973865839472666,4.0,49.75,4.0,16.558476
Zimbabwe,ZWE,2010,0.0,0.512,34.52642626340959,6.400000095,51.925,6.400000095,18.1257922
Zimbabwe,ZWE,2011,0.0,0.529,35.14391624660721,8.399999619,53.911,8.399999619,18.399763399999998
Zimbabwe,ZWE,2012,0.0,0.545,35.71897893240274,12.0,55.386,12.0,20.9558583
Zimbabwe,ZWE,2013,0.0,0.554,36.225431045624916,15.5,56.842,15.5,19.5627246
Zimbabwe,ZWE,2014,0.0,0.56,36.72575675326354,16.3647399572904,58.106,16.3647399572904,17.5459168
Zimbabwe,ZWE,2015,0.0,0.567,37.221178751454055,22.74279976,58.989,22.74279976,21.4816483
Zimbabwe,ZWE,2016,0.0,0.57,37.74148636422386,23.12000084,59.76,23.12000084,21.5326125
Zimbabwe,ZWE,2017,0.0,0.575,38.289988367584336,24.39999962,60.263,24.39999962,21.6969454
Zimbabwe,ZWE,2018,0.0,0.586,38.86377665761923,25.0,60.906,25.0,21.3155908
Zimbabwe,ZWE,2019,0.0,0.584,39.476200077549436,26.5883007,61.06,26.5883007,21.877242799999998
Zimbabwe,ZWE,2020,0.0,0.582,40.136714488819955,29.29856532,61.53,29.29856532,24.112562
Zimbabwe,ZWE,2021,0.0,0.581,40.8354917926845,32.5923996,60.135,32.5923996,23.8325326
Zimbabwe,ZWE,2022,0.0,0.594,41.53820860798759,36.25650024,62.36,36.25650024,23.5958483
Zimbabwe,ZWE,2023,0.0,0.598,42.24071862478997,38.67480087,62.775,38.67480087,23.7378325
United Arab Emirates,ARE,1990,0.0,0.713,26.727963953815827,0.0,71.074,0.0,
United Arab Emirates,ARE,1991,0.0,0.724,28.25437904815545,,71.144,,
United Arab Emirates,ARE,1992,0.0,0.729,29.776541819205857,,71.166,,
United Arab Emirates,ARE,1993,0.0,0.736,31.28827090960293,,71.159,,
United Arab Emirates,ARE,1994,0.0,0.742,32.78214587440158,,71.204,,
United Arab Emirates,ARE,1995,0.0,0.747,34.28135736412278,0.10300000000000001,71.392,0.10300000000000001,
United Arab Emirates,ARE,1997,0.0,0.761,39.67065615319628,3.3,72.559,3.3,
United Arab Emirates,ARE,1999,0.0,0.78,45.98717262742889,14.9,74.982,14.9,
United Arab Emirates,ARE,2001,0.0,0.798,52.430160518163895,26.2717542010006,77.621,26.2717542010006,
United Kingdom,GBR,1990,0.01,0.812,236.62871905096515,0.0874,75.88048780487806,0.0874,
United Kingdom,GBR,1991,0.01,0.816,237.36162113007896,0.174,76.08292682926832,0.174,
United Kingdom,GBR,1992,0.029999999,0.824,238.00438969949985,0.261,76.43414634146342,0.261,
United Kingdom,GBR,1993,0.219999999,0.827,238.57567891538875,0.52,76.38536585365853,0.52,
United Kingdom,GBR,1994,0.340000004,0.836,239.1838341669078,1.04,76.88536585365854,1.04,
United Kingdom,GBR,1995,0.389999986,0.835,239.81742652833464,1.9,76.83658536585367,1.9,
United Kingdom,GBR,1997,0.670000017,0.849,241.04887364113586,7.39,77.21097560975612,7.39,
United Kingdom,GBR,1999,0.850000024,0.862,242.55969081965858,21.3,77.39024390243904,21.3,
United Kingdom,GBR,2001,0.959999979,0.876,244.36685404869178,33.4810948744147,77.99268292682927,33.4810948744147,
United States,USA,1990,2.816767693,0.878,27.25451361289928,0.785,75.21463414634147,0.785,
United States,USA,1991,2.980758667,0.878,27.621149126101653,1.16,75.3658536585366,1.16,
United States,USA,1992,2.916689873,0.882,28.006891612148102,1.72,75.6170731707317,1.72,
United States,USA,1993,3.036188841,0.884,28.378658712342887,2.27,75.41951219512197,2.27,
United States,USA,1994,3.481928349,0.887,28.728807637548368,4.86,75.61951219512196,4.86,
United States,USA,1995,3.196215153,0.888,29.07295151414571,9.24,75.6219512195122,9.24,
United States,USA,1997,3.321247578,0.893,29.76942796998786,21.6,76.42926829268293,21.6,
United States,USA,1999,4.533331394,0.895,30.46634115663787,35.8,76.5829268292683,35.8,
United States,USA,2001,6.739999771,0.897,31.103628387936155,49.0808315896951,76.83658536585367,49.0808315896951,
Uruguay,URY,1990,0.0,0.713,17.73741858073363,0.0,72.994,0.0,
Uruguay,URY,1991,0.0,0.717,17.839984001828363,,73.198,,
Uruguay,URY,1992,0.0,0.719,17.9391041023883,,73.185,,
Uruguay,URY,1993,0.0,0.722,18.034196091875213,,73.147,,
Uruguay,URY,1994,0.0,0.727,18.128408181922065,0.0625,73.162,0.0625,
Uruguay,URY,1995,0.0,0.729,18.223288766998056,0.31,73.493,0.31,
Uruguay,URY,1997,0.0,0.747,18.417009484630327,3.36,73.92,3.36,
Uruguay,URY,1999,0.0,0.76,18.592246600388528,9.97,74.293,9.97,
Uruguay,URY,2001,0.0,0.771,18.707867672266026,11.1214376832783,74.987,11.1214376832783,
Uzbekistan,UZB,1990,0.0,,,0.0,65.772,0.0,
Uzbekistan,UZB,1991,0.0,,,,65.529,,
Uzbekistan,UZB,1992,0.0,,50.505618241654915,,65.236,,
Uzbekistan,UZB,1993,0.0,,51.68771744240715,,64.924,,
Uzbekistan,UZB,1994,0.0,,52.80510343206394,,64.681,,
Uzbekistan,UZB,1995,0.0,,53.87303479078514,0.00153,64.67,0.00153,
Uzbekistan,UZB,1997,0.0,,55.85086976962859,0.0105,65.028,0.0105,
Uzbekistan,UZB,1999,0.0,,57.53645510108134,0.030699999999999998,65.307,0.030699999999999998,
Uzbekistan,UZB,2001,0.0,0.61,57.55826992207125,0.597567993875805,65.853,0.597567993875805,
Vanuatu,VUT,1990,0.0,,12.146267432321576,0.0,66.684,0.0,
Vanuatu,VUT,1991,0.0,,12.45225594749795,,67.114,,
Vanuatu,VUT,1992,0.0,,12.765217391304347,,67.433,,
Vanuatu,VUT,1993,0.0,,13.081460213289581,,67.724,,
Vanuatu,VUT,1994,0.0,,13.397374897456931,,67.984,,
Vanuatu,VUT,1995,0.0,,13.710992616899098,,68.104,,
Vanuatu,VUT,1997,0.0,,14.325348646431502,0.14,68.309,0.14,
Vanuatu,VUT,1999,0.0,,14.934208367514357,0.538,67.924,0.538,
Vanuatu,VUT,2001,0.0,,15.671123872026252,2.83057223877678,68.722,2.83057223877678,
Venezuela,VEN,1990,0.0,0.658,22.4783288929199,0.0,70.964,0.0,
Venezuela,VEN,1991,0.0,0.669,23.0201190408707,,71.172,,
Venezuela,VEN,1992,0.0,0.676,23.559829941613287,0.0121,71.177,0.0121,
Venezuela,VEN,1993,0.0,0.68,24.096729210362223,0.0416,71.385,0.0416,
Venezuela,VEN,1994,0.0,0.681,24.6303361487444,0.05550000000000001,71.283,0.05550000000000001,
Venezuela,VEN,1995,0.0,0.687,25.161635961680176,0.122,71.714,0.122,
Venezuela,VEN,1997,0.0,0.698,26.224913553653423,0.391,72.56,0.391,
Venezuela,VEN,1999,0.0,0.698,27.284839861685846,2.84,72.088,2.84,
Venezuela,VEN,2001,0.0,0.708,28.32030157020577,4.63600094778677,71.019,4.63600094778677,
Vietnam,VNM,1990,0.0,0.499,201.2490460536422,0.0,69.027,0.0,
Vietnam,VNM,1991,0.0,0.509,205.5109988018065,,69.303,,
Vietnam,VNM,1992,0.0,0.521,209.71561952748164,,69.62,,
Vietnam,VNM,1993,0.0,0.531,213.789621800977,,69.957,,
Vietnam,VNM,1994,0.0,0.543,217.68530830440258,,70.379,,
Vietnam,VNM,1995,0.0,0.556,221.3583827460137,,70.871,,
Vietnam,VNM,1997,0.0,0.578,228.0466035822913,0.00398,71.67,0.00398,
Vietnam,VNM,1999,0.0,0.596,234.37725275738117,0.129,72.575,0.129,
Vietnam,VNM,2001,0.0,0.612,250.63281044070848,1.26565123612317,72.984,1.26565123612317,
Yemen,YEM,1990,0.0,0.359,26.304263499820067,0.0,58.528,0.0,
Yemen,YEM,1991,0.0,0.364,27.3314790613103,,58.805,,
Yemen,YEM,1992,0.0,0.37,28.39080629581226,,59.26,,
Yemen,YEM,1993,0.0,0.377,29.478784779438225,,59.655,,
Yemen,YEM,1994,0.0,0.382,30.58724359338599,,59.828,,
Yemen,YEM,1995,0.0,0.393,31.706456806257933,,60.532,,
Yemen,YEM,1997,0.0,0.413,33.85407504214255,0.015,61.34,0.015,
Yemen,YEM,1999,0.0,0.429,36.042616057730555,0.0566,62.275,0.0566,
Yemen,YEM,2001,0.0,0.449,38.30927325416217,0.0908024587169292,63.286,0.0908024587169292,
Zambia,ZMB,1990,0.0,0.422,10.473868359811135,0.0,48.204,0.0,
Zambia,ZMB,1991,0.0,0.416,10.73682723738549,,47.443,,
Zambia,ZMB,1992,0.0,0.414,10.99917943475161,,46.968,,
Zambia,ZMB,1993,0.0,0.417,11.264505844845909,,46.678,,
Zambia,ZMB,1994,0.0,0.413,11.536702134814835,0.00678,46.344,0.00678,
Zambia,ZMB,1995,0.0,0.413,11.8185111448903,0.008780000000000001,46.051,0.008780000000000001,
Zambia,ZMB,1997,0.0,0.418,12.425594909805081,0.00933,45.743,0.00933,
Zambia,ZMB,1999,0.0,0.423,13.10214692153513,0.147,45.924,0.147,
Zambia,ZMB,2001,0.0,0.437,13.88932458063735,0.233129556342332,47.408,0.233129556342332,
Zimbabwe,ZWE,1990,0.0,0.5,26.204681401059844,0.0,58.319,0.0,
Zimbabwe,ZWE,1991,0.0,0.502,26.896254362155876,,57.037,,
Zimbabwe,ZWE,1992,0.0,0.487,27.666278919477833,,55.602,,
Zimbabwe,ZWE,1993,0.0,0.483,28.07364094610314,,53.976,,
Zimbabwe,ZWE,1994,0.0,0.482,28.106883805092412,0.00174,52.537,0.00174,
Zimbabwe,ZWE,1995,0.0,0.477,28.369132738787645,0.007679999999999999,51.144,0.007679999999999999,
Zimbabwe,ZWE,1997,0.0,0.472,29.39078971177459,0.033100000000000004,48.536,0.033100000000000004,
Zimbabwe,ZWE,1999,0.0,0.462,30.46001809486881,0.16199999999999998,46.379,0.16199999999999998,
Zimbabwe,ZWE,2001,0.0,0.456,30.947139718237043,0.799846045633137,44.525,0.799846045633137,
United Arab Emirates,ARE,1960,0.0,,,,50.651,,
United Arab Emirates,ARE,1961,0.0,,1.9429597296536187,,51.596,,
United Arab Emirates,ARE,1962,0.0,,2.040918051253168,,52.546,,
United Arab Emirates,ARE,1963,0.0,,2.1432131793860885,,53.509,,
United Arab Emirates,ARE,1964,0.0,,2.2485497043086453,,54.495,,
United Arab Emirates,ARE,1965,0.0,,2.352900591382709,,55.512,,
United Arab Emirates,ARE,1966,0.0,,2.4496761475640665,,56.572,,
United Arab Emirates,ARE,1967,0.0,,2.5302731624894395,,57.648,,
United Arab Emirates,ARE,1968,0.0,,2.8078851027879472,,58.727,,
United Arab Emirates,ARE,1969,0.0,,3.374542382427485,,59.764,,
United Arab Emirates,ARE,1970,0.0,,4.034581807941425,,60.78,,
United Arab Emirates,ARE,1971,0.0,,4.717361306674176,,61.753,,
United Arab Emirates,ARE,1972,0.0,,5.4212052942833004,,62.675,,
United Arab Emirates,ARE,1973,0.0,,6.144733877780907,,63.542,,
United Arab Emirates,ARE,1974,0.0,,6.886609405801183,,64.351,,
United Arab Emirates,ARE,1975,0.0,,7.6437059983103355,,65.105,,
United Arab Emirates,ARE,1976,0.0,,8.671726274288933,,65.806,,
United Arab Emirates,ARE,1977,0.0,,10.000126724866234,,66.471,,
United Arab Emirates,ARE,1978,0.0,,11.395015488594762,,67.083,,
United Arab Emirates,ARE,1979,0.0,,12.84159391720642,,67.645,,
United Arab Emirates,ARE,1980,0.0,,14.301605181638974,,68.157,,
United Arab Emirates,ARE,1981,0.0,,15.486553083638412,,68.622,,
United Arab Emirates,ARE,1982,0.0,,16.423120247817515,,69.056,,
United Arab Emirates,ARE,1983,0.0,,17.393762320473105,,69.448,,
United Arab Emirates,ARE,1984,0.0,,18.389129822585186,,69.802,,
United Arab Emirates,ARE,1985,0.0,,19.40173190650521,,70.123,,
United Arab Emirates,ARE,1986,0.0,,20.661546043368066,,70.41,,
United Arab Emirates,ARE,1987,0.0,,22.16620670233737,,70.623,,
United Arab Emirates,ARE,1988,0.0,,23.68048437059983,,70.808,,
United Arab Emirates,ARE,1989,0.0,,25.202069839481837,,70.96,,
United Kingdom,GBR,1960,,,,,71.1268292682927,,
United Kingdom,GBR,1961,,,218.24494688546272,,70.87804878048782,,
United Kingdom,GBR,1962,,,220.10498904641838,,70.92682926829269,,
United Kingdom,GBR,1963,,,221.75835985615674,,70.8268292682927,,
United Kingdom,GBR,1964,,,223.2050593146778,,71.62439024390244,,
United Kingdom,GBR,1965,0.0,,224.64369859050137,,71.62439024390244,,
United Kingdom,GBR,1966,0.0,,225.8855867399661,,71.57317073170732,,
United Kingdom,GBR,1967,0.0,,227.1053610548506,,72.12439024390244,,
United Kingdom,GBR,1968,0.0,,228.2135328400777,,71.72439024390246,,
United Kingdom,GBR,1969,0.0,,229.16442772702848,,71.7219512195122,,
United Kingdom,GBR,1970,0.0,,230.0799818129211,,71.97317073170733,,
United Kingdom,GBR,1971,0.0,,231.04295870706403,,72.27317073170734,,
United Kingdom,GBR,1972,0.0,,231.8276567602199,,72.12439024390244,,
United Kingdom,GBR,1973,0.0,,232.2759765221345,,72.32439024390244,,
United Kingdom,GBR,1974,0.0,,232.42249410986648,,72.52439024390245,,
United Kingdom,GBR,1975,0.0,,232.40524118546688,,72.72439024390245,,
United Kingdom,GBR,1976,0.0,,232.34806762286613,,72.77560975609757,,
United Kingdom,GBR,1977,0.0,,232.27169842516432,,73.22439024390245,,
United Kingdom,GBR,1978,0.0,,232.28414830736165,,73.17560975609756,,
United Kingdom,GBR,1979,0.0,,232.4926673004588,,73.27560975609757,,
United Kingdom,GBR,1980,0.0,,232.77070226925144,,73.67560975609757,,
United Kingdom,GBR,1981,0.0,,232.85177117347993,,74.02682926829269,,
United Kingdom,GBR,1982,0.0,,232.76832554871243,,74.17804878048781,,
United Kingdom,GBR,1983,0.0,,232.84771628156903,,74.37804878048782,,
United Kingdom,GBR,1984,0.0,,233.21651717438928,,74.77804878048782,,
United Kingdom,GBR,1985,0.0,,233.74640598520233,,74.62926829268294,,
United Kingdom,GBR,1986,0.0,,234.28841400405076,,74.92926829268295,,
United Kingdom,GBR,1987,0.0,,234.78712850824618,,75.28048780487805,,
United Kingdom,GBR,1988,0.0,,235.3090852725995,,75.38048780487806,,
United Kingdom,GBR,1989,0.009,,235.92241970818006,,75.58292682926832,,
United Kingdom,GBR,2025,85.83999634,,,,,,
United States,USA,1960,,,,,69.77073170731707,,
United States,USA,1961,,,20.055879706866282,,70.27073170731708,,
United States,USA,1962,,,20.366722859363946,,70.11951219512196,,
United States,USA,1963,,,20.66195288548045,,69.91707317073171,,
United States,USA,1964,,,20.95095949758488,,70.16585365853659,,
United States,USA,1965,0.0,,21.214526540131192,,70.21463414634147,,
United States,USA,1966,0.0,,21.46095189846882,,70.21219512195123,,
United States,USA,1967,0.0,,21.6959130731,,70.56097560975611,,
United States,USA,1968,0.0,,21.91362338082053,,69.95121951219512,,
United States,USA,1969,0.0,,22.128822486395837,,70.50731707317075,,
United States,USA,1970,0.0,,22.38813140356547,,70.80731707317074,,
United States,USA,1971,0.0,,22.672989072995186,,71.10731707317075,,
United States,USA,1972,0.0,,22.91701241188956,,71.15609756097562,,
United States,USA,1973,0.0,,23.136797190947444,,71.35609756097561,,
United States,USA,1974,0.0,,23.34915754627163,,71.9560975609756,,
United States,USA,1975,0.0,,23.580515691737926,,72.60487804878048,,
United States,USA,1976,0.0,,23.80565042319215,,72.85609756097561,,
United States,USA,1977,0.0,,24.046289098325573,,73.25609756097562,,
United States,USA,1978,0.0,,24.30243171713819,,73.35609756097561,,
United States,USA,1979,0.0,,24.57211299099461,,73.8048780487805,,
United States,USA,1980,0.0,,24.809039454261182,,73.60975609756099,,
United States,USA,1981,0.0,,25.053717889367352,,74.009756097561,,
United States,USA,1982,0.0,,25.293701468288976,,74.3609756097561,,
United States,USA,1983,0.00269495,,25.52604225807297,,74.46341463414633,,
United States,USA,1984,0.006555555,,25.748010691170176,,74.56341463414635,,
United States,USA,1985,0.005820202,,25.97718518259715,,74.56341463414635,,
United States,USA,1986,0.004231313,,26.218369771240404,,74.61463414634147,,
United States,USA,1987,0.003576768,,26.453767676679448,,74.7658536585366,,
United States,USA,1988,0.000879798,,26.695061448024667,,74.7658536585366,,
United States,USA,1989,2.133376837,,26.948365316586163,,75.01707317073172,,
United States,USA,2025,464.3900146,,,,,,
United States Virgin Islands,VIR,1980,0.0,,284.6742857142857,,68.6948780487805,,
United States Virgin Islands,VIR,1981,0.0,,285.2942857142857,,68.87046341463414,,
United States Virgin Islands,VIR,1982,0.0,,285.9085714285714,,69.07865853658537,,
United States Virgin Islands,VIR,1983,0.0,,286.7085714285714,,69.30939024390244,,
United States Virgin Islands,VIR,1984,0.0,,287.42857142857144,,69.5030487804878,,
United States Virgin Islands,VIR,1985,0.0,,287.8857142857143,,69.64709756097561,,
United States Virgin Islands,VIR,1986,0.0,,288.12,,69.94,,
United States Virgin Islands,VIR,1987,0.0,,288.2885714285714,,70.17465853658537,,
United States Virgin Islands,VIR,1988,0.0,,288.4342857142857,,70.39241463414635,,
United States Virgin Islands,VIR,1989,0.0,,288.68857142857144,,70.5269512195122,,
United States Virgin Islands,VIR,1990,0.0,,297.03714285714284,0.0,70.6799756097561,0.0,
United States Virgin Islands,VIR,1991,0.0,,299.4485714285714,,70.8079268292683,,
United States Virgin Islands,VIR,1992,0.0,,302.0342857142857,,70.96260975609756,,
United States Virgin Islands,VIR,1993,0.0,,304.50857142857143,,71.07826829268292,,
United States Virgin Islands,VIR,1994,0.0,,306.62285714285713,0.941,71.22463414634146,0.941,
United States Virgin Islands,VIR,1995,0.0,,308.0514285714286,2.8,71.16660975609757,2.8,
United States Virgin Islands,VIR,1996,0.0,,308.84285714285716,4.65,71.57551219512196,4.65,
United States Virgin Islands,VIR,1997,0.0,,309.5914285714286,6.95,70.91521951219512,6.95,
United States Virgin Islands,VIR,1998,0.0,,310.10571428571427,9.25,71.24626829268293,9.25,
United States Virgin Islands,VIR,1999,0.0,,310.28285714285715,11.1,71.11160975609756,11.1,
United States Virgin Islands,VIR,2000,0.0,,310.4057142857143,13.8150805419196,76.61951219512196,13.8150805419196,
United States Virgin Islands,VIR,2001,0.0,,310.14,18.3757660397468,77.6219512195122,18.3757660397468,
United States Virgin Islands,VIR,2002,0.0,,310.0257142857143,27.4944323774436,77.5219512195122,27.4944323774436,
United States Virgin Islands,VIR,2003,0.0,,310.01428571428573,27.4290729887632,77.5219512195122,27.4290729887632,
Uruguay,URY,1980,0.0,,16.866375271397555,,70.505,,
Uruguay,URY,1981,0.0,,16.930899325791337,,70.952,,
Uruguay,URY,1982,0.0,,17.00086847217461,,71.528,,
Uruguay,URY,1983,0.0,,17.076779796594675,,71.595,,
Uruguay,URY,1984,0.0,,17.15511370129128,,71.708,,
Uruguay,URY,1985,0.0,,17.23824134384642,,71.861,,
Uruguay,URY,1986,0.0,,17.328562450005712,,72.187,,
Uruguay,URY,1987,0.0,,17.425985601645525,,72.196,,
Uruguay,URY,1988,0.0,,17.529202376871215,,72.408,,
Uruguay,URY,1989,0.0,,17.633727573991543,,72.628,,
Uruguay,URY,2025,4.849999905,,,,,,
Uzbekistan,UZB,1985,0.0,,,,64.574,,
Uzbekistan,UZB,1986,0.0,,,,65.027,,
Uzbekistan,UZB,1987,0.0,,,,65.486,,
Uzbekistan,UZB,1988,0.0,,,,65.757,,
Uzbekistan,UZB,1989,0.0,,,,65.844,,
Uzbekistan,UZB,2025,4.0,,,,,,
Vanuatu,VUT,1980,0.0,,9.488105004101723,,61.322,,
Vanuatu,VUT,1981,0.0,,9.700492206726825,,61.95,,
Vanuatu,VUT,1982,0.0,,9.92904019688269,,62.54,,
Vanuatu,VUT,1983,0.0,,10.1721082854799,,63.075,,
Vanuatu,VUT,1984,0.0,,10.427317473338801,,63.519,,
Vanuatu,VUT,1985,0.0,,10.693683347005742,,63.927,,
Vanuatu,VUT,1986,0.0,,10.969647251845775,,64.618,,
Vanuatu,VUT,1987,0.0,,11.25406070549631,,64.439,,
Vanuatu,VUT,1988,0.0,,11.546841673502872,,65.699,,
Vanuatu,VUT,1989,0.0,,11.845200984413454,,66.023,,
Venezuela,VEN,1960,0.0,,,,58.376,,
Venezuela,VEN,1961,0.0,,9.586661753868828,,59.115,,
Venezuela,VEN,1962,0.0,,9.927861232356442,,59.667,,
Venezuela,VEN,1963,0.0,,10.276085255937872,,60.502,,
Venezuela,VEN,1964,0.0,,10.631723825179979,,61.168,,
Venezuela,VEN,1965,0.0,,10.994603480528315,,61.909,,
Venezuela,VEN,1966,0.0,,11.365403321807154,,62.894,,
Venezuela,VEN,1967,0.0,,11.743680063488464,,63.55,,
Venezuela,VEN,1968,0.0,,12.128031290743156,,63.908,,
Venezuela,VEN,1969,0.0,,12.516614704381837,,63.84,,
Venezuela,VEN,1970,0.0,,12.910594637492206,,64.816,,
Venezuela,VEN,1971,0.0,,13.311045859078284,,65.184,,
Venezuela,VEN,1972,0.0,,13.717113542316195,,65.555,,
Venezuela,VEN,1973,0.0,,14.130193299699563,,65.74,,
Venezuela,VEN,1974,0.0,,14.551727226347714,,66.223,,
Venezuela,VEN,1975,0.0,,14.983155149934811,,66.686,,
Venezuela,VEN,1976,0.0,,15.425751374638626,,67.266,,
Venezuela,VEN,1977,0.0,,15.879839011393912,,67.726,,
Venezuela,VEN,1978,0.0,,16.344520151918825,,68.108,,
Venezuela,VEN,1979,0.0,,16.818266538178108,,68.226,,
Venezuela,VEN,1980,0.0,,17.298586247945128,,68.179,,
Venezuela,VEN,1981,0.0,,17.785042798027323,,68.697,,
Venezuela,VEN,1982,0.0,,18.27773255484383,,68.985,,
Venezuela,VEN,1983,0.0,,18.77694575137464,,69.541,,
Venezuela,VEN,1984,0.0,,19.283307068760273,,69.672,,
Venezuela,VEN,1985,0.0,,19.796421971543563,,69.961,,
Venezuela,VEN,1986,0.0,,20.320317442321866,,70.528,,
Venezuela,VEN,1987,0.0,,20.85478487614081,,70.673,,
Venezuela,VEN,1988,0.0,,21.39450144549629,,70.762,,
Venezuela,VEN,1989,0.0,,21.936308599285756,,70.805,,
Vietnam,VNM,1960,0.0,,,,58.046,,
Vietnam,VNM,1961,0.0,,102.64235153153707,,58.461,,
Vietnam,VNM,1962,0.0,,105.34443454484008,,58.204,,
Vietnam,VNM,1963,0.0,,108.29549602138314,,56.897,,
Vietnam,VNM,1964,0.0,,111.22173645887739,,57.473,,
Vietnam,VNM,1965,0.0,,114.07310823681219,,56.967,,
Vietnam,VNM,1966,0.0,,116.8233617008203,,56.914,,
Vietnam,VNM,1967,0.0,,119.49700451626778,,56.745,,
Vietnam,VNM,1968,0.0,,122.07628191342285,,52.668,,
Vietnam,VNM,1969,0.0,,124.68000860241482,,54.791,,
Vietnam,VNM,1970,0.0,,127.42397615902178,,54.93,,
Vietnam,VNM,1971,0.0,,130.41652892561984,,55.585,,
Vietnam,VNM,1972,0.0,,133.42704230544717,,51.913,,
Vietnam,VNM,1973,0.0,,136.44001659037144,,55.677,,
Vietnam,VNM,1974,0.0,,139.52360133951888,,54.751,,
Vietnam,VNM,1975,0.0,,142.8090048849427,,61.865,,
Vietnam,VNM,1976,0.0,,146.50198469999077,,63.669,,
Vietnam,VNM,1977,0.0,,150.4036130142247,,64.07,,
Vietnam,VNM,1978,0.0,,154.3812467356908,,64.529,,
Vietnam,VNM,1979,0.0,,157.84881563181665,,64.986,,
Vietnam,VNM,1980,0.0,,161.26486528003932,,65.338,,
Vietnam,VNM,1981,0.0,,165.0992073489201,,65.779,,
Vietnam,VNM,1982,0.0,,169.01068850041477,,66.212,,
Vietnam,VNM,1983,0.0,,173.08648806414945,,66.545,,
Vietnam,VNM,1984,0.0,,177.2898307167655,,66.929,,
Vietnam,VNM,1985,0.0,,181.4514178622999,,67.192,,
Vietnam,VNM,1986,0.0,,185.4036928937909,,67.55,,
Vietnam,VNM,1987,0.0,,189.20596946142737,,68.005,,
Vietnam,VNM,1988,0.0,,193.07268426065318,,68.585,,
Vietnam,VNM,1989,0.0,,197.07932040922915,,68.805,,
Vietnam,VNM,2025,14.36999989,,,,,,
Yemen,YEM,1980,0.0,,18.075568687614826,,50.608,,
Yemen,YEM,1981,0.0,,18.71765820027653,,51.679,,
Yemen,YEM,1982,0.0,,19.39694679621948,,52.367,,
Yemen,YEM,1983,0.0,,20.117618425289315,,53.618,,
Yemen,YEM,1984,0.0,,20.882999034036025,,54.586,,
Yemen,YEM,1985,0.0,,21.69408299713999,,55.418,,
Yemen,YEM,1986,0.0,,22.541129230827508,,54.002,,
Yemen,YEM,1987,0.0,,23.429194840615946,,56.828,,
Yemen,YEM,1988,0.0,,24.356891490046785,,57.43,,
Yemen,YEM,1989,0.0,,25.312373809117943,,58.025,,
Zambia,ZMB,1960,0.0,,,,50.648,,
Zambia,ZMB,1961,0.0,,4.377360470278051,,51.041,,
Zambia,ZMB,1962,0.0,,4.517277606639853,,51.331,,
Zambia,ZMB,1963,0.0,,4.662299734997781,,51.605,,
Zambia,ZMB,1964,0.0,,4.8117636772084635,,51.17,,
Zambia,ZMB,1965,0.0,,4.966553222400086,,52.079,,
Zambia,ZMB,1966,0.0,,5.127864243533004,,52.29,,
Zambia,ZMB,1967,0.0,,5.29512503531121,,52.512,,
Zambia,ZMB,1968,0.0,,5.468990704744481,,52.719,,
Zambia,ZMB,1969,0.0,,5.645913988619702,,53.044,,
Zambia,ZMB,1970,0.0,,5.813527219898035,,53.404,,
Zambia,ZMB,1971,0.0,,5.976035459180242,,53.887,,
Zambia,ZMB,1972,0.0,,6.1465838927077305,,54.375,,
Zambia,ZMB,1973,0.0,,6.326010573185004,,54.913,,
Zambia,ZMB,1974,0.0,,6.514408318648354,,55.377,,
Zambia,ZMB,1975,0.0,,6.712608455857625,,55.742,,
Zambia,ZMB,1976,0.0,,6.919439325253232,,56.102,,
Zambia,ZMB,1977,0.0,,7.132837407013815,,56.281,,
Zambia,ZMB,1978,0.0,,7.351960612868077,,56.335,,
Zambia,ZMB,1979,0.0,,7.575738172426317,,56.05,,
Zambia,ZMB,1980,0.0,,7.80590672459947,,55.496,,
Zambia,ZMB,1981,0.0,,8.048654138473749,,54.986,,
Zambia,ZMB,1982,0.0,,8.311434105920176,,54.361,,
Zambia,ZMB,1983,0.0,,8.583701690902487,,53.674,,
Zambia,ZMB,1984,0.0,,8.852002313724963,,52.877,,
Zambia,ZMB,1985,0.0,,9.121662922557473,,52.001,,
Zambia,ZMB,1986,0.0,,9.398123461440159,,51.149,,
Zambia,ZMB,1987,0.0,,9.673632951748074,,50.421,,
Zambia,ZMB,1988,0.0,,9.942883277956389,,49.674,,
Zambia,ZMB,1989,0.0,,10.208929364129192,,48.882,,
Zimbabwe,ZWE,1960,0.0,,,,53.492,,
Zimbabwe,ZWE,1961,0.0,,10.160012924906294,,53.966,,
Zimbabwe,ZWE,1962,0.0,,10.484578001809487,,54.453,,
Zimbabwe,ZWE,1963,0.0,,10.820413597001421,,54.942,,
Zimbabwe,ZWE,1964,0.0,,11.167134548274525,,55.431,,
Zimbabwe,ZWE,1965,0.0,,11.525040713454828,,55.905,,
Zimbabwe,ZWE,1966,0.0,,11.89405971306708,,56.359,,
Zimbabwe,ZWE,1967,0.0,,12.274284606436604,,56.766,,
Zimbabwe,ZWE,1968,0.0,,12.667545560294688,,57.145,,
Zimbabwe,ZWE,1969,0.0,,13.075303089052605,,57.481,,
Zimbabwe,ZWE,1970,0.0,,13.483050277885486,,57.761,,
Zimbabwe,ZWE,1971,0.0,,13.893529791909009,,57.996,,
Zimbabwe,ZWE,1972,0.0,,14.327116453405713,,58.175,,
Zimbabwe,ZWE,1973,0.0,,14.787137133255785,,58.087,,
Zimbabwe,ZWE,1974,0.0,,15.272917151350653,,58.194,,
Zimbabwe,ZWE,1975,0.0,,15.764916634354401,,58.249,,
Zimbabwe,ZWE,1976,0.0,,16.25204859764767,,57.628,,
Zimbabwe,ZWE,1977,0.0,,16.671867648959545,,56.996,,
Zimbabwe,ZWE,1978,0.0,,16.915018741114128,,54.73,,
Zimbabwe,ZWE,1979,0.0,,17.183807677394338,,54.918,,
Zimbabwe,ZWE,1980,0.0,,18.201636293136875,,59.062,,
Zimbabwe,ZWE,1981,0.0,,19.383830942225668,,59.446,,
Zimbabwe,ZWE,1982,0.0,,20.153796044978673,,59.859,,
Zimbabwe,ZWE,1983,0.0,,20.93422256688639,,59.989,,
Zimbabwe,ZWE,1984,0.0,,21.691839214165697,,60.622,,
Zimbabwe,ZWE,1985,0.0,,22.455248804446168,,60.901,,
Zimbabwe,ZWE,1986,0.0,,23.21979578648055,,60.982,,
Zimbabwe,ZWE,1987,0.0,,24.00063073542717,,60.724,,
Zimbabwe,ZWE,1988,0.0,,24.772118392141657,,60.241,,
Zimbabwe,ZWE,1989,0.0,,25.500317952694843,,59.446,,
United Arab Emirates,ARE,1925,0.0,,,,,,
United Arab Emirates,ARE,1926,0.0,,,,,,
United Arab Emirates,ARE,1927,0.0,,,,,,
United Arab Emirates,ARE,1928,0.0,,,,,,
United Arab Emirates,ARE,1929,0.0,,,,,,
United Arab Emirates,ARE,1930,0.0,,,,,,
United Arab Emirates,ARE,1931,0.0,,,,,,
United Arab Emirates,ARE,1932,0.0,,,,,,
United Arab Emirates,ARE,1933,0.0,,,,,,
United Arab Emirates,ARE,1934,0.0,,,,,,
United Arab Emirates,ARE,1935,0.0,,,,,,
United Arab Emirates,ARE,1936,0.0,,,,,,
United Arab Emirates,ARE,1937,0.0,,,,,,
United Arab Emirates,ARE,1938,0.0,,,,,,
United Arab Emirates,ARE,1939,0.0,,,,,,
United Arab Emirates,ARE,1940,0.0,,,,,,
United Arab Emirates,ARE,1941,0.0,,,,,,
United Arab Emirates,ARE,1942,0.0,,,,,,
United Arab Emirates,ARE,1943,0.0,,,,,,
United Arab Emirates,ARE,1944,0.0,,,,,,
United Arab Emirates,ARE,1945,0.0,,,,,,
United Arab Emirates,ARE,1946,0.0,,,,,,
United Arab Emirates,ARE,1947,0.0,,,,,,
United Arab Emirates,ARE,1948,0.0,,,,,,
United Arab Emirates,ARE,1949,0.0,,,,,,
United Arab Emirates,ARE,1950,0.0,,,,,,
United Arab Emirates,ARE,1951,0.0,,,,,,
United Arab Emirates,ARE,1952,0.0,,,,,,
United Arab Emirates,ARE,1953,0.0,,,,,,
United Arab Emirates,ARE,1954,0.0,,,,,,
United Arab Emirates,ARE,1955,0.0,,,,,,
United Arab Emirates,ARE,1956,0.0,,,,,,
United Arab Emirates,ARE,1957,0.0,,,,,,
United Arab Emirates,ARE,1958,0.0,,,,,,
United Arab Emirates,ARE,1959,0.0,,,,,,
United Kingdom,GBR,1900,,,,,,,
United Kingdom,GBR,1901,,,,,,,
United Kingdom,GBR,1902,,,,,,,
United Kingdom,GBR,1903,,,,,,,
United Kingdom,GBR,1904,,,,,,,
United Kingdom,GBR,1905,,,,,,,
United Kingdom,GBR,1906,,,,,,,
United Kingdom,GBR,1907,,,,,,,
United Kingdom,GBR,1908,,,,,,,
United Kingdom,GBR,1909,,,,,,,
United Kingdom,GBR,1910,,,,,,,
United Kingdom,GBR,1911,,,,,,,
United Kingdom,GBR,1912,,,,,,,
United Kingdom,GBR,1913,,,,,,,
United Kingdom,GBR,1914,,,,,,,
United Kingdom,GBR,1915,,,,,,,
United Kingdom,GBR,1916,,,,,,,
United Kingdom,GBR,1917,,,,,,,
United Kingdom,GBR,1918,,,,,,,
United Kingdom,GBR,1919,,,,,,,
United Kingdom,GBR,1920,,,,,,,
United Kingdom,GBR,1921,,,,,,,
United Kingdom,GBR,1922,,,,,,,
United Kingdom,GBR,1923,,,,,,,
United Kingdom,GBR,1924,,,,,,,
United Kingdom,GBR,1925,,,,,,,
United Kingdom,GBR,1926,,,,,,,
United Kingdom,GBR,1927,,,,,,,
United Kingdom,GBR,1928,,,,,,,
United Kingdom,GBR,1929,,,,,,,
United Kingdom,GBR,1930,,,,,,,
United Kingdom,GBR,1931,,,,,,,
United Kingdom,GBR,1932,,,,,,,
United Kingdom,GBR,1933,,,,,,,
United Kingdom,GBR,1934,,,,,,,
United Kingdom,GBR,1935,,,,,,,
United Kingdom,GBR,1936,,,,,,,
United Kingdom,GBR,1937,,,,,,,
United Kingdom,GBR,1938,,,,,,,
United Kingdom,GBR,1939,,,,,,,
United Kingdom,GBR,1940,,,,,,,
United Kingdom,GBR,1941,,,,,,,
United Kingdom,GBR,1942,,,,,,,
United Kingdom,GBR,1943,,,,,,,
United Kingdom,GBR,1944,,,,,,,
United Kingdom,GBR,1945,,,,,,,
United Kingdom,GBR,1946,,,,,,,
United Kingdom,GBR,1947,,,,,,,
United Kingdom,GBR,1948,,,,,,,
United Kingdom,GBR,1949,,,,,,,
United Kingdom,GBR,1950,,,,,,,
United Kingdom,GBR,1951,,,,,,,
United Kingdom,GBR,1952,,,,,,,
United Kingdom,GBR,1953,,,,,,,
United Kingdom,GBR,1954,,,,,,,
United Kingdom,GBR,1955,,,,,,,
United Kingdom,GBR,1956,,,,,,,
United Kingdom,GBR,1957,,,,,,,
United Kingdom,GBR,1958,,,,,,,
United Kingdom,GBR,1959,,,,,,,
United States,USA,1900,,,,,,,
United States,USA,1901,,,,,,,
United States,USA,1902,,,,,,,
United States,USA,1903,,,,,,,
United States,USA,1904,,,,,,,
United States,USA,1905,,,,,,,
United States,USA,1906,,,,,,,
United States,USA,1907,,,,,,,
United States,USA,1908,,,,,,,
United States,USA,1909,,,,,,,
United States,USA,1910,,,,,,,
United States,USA,1911,,,,,,,
United States,USA,1912,,,,,,,
United States,USA,1913,,,,,,,
United States,USA,1914,,,,,,,
United States,USA,1915,,,,,,,
United States,USA,1916,,,,,,,
United States,USA,1917,,,,,,,
United States,USA,1918,,,,,,,
United States,USA,1919,,,,,,,
United States,USA,1920,,,,,,,
United States,USA,1921,,,,,,,
United States,USA,1922,,,,,,,
United States,USA,1923,,,,,,,
United States,USA,1924,,,,,,,
United States,USA,1925,,,,,,,
United States,USA,1926,,,,,,,
United States,USA,1927,,,,,,,
United States,USA,1928,,,,,,,
United States,USA,1929,,,,,,,
United States,USA,1930,,,,,,,
United States,USA,1931,,,,,,,
United States,USA,1932,,,,,,,
United States,USA,1933,,,,,,,
United States,USA,1934,,,,,,,
United States,USA,1935,,,,,,,
United States,USA,1936,,,,,,,
United States,USA,1937,,,,,,,
United States,USA,1938,,,,,,,
United States,USA,1939,,,,,,,
United States,USA,1940,,,,,,,
United States,USA,1941,,,,,,,
United States,USA,1942,,,,,,,
United States,USA,1943,,,,,,,
United States,USA,1944,,,,,,,
United States,USA,1945,,,,,,,
United States,USA,1946,,,,,,,
United States,USA,1947,,,,,,,
United States,USA,1948,,,,,,,
United States,USA,1949,,,,,,,
United States,USA,1950,,,,,,,
United States,USA,1951,,,,,,,
United States,USA,1952,,,,,,,
United States,USA,1953,,,,,,,
United States,USA,1954,,,,,,,
United States,USA,1955,,,,,,,
United States,USA,1956,,,,,,,
United States,USA,1957,,,,,,,
United States,USA,1958,,,,,,,
United States,USA,1959,,,,,,,
Venezuela,VEN,1900,0.0,,,,,,
Venezuela,VEN,1901,0.0,,,,,,
Venezuela,VEN,1902,0.0,,,,,,
Venezuela,VEN,1903,0.0,,,,,,
Venezuela,VEN,1904,0.0,,,,,,
Venezuela,VEN,1905,0.0,,,,,,
Venezuela,VEN,1906,0.0,,,,,,
Venezuela,VEN,1907,0.0,,,,,,
Venezuela,VEN,1908,0.0,,,,,,
Venezuela,VEN,1909,0.0,,,,,,
Venezuela,VEN,1910,0.0,,,,,,
Venezuela,VEN,1911,0.0,,,,,,
Venezuela,VEN,1912,0.0,,,,,,
Venezuela,VEN,1913,0.0,,,,,,
Venezuela,VEN,1914,0.0,,,,,,
Venezuela,VEN,1915,0.0,,,,,,
Venezuela,VEN,1916,0.0,,,,,,
Venezuela,VEN,1917,0.0,,,,,,
Venezuela,VEN,1918,0.0,,,,,,
Venezuela,VEN,1919,0.0,,,,,,
Venezuela,VEN,1920,0.0,,,,,,
Venezuela,VEN,1921,0.0,,,,,,
Venezuela,VEN,1922,0.0,,,,,,
Venezuela,VEN,1923,0.0,,,,,,
Venezuela,VEN,1924,0.0,,,,,,
Venezuela,VEN,1925,0.0,,,,,,
Venezuela,VEN,1926,0.0,,,,,,
Venezuela,VEN,1927,0.0,,,,,,
Venezuela,VEN,1928,0.0,,,,,,
Venezuela,VEN,1929,0.0,,,,,,
Venezuela,VEN,1930,0.0,,,,,,
Venezuela,VEN,1931,0.0,,,,,,
Venezuela,VEN,1932,0.0,,,,,,
Venezuela,VEN,1933,0.0,,,,,,
Venezuela,VEN,1934,0.0,,,,,,
Venezuela,VEN,1935,0.0,,,,,,
Venezuela,VEN,1936,0.0,,,,,,
Venezuela,VEN,1937,0.0,,,,,,
Venezuela,VEN,1938,0.0,,,,,,
Venezuela,VEN,1939,0.0,,,,,,
Venezuela,VEN,1940,0.0,,,,,,
Venezuela,VEN,1941,0.0,,,,,,
Venezuela,VEN,1942,0.0,,,,,,
Venezuela,VEN,1943,0.0,,,,,,
Venezuela,VEN,1944,0.0,,,,,,
Venezuela,VEN,1945,0.0,,,,,,
Venezuela,VEN,1946,0.0,,,,,,
Venezuela,VEN,1947,0.0,,,,,,
Venezuela,VEN,1948,0.0,,,,,,
Venezuela,VEN,1949,0.0,,,,,,
Venezuela,VEN,1950,0.0,,,,,,
Venezuela,VEN,1951,0.0,,,,,,
Venezuela,VEN,1952,0.0,,,,,,
Venezuela,VEN,1953,0.0,,,,,,
Venezuela,VEN,1954,0.0,,,,,,
Venezuela,VEN,1955,0.0,,,,,,
Venezuela,VEN,1956,0.0,,,,,,
Venezuela,VEN,1957,0.0,,,,,,
Venezuela,VEN,1958,0.0,,,,,,
Venezuela,VEN,1959,0.0,,,,,,
Vietnam,VNM,1900,0.0,,,,,,
Vietnam,VNM,1901,0.0,,,,,,
Vietnam,VNM,1902,0.0,,,,,,
Vietnam,VNM,1903,0.0,,,,,,
Vietnam,VNM,1904,0.0,,,,,,
Vietnam,VNM,1905,0.0,,,,,,
Vietnam,VNM,1906,0.0,,,,,,
Vietnam,VNM,1907,0.0,,,,,,
Vietnam,VNM,1908,0.0,,,,,,
Vietnam,VNM,1909,0.0,,,,,,
Vietnam,VNM,1910,0.0,,,,,,
Vietnam,VNM,1911,0.0,,,,,,
Vietnam,VNM,1912,0.0,,,,,,
Vietnam,VNM,1913,0.0,,,,,,
Vietnam,VNM,1914,0.0,,,,,,
Vietnam,VNM,1915,0.0,,,,,,
Vietnam,VNM,1916,0.0,,,,,,
Vietnam,VNM,1917,0.0,,,,,,
Vietnam,VNM,1918,0.0,,,,,,
Vietnam,VNM,1919,0.0,,,,,,
Vietnam,VNM,1920,0.0,,,,,,
Vietnam,VNM,1921,0.0,,,,,,
Vietnam,VNM,1922,0.0,,,,,,
Vietnam,VNM,1923,0.0,,,,,,
Vietnam,VNM,1924,0.0,,,,,,
Vietnam,VNM,1925,0.0,,,,,,
Vietnam,VNM,1926,0.0,,,,,,
Vietnam,VNM,1927,0.0,,,,,,
Vietnam,VNM,1928,0.0,,,,,,
Vietnam,VNM,1929,0.0,,,,,,
Vietnam,VNM,1930,0.0,,,,,,
Vietnam,VNM,1931,0.0,,,,,,
Vietnam,VNM,1932,0.0,,,,,,
Vietnam,VNM,1933,0.0,,,,,,
Vietnam,VNM,1934,0.0,,,,,,
Vietnam,VNM,1935,0.0,,,,,,
Vietnam,VNM,1936,0.0,,,,,,
Vietnam,VNM,1937,0.0,,,,,,
Vietnam,VNM,1938,0.0,,,,,,
Vietnam,VNM,1939,0.0,,,,,,
Vietnam,VNM,1940,0.0,,,,,,
Vietnam,VNM,1941,0.0,,,,,,
Vietnam,VNM,1942,0.0,,,,,,
Vietnam,VNM,1943,0.0,,,,,,
Vietnam,VNM,1944,0.0,,,,,,
Vietnam,VNM,1945,0.0,,,,,,
Vietnam,VNM,1946,0.0,,,,,,
Vietnam,VNM,1947,0.0,,,,,,
Vietnam,VNM,1948,0.0,,,,,,
Vietnam,VNM,1949,0.0,,,,,,
Vietnam,VNM,1950,0.0,,,,,,
Vietnam,VNM,1951,0.0,,,,,,
Vietnam,VNM,1952,0.0,,,,,,
Vietnam,VNM,1953,0.0,,,,,,
Vietnam,VNM,1954,0.0,,,,,,
Vietnam,VNM,1955,0.0,,,,,,
Vietnam,VNM,1956,0.0,,,,,,
Vietnam,VNM,1957,0.0,,,,,,
Vietnam,VNM,1958,0.0,,,,,,
Vietnam,VNM,1959,0.0,,,,,,
West Germany,OWID_GFR,1980,,,,,,,
West Germany,OWID_GFR,1981,,,,,,,
West Germany,OWID_GFR,1982,,,,,,,
West Germany,OWID_GFR,1983,,,,,,,
West Germany,OWID_GFR,1984,,,,,,,
West Germany,OWID_GFR,1985,,,,,,,
West Germany,OWID_GFR,1986,,,,,,,
West Germany,OWID_GFR,1987,,,,,,,
West Germany,OWID_GFR,1988,,,,,,,
West Germany,OWID_GFR,1989,,,,,,,
West Germany,OWID_GFR,1990,,,,,,,
Western Sahara,ESH,1980,0.0,,,,,,
Western Sahara,ESH,1981,0.0,,,,,,
Western Sahara,ESH,1982,0.0,,,,,,
Western Sahara,ESH,1983,0.0,,,,,,
Western Sahara,ESH,1984,0.0,,,,,,
Western Sahara,ESH,1985,0.0,,,,,,
Western Sahara,ESH,1986,0.0,,,,,,
Western Sahara,ESH,1987,0.0,,,,,,
Western Sahara,ESH,1988,0.0,,,,,,
Western Sahara,ESH,1989,0.0,,,,,,
Western Sahara,ESH,1990,0.0,,,,,,
Western Sahara,ESH,1991,0.0,,,,,,
Western Sahara,ESH,1992,0.0,,,,,,
Western Sahara,ESH,1993,0.0,,,,,,
Western Sahara,ESH,1994,0.0,,,,,,
Western Sahara,ESH,1995,0.0,,,,,,
Western Sahara,ESH,1996,0.0,,,,,,
Western Sahara,ESH,1997,0.0,,,,,,
Western Sahara,ESH,1998,0.0,,,,,,
Western Sahara,ESH,1999,0.0,,,,,,
Western Sahara,ESH,2000,0.0,,,,,,
Western Sahara,ESH,2001,0.0,,,,,,
Western Sahara,ESH,2002,0.0,,,,,,
Western Sahara,ESH,2003,0.0,,,,,,
Western Sahara,ESH,2004,0.0,,,,,,
Western Sahara,ESH,2005,0.0,,,,,,
Western Sahara,ESH,2006,0.0,,,,,,
Western Sahara,ESH,2007,0.0,,,,,,
Western Sahara,ESH,2008,0.0,,,,,,
Western Sahara,ESH,2009,0.0,,,,,,
Western Sahara,ESH,2010,0.0,,,,,,
Western Sahara,ESH,2011,0.0,,,,,,
Western Sahara,ESH,2012,0.0,,,,,,
Western Sahara,ESH,2013,0.0,,,,,,
Western Sahara,ESH,2014,0.0,,,,,,
Western Sahara,ESH,2015,0.0,,,,,,
Western Sahara,ESH,2016,0.0,,,,,,
Western Sahara,ESH,2017,0.0,,,,,,
Western Sahara,ESH,2018,0.0,,,,,,
Western Sahara,ESH,2019,0.0,,,,,,
Western Sahara,ESH,2020,0.0,,,,,,
Western Sahara,ESH,2021,0.0,,,,,,
Western Sahara,ESH,2022,0.0,,,,,,
Western Sahara,ESH,2023,0.0,,,,,,
Yugoslavia,OWID_YUG,1900,,,,,,,
Yugoslavia,OWID_YUG,1901,,,,,,,
Yugoslavia,OWID_YUG,1902,,,,,,,
Yugoslavia,OWID_YUG,1903,,,,,,,
Yugoslavia,OWID_YUG,1904,,,,,,,
Yugoslavia,OWID_YUG,1905,,,,,,,
Yugoslavia,OWID_YUG,1906,,,,,,,
Yugoslavia,OWID_YUG,1907,,,,,,,
Yugoslavia,OWID_YUG,1908,,,,,,,
Yugoslavia,OWID_YUG,1909,,,,,,,
Yugoslavia,OWID_YUG,1910,,,,,,,
Yugoslavia,OWID_YUG,1911,,,,,,,
Yugoslavia,OWID_YUG,1912,,,,,,,
Yugoslavia,OWID_YUG,1913,,,,,,,
Yugoslavia,OWID_YUG,1914,,,,,,,
Yugoslavia,OWID_YUG,1915,,,,,,,
Yugoslavia,OWID_YUG,1916,,,,,,,
Yugoslavia,OWID_YUG,1917,,,,,,,
Yugoslavia,OWID_YUG,1918,,,,,,,
Yugoslavia,OWID_YUG,1919,,,,,,,
Yugoslavia,OWID_YUG,1920,,,,,,,
Yugoslavia,OWID_YUG,1921,,,,,,,
Yugoslavia,OWID_YUG,1922,,,,,,,
Yugoslavia,OWID_YUG,1923,,,,,,,
Yugoslavia,OWID_YUG,1924,,,,,,,
Yugoslavia,OWID_YUG,1925,,,,,,,
Yugoslavia,OWID_YUG,1926,,,,,,,
Yugoslavia,OWID_YUG,1927,,,,,,,
Yugoslavia,OWID_YUG,1928,,,,,,,
Yugoslavia,OWID_YUG,1929,,,,,,,
Yugoslavia,OWID_YUG,1930,,,,,,,
Yugoslavia,OWID_YUG,1931,,,,,,,
Yugoslavia,OWID_YUG,1932,,,,,,,
Yugoslavia,OWID_YUG,1933,,,,,,,
Yugoslavia,OWID_YUG,1934,,,,,,,
Yugoslavia,OWID_YUG,1935,,,,,,,
Yugoslavia,OWID_YUG,1936,,,,,,,
Yugoslavia,OWID_YUG,1937,,,,,,,
Yugoslavia,OWID_YUG,1938,,,,,,,
Yugoslavia,OWID_YUG,1939,,,,,,,
Yugoslavia,OWID_YUG,1940,,,,,,,
Yugoslavia,OWID_YUG,1941,,,,,,,
Yugoslavia,OWID_YUG,1942,,,,,,,
Yugoslavia,OWID_YUG,1943,,,,,,,
Yugoslavia,OWID_YUG,1944,,,,,,,
Yugoslavia,OWID_YUG,1945,,,,,,,
Yugoslavia,OWID_YUG,1946,,,,,,,
Yugoslavia,OWID_YUG,1947,,,,,,,
Yugoslavia,OWID_YUG,1948,,,,,,,
Yugoslavia,OWID_YUG,1949,,,,,,,
Yugoslavia,OWID_YUG,1950,,,,,,,
Yugoslavia,OWID_YUG,1951,,,,,,,
Yugoslavia,OWID_YUG,1952,,,,,,,
Yugoslavia,OWID_YUG,1953,,,,,,,
Yugoslavia,OWID_YUG,1954,,,,,,,
Yugoslavia,OWID_YUG,1955,,,,,,,
Yugoslavia,OWID_YUG,1956,,,,,,,
Yugoslavia,OWID_YUG,1957,,,,,,,
Yugoslavia,OWID_YUG,1958,,,,,,,
Yugoslavia,OWID_YUG,1959,,,,,,,
Yugoslavia,OWID_YUG,1960,,,,,,,
Yugoslavia,OWID_YUG,1961,,,,,,,
Yugoslavia,OWID_YUG,1962,,,,,,,
Yugoslavia,OWID_YUG,1963,,,,,,,
Yugoslavia,OWID_YUG,1964,,,,,,,
Yugoslavia,OWID_YUG,1965,,,,,,,
Yugoslavia,OWID_YUG,1966,,,,,,,
Yugoslavia,OWID_YUG,1967,,,,,,,
Yugoslavia,OWID_YUG,1968,,,,,,,
Yugoslavia,OWID_YUG,1969,,,,,,,
Yugoslavia,OWID_YUG,1970,,,,,,,
Yugoslavia,OWID_YUG,1971,,,,,,,
Yugoslavia,OWID_YUG,1972,,,,,,,
Yugoslavia,OWID_YUG,1973,,,,,,,
Yugoslavia,OWID_YUG,1974,,,,,,,
Yugoslavia,OWID_YUG,1975,,,,,,,
Yugoslavia,OWID_YUG,1976,,,,,,,
Yugoslavia,OWID_YUG,1977,,,,,,,
Yugoslavia,OWID_YUG,1978,,,,,,,
Yugoslavia,OWID_YUG,1979,,,,,,,
Yugoslavia,OWID_YUG,1980,,,,,,,
Yugoslavia,OWID_YUG,1981,,,,,,,
Yugoslavia,OWID_YUG,1982,,,,,,,
Yugoslavia,OWID_YUG,1983,,,,,,,
Yugoslavia,OWID_YUG,1984,,,,,,,
Yugoslavia,OWID_YUG,1985,,,,,,,
Yugoslavia,OWID_YUG,1986,,,,,,,
Yugoslavia,OWID_YUG,1987,,,,,,,
Yugoslavia,OWID_YUG,1988,,,,,,,
Yugoslavia,OWID_YUG,1989,,,,,,,
Yugoslavia,OWID_YUG,1990,,,,,,,
Yugoslavia,OWID_YUG,1991,,,,,,,
Zambia,ZMB,1900,0.0,,,,,,
Zambia,ZMB,1901,0.0,,,,,,
Zambia,ZMB,1902,0.0,,,,,,
Zambia,ZMB,1903,0.0,,,,,,
Zambia,ZMB,1904,0.0,,,,,,
Zambia,ZMB,1905,0.0,,,,,,
Zambia,ZMB,1906,0.0,,,,,,
Zambia,ZMB,1907,0.0,,,,,,
Zambia,ZMB,1908,0.0,,,,,,
Zambia,ZMB,1909,0.0,,,,,,
Zambia,ZMB,1910,0.0,,,,,,
Zambia,ZMB,1911,0.0,,,,,,
Zambia,ZMB,1912,0.0,,,,,,
Zambia,ZMB,1913,0.0,,,,,,
Zambia,ZMB,1914,0.0,,,,,,
Zambia,ZMB,1915,0.0,,,,,,
Zambia,ZMB,1916,0.0,,,,,,
Zambia,ZMB,1917,0.0,,,,,,
Zambia,ZMB,1918,0.0,,,,,,
Zambia,ZMB,1919,0.0,,,,,,
Zambia,ZMB,1920,0.0,,,,,,
Zambia,ZMB,1921,0.0,,,,,,
Zambia,ZMB,1922,0.0,,,,,,
Zambia,ZMB,1923,0.0,,,,,,
Zambia,ZMB,1924,0.0,,,,,,
Zambia,ZMB,1925,0.0,,,,,,
Zambia,ZMB,1926,0.0,,,,,,
Zambia,ZMB,1927,0.0,,,,,,
Zambia,ZMB,1928,0.0,,,,,,
Zambia,ZMB,1929,0.0,,,,,,
Zambia,ZMB,1930,0.0,,,,,,
Zambia,ZMB,1931,0.0,,,,,,
Zambia,ZMB,1932,0.0,,,,,,
Zambia,ZMB,1933,0.0,,,,,,
Zambia,ZMB,1934,0.0,,,,,,
Zambia,ZMB,1935,0.0,,,,,,
Zambia,ZMB,1936,0.0,,,,,,
Zambia,ZMB,1937,0.0,,,,,,
Zambia,ZMB,1938,0.0,,,,,,
Zambia,ZMB,1939,0.0,,,,,,
Zambia,ZMB,1940,0.0,,,,,,
Zambia,ZMB,1941,0.0,,,,,,
Zambia,ZMB,1942,0.0,,,,,,
Zambia,ZMB,1943,0.0,,,,,,
Zambia,ZMB,1944,0.0,,,,,,
Zambia,ZMB,1945,0.0,,,,,,
Zambia,ZMB,1946,0.0,,,,,,
Zambia,ZMB,1947,0.0,,,,,,
Zambia,ZMB,1948,0.0,,,,,,
Zambia,ZMB,1949,0.0,,,,,,
Zambia,ZMB,1950,0.0,,,,,,
Zambia,ZMB,1951,0.0,,,,,,
Zambia,ZMB,1952,0.0,,,,,,
Zambia,ZMB,1953,0.0,,,,,,
Zambia,ZMB,1954,0.0,,,,,,
Zambia,ZMB,1955,0.0,,,,,,
Zambia,ZMB,1956,0.0,,,,,,
Zambia,ZMB,1957,0.0,,,,,,
Zambia,ZMB,1958,0.0,,,,,,
Zambia,ZMB,1959,0.0,,,,,,
Zimbabwe,ZWE,1900,0.0,,,,,,
Zimbabwe,ZWE,1901,0.0,,,,,,
Zimbabwe,ZWE,1902,0.0,,,,,,
Zimbabwe,ZWE,1903,0.0,,,,,,
Zimbabwe,ZWE,1904,0.0,,,,,,
Zimbabwe,ZWE,1905,0.0,,,,,,
Zimbabwe,ZWE,1906,0.0,,,,,,
Zimbabwe,ZWE,1907,0.0,,,,,,
Zimbabwe,ZWE,1908,0.0,,,,,,
Zimbabwe,ZWE,1909,0.0,,,,,,
Zimbabwe,ZWE,1910,0.0,,,,,,
Zimbabwe,ZWE,1911,0.0,,,,,,
Zimbabwe,ZWE,1912,0.0,,,,,,
Zimbabwe,ZWE,1913,0.0,,,,,,
Zimbabwe,ZWE,1914,0.0,,,,,,
Zimbabwe,ZWE,1915,0.0,,,,,,
Zimbabwe,ZWE,1916,0.0,,,,,,
Zimbabwe,ZWE,1917,0.0,,,,,,
Zimbabwe,ZWE,1918,0.0,,,,,,
Zimbabwe,ZWE,1919,0.0,,,,,,
Zimbabwe,ZWE,1920,0.0,,,,,,
Zimbabwe,ZWE,1921,0.0,,,,,,
Zimbabwe,ZWE,1922,0.0,,,,,,
Zimbabwe,ZWE,1923,0.0,,,,,,
Zimbabwe,ZWE,1924,0.0,,,,,,
Zimbabwe,ZWE,1925,0.0,,,,,,
Zimbabwe,ZWE,1926,0.0,,,,,,
Zimbabwe,ZWE,1927,0.0,,,,,,
Zimbabwe,ZWE,1928,0.0,,,,,,
Zimbabwe,ZWE,1929,0.0,,,,,,
Zimbabwe,ZWE,1930,0.0,,,,,,
Zimbabwe,ZWE,1931,0.0,,,,,,
Zimbabwe,ZWE,1932,0.0,,,,,,
Zimbabwe,ZWE,1933,0.0,,,,,,
Zimbabwe,ZWE,1934,0.0,,,,,,
Zimbabwe,ZWE,1935,0.0,,,,,,
Zimbabwe,ZWE,1936,0.0,,,,,,
Zimbabwe,ZWE,1937,0.0,,,,,,
Zimbabwe,ZWE,1938,0.0,,,,,,
Zimbabwe,ZWE,1939,0.0,,,,,,
Zimbabwe,ZWE,1940,0.0,,,,,,
Zimbabwe,ZWE,1941,0.0,,,,,,
Zimbabwe,ZWE,1942,0.0,,,,,,
Zimbabwe,ZWE,1943,0.0,,,,,,
Zimbabwe,ZWE,1944,0.0,,,,,,
Zimbabwe,ZWE,1945,0.0,,,,,,
Zimbabwe,ZWE,1946,0.0,,,,,,
Zimbabwe,ZWE,1947,0.0,,,,,,
Zimbabwe,ZWE,1948,0.0,,,,,,
Zimbabwe,ZWE,1949,0.0,,,,,,
Zimbabwe,ZWE,1950,0.0,,,,,,
Zimbabwe,ZWE,1951,0.0,,,,,,
Zimbabwe,ZWE,1952,0.0,,,,,,
Zimbabwe,ZWE,1953,0.0,,,,,,
Zimbabwe,ZWE,1954,0.0,,,,,,
Zimbabwe,ZWE,1955,0.0,,,,,,
Zimbabwe,ZWE,1956,0.0,,,,,,
Zimbabwe,ZWE,1957,0.0,,,,,,
Zimbabwe,ZWE,1958,0.0,,,,,,
Zimbabwe,ZWE,1959,0.0,,,,,,
Bosnia and Herzegovina,BIH,2024,0.370000005,,,86.10091103,78.044,86.10091103,37.4735881
Botswana,BWA,2024,0.0,,,57.45950036,69.293,57.45950036,60.630097899999996
Brazil,BRA,2024,108.4899979,,,84.46347227,76.023,84.46347227,39.5782583
Brunei,BRN,2024,0.0,,,96.29828801,75.501,96.29828801,71.8648783
Bulgaria,BGR,2024,1.460000038,,,82.438955,75.7609756097561,82.438955,42.9964948
Burkina Faso,BFA,2024,0.0,,,28.25270081,61.292,28.25270081,42.7426883
Burundi,BDI,2024,0.0,,,8.595999718,63.818,8.595999718,18.251815999999998
Cambodia,KHM,2024,,,,68.47530365,70.817,68.47530365,22.8998654
Cameroon,CMR,2024,0.0,,,46.25880051,63.968,46.25880051,23.073412299999998
Canada,CAN,2024,46.83000183,,,94.353302,82.10804878048782,94.353302,80.8871678
Cape Verde,CPV,2024,0.079999998,,,74.73519897,76.224,74.73519897,66.8974053
Cayman Islands,CYM,1996,0.0,,142.2625,,73.74,,75.4363736
Cayman Islands,CYM,1998,0.0,,153.84166666666667,,74.08,,75.3459324
Cayman Islands,CYM,2000,0.0,,165.30833333333334,,74.378,,75.08150909999999
Cayman Islands,CYM,2002,0.0,,177.14166666666668,,74.609,,74.8943134
Cayman Islands,CYM,2003,0.0,,183.05833333333334,,74.639,,74.8304574
Cayman Islands,CYM,2004,0.0,,188.96666666666667,,74.596,,68.945039
Cayman Islands,CYM,2005,0.0,,194.95,38.0343830823064,74.863,38.0343830823064,74.7177667
Cayman Islands,CYM,2006,0.0,,200.96666666666667,44.5,75.0,44.5,74.8834153
Cayman Islands,CYM,2007,0.0,,207.02916666666667,52.0,75.152,52.0,74.7647595
Cayman Islands,CYM,2008,0.0,,213.12916666666666,61.0,75.386,61.0,65.3225552
Cayman Islands,CYM,2009,0.0,,219.24166666666667,64.5,75.671,64.5,68.7340129
Cayman Islands,CYM,2010,0.0,,225.4125,66.0,76.069,66.0,68.7420791
Cayman Islands,CYM,2011,0.0,,231.69166666666666,69.46594499,76.562,69.46594499,72.73452139999999
Cayman Islands,CYM,2012,0.0,,238.06666666666666,69.7,77.121,69.7,72.69254649999999
Cayman Islands,CYM,2013,0.0,,244.39583333333334,71.4,77.652,71.4,72.6957366
Cayman Islands,CYM,2014,0.0,,250.66666666666666,74.1,77.865,74.1,65.9705839
Cayman Islands,CYM,2015,0.0,,256.84166666666664,77.0,78.119,77.0,66.0039278
Cayman Islands,CYM,2016,0.0,,262.9166666666667,79.0,78.367,79.0,60.051167799999995
Cayman Islands,CYM,2017,0.0,,268.8958333333333,81.0676932508161,78.615,81.0676932508161,60.0319444
Cayman Islands,CYM,2018,0.0,,274.75416666666666,,78.835,,60.064640499999996
Cayman Islands,CYM,2019,0.0,,280.52916666666664,,79.052,,60.109690099999995
Cayman Islands,CYM,2020,0.0,,286.18333333333334,,79.23,,60.121009199999996
Cayman Islands,CYM,2021,0.0,,292.1166666666667,,79.3,,60.0989661
Cayman Islands,CYM,2022,0.0,,298.29583333333335,,79.984,,60.091397799999996
Cayman Islands,CYM,2023,0.0,,304.325,,80.358,,60.0653976
Cayman Islands,CYM,2024,0.0,,,,80.54,,60.0904465
Chad,TCD,2024,0.01,,,12.62689972,55.238,12.62689972,19.7006119
Chile,CHL,2024,10.43000031,,,95.590243,81.359,95.590243,70.2378516
China,CHN,2024,997.039978,,,92.0,78.017,92.0,49.649868999999995
Colombia,COL,2024,0.150000006,,,79.34543299,77.913,79.34543299,41.90949
Congo,COG,2024,0.0,,,47.25159836,66.001,47.25159836,19.0396064
Costa Rica,CRI,2024,1.24000001,,,87.17019653,80.996,87.17019653,61.6036307
Cote d'Ivoire,CIV,2024,0.0,,,41.43219902,62.11,41.43219902,42.0850347
Croatia,HRV,2024,2.680000067,,,83.63240029,78.92926829268293,83.63240029,50.8643651
Cook Islands,COK,2005,0.0,,,,,,56.130597099999996
Cook Islands,COK,2006,0.0,,,,,,56.9724526
Cook Islands,COK,2007,0.0,,,,,,62.6259355
Cook Islands,COK,2008,0.0,,,,,,62.7862282
Cook Islands,COK,2009,0.0,,,,,,47.601156499999995
Cook Islands,COK,2010,0.0,,,,,,51.2405055
Cook Islands,COK,2011,0.0,,,,,,51.1428502
Cook Islands,COK,2012,0.0,,,,,,44.5233765
Cook Islands,COK,2013,0.0,,,,,,44.5397823
Cook Islands,COK,2014,0.0,,,,,,44.3473744
Cook Islands,COK,2015,0.0,,,,,,44.5188546
Cook Islands,COK,2022,0.0,,,,,,50.4128554
Cook Islands,COK,2023,0.0,,,,,,50.1008747
Cook Islands,COK,2024,0.0,,,,,,56.6579619
Cuba,CUB,2024,0.07,,,70.47699738,78.264,70.47699738,43.2746338
Cyprus,CYP,2024,0.219999999,,,89.60099246,81.821,89.60099246,58.6330074
Czechia,CZE,2024,0.670000017,,,87.68776014,79.97804878048781,87.68776014,66.70103
Democratic Republic of Congo,COD,2024,0.0,,,19.67350006,62.074,19.67350006,17.1820286
Denmark,DNK,2024,20.40999985,,,99.76915157,82.25365853658538,99.76915157,94.15683369999999
Djibouti,DJI,2024,0.07,,,65.29889679,66.202,65.29889679,29.823470099999998
Dominican Republic,DOM,2024,1.299999952,,,91.0022446,73.868,91.0022446,42.480868099999995
East Timor,TLS,2024,0.0,,,,67.904,,40.213296
Ecuador,ECU,2024,0.230000004,,,77.17273115,77.579,77.17273115,32.1538699
Egypt,EGY,2024,6.139999866,,,74.64839935,71.806,74.64839935,31.1152849
El Salvador,SLV,2024,0.140000001,,,66.47769928,72.302,66.47769928,36.1837975
Equatorial Guinea,GNQ,2024,0.0,,,63.29930115,63.906,63.29930115,18.037099899999998
Eritrea,ERI,2024,0.0,,,,68.893,,14.7976467
Estonia,EST,2024,1.049999952,,,92.23796204,79.29512195121953,92.23796204,81.64444619999999
Eswatini,SWZ,2024,0.0,,,63.40309906,64.264,63.40309906,31.9619862
Ethiopia,ETH,2024,0.699999988,,,21.94129944,67.603,21.94129944,38.9918024
Fiji,FJI,2024,0.0,,,74.7052002,67.463,74.7052002,59.2444859
Finland,FIN,2024,20.47999954,,,93.72405196,82.33658536585368,93.72405196,92.226018
France,FRA,2024,45.43000031,,,88.65381638,82.98048780487807,88.65381638,72.5135486
French Polynesia,PYF,2021,0.0,,80.60847018150389,,79.571,,43.7336996
French Polynesia,PYF,2022,0.0,,80.77729760875829,,83.859,,43.644877699999995
French Polynesia,PYF,2023,0.0,,80.99049265341401,,84.07,,43.3397791
French Polynesia,PYF,2024,0.0,,,,84.192,,43.633724699999995
Gabon,GAB,2024,0.0,,,68.72090149,68.511,68.72090149,28.8930255
Gambia,GMB,2024,0.0,,,49.49430084,66.057,49.49430084,41.089531799999996
Georgia,GEO,2024,0.090000004,,,83.79855689,74.657,83.79855689,55.5685949
French Guiana,GUF,1996,,,,,,,65.962627
French Guiana,GUF,1998,,,,,,,65.87218779999999
French Guiana,GUF,2000,,,,,,,65.60776249999999
French Guiana,GUF,2002,,,,,,,65.4205688
French Guiana,GUF,2003,,,,,,,65.3567128
French Guiana,GUF,2004,,,,,,,61.2894861
French Guiana,GUF,2005,,,,,,,65.2440201
French Guiana,GUF,2006,,,,,,,65.4096687
French Guiana,GUF,2007,,,,,,,65.2910149
French Guiana,GUF,2008,,,,,,,65.3225552
French Guiana,GUF,2009,,,,,,,74.7136435
French Guiana,GUF,2010,,,,,,,74.7217077
French Guiana,GUF,2011,,,,,,,74.70150869999999
French Guiana,GUF,2012,,,,,,,74.6595318
French Guiana,GUF,2013,,,,,,,74.6627219
French Guiana,GUF,2014,,,,,,,71.9502146
French Guiana,GUF,2015,,,,,,,71.98355839999999
French Guiana,GUF,2016,,,,,,,72.0104271
French Guiana,GUF,2017,,,,,,,71.9912037
French Guiana,GUF,2018,,,,,,,72.0239019
French Guiana,GUF,2019,,,,,,,72.0689494
French Guiana,GUF,2020,,,,,,,72.0802685
French Guiana,GUF,2021,,,,,,,72.05822739999999
French Guiana,GUF,2022,,,,,,,72.0506571
French Guiana,GUF,2023,,,,,,,72.0246569
Germany,DEU,2024,141.6000061,,,93.49999579,80.79268292682927,93.49999579,83.7515919
Ghana,GHA,2024,0.0,,,72.17569733,65.695,72.17569733,43.9385075
Greece,GRC,2024,12.55000019,,,86.26968886,81.83902439024392,86.26968886,53.9208369
Greenland,GRL,2009,0.0,,0.1372225606042149,62.83,69.03219512195122,62.83,68.6140696
Greenland,GRL,2010,0.0,,0.13773663052746984,63.0,69.34975609756098,63.0,68.6265263
Greenland,GRL,2011,0.0,,0.1386039712510659,64.0,69.61463414634147,64.0,68.5953239
Greenland,GRL,2012,0.0,,0.13840906322329152,64.8960100995989,69.95951219512196,64.8960100995989,68.5304842
Greenland,GRL,2013,0.0,,0.13761237665976367,65.8,70.29170731707318,65.8,68.53541299999999
Greenland,GRL,2014,0.0,,0.13715434279449384,66.7,70.50829268292684,66.7,68.4776194
Greenland,GRL,2015,0.0,,0.13671336338165427,67.600443481006,70.90975609756099,67.600443481006,68.52912599999999
Greenland,GRL,2016,0.0,,0.13688878060665124,68.500873675421,71.19902439024392,68.500873675421,70.3103709
Greenland,GRL,2017,0.0,,0.13685467170179072,69.4824617821988,71.25634146341464,69.4824617821988,70.28131619999999
Greenland,GRL,2018,0.0,,0.1364916555000609,,71.36097560975611,,70.3307339
Greenland,GRL,2019,0.0,,0.13698379827019125,,71.40926829268294,,70.3988183
Greenland,GRL,2020,0.0,,0.1373297600194908,,71.2858536585366,,70.4159245
Greenland,GRL,2021,0.0,,0.13802655621878426,,71.26146341463416,,68.64446629999999
Greenland,GRL,2022,0.0,,0.1380460470215617,,71.23024390243903,,68.63277479999999
Greenland,GRL,2023,0.0,,0.1385430624923864,,70.97243902439024,,68.5926116
Greenland,GRL,2024,0.0,,,,70.27341463414635,,77.8679831
Grenada,GRD,2024,0.0,,,70.16159821,75.367,70.16159821,57.5505326
Guam,GUM,2004,0.0,,303.35185185185185,36.1617878387908,76.114,36.1617878387908,54.399488399999996
Guam,GUM,2005,0.0,,304.3796296296296,38.559877557558,76.427,38.559877557558,65.2440201
Guam,GUM,2006,0.0,,305.2574074074074,43.8514430048178,76.477,43.8514430048178,65.4096687
Guam,GUM,2007,0.0,,306.05,46.1504736192355,76.397,46.1504736192355,65.2910149
Guam,GUM,2008,0.0,,306.8388888888889,48.4187021509296,76.233,48.4187021509296,65.3225552
Guam,GUM,2009,0.0,,307.72777777777776,50.6420283820435,76.141,50.6420283820435,65.321444
Guam,GUM,2010,0.0,,308.3740740740741,54.04,76.095,54.04,65.3404832
Guam,GUM,2011,0.0,,308.412962962963,57.7,76.153,57.7,65.2927921
Guam,GUM,2012,0.0,,308.02037037037036,61.5341593079002,76.237,61.5341593079002,65.1936875
Guam,GUM,2013,0.0,,307.34444444444443,65.4,76.361,65.4,65.2012194
Guam,GUM,2014,0.0,,306.4555555555556,69.27,76.423,69.27,71.4287157
Guam,GUM,2015,0.0,,305.3796296296296,73.139999947043,76.444,73.139999947043,71.5074391
Guam,GUM,2016,0.0,,304.1351851851852,77.009999893206,76.449,77.009999893206,71.5708781
Guam,GUM,2017,0.0,,302.75925925925924,80.5054655600831,76.463,80.5054655600831,71.5254905
Guam,GUM,2018,0.0,,301.2574074074074,,76.561,,71.6026897
Guam,GUM,2019,0.0,,299.64444444444445,,76.645,,71.7090468
Guam,GUM,2020,0.0,,300.2925925925926,,75.529,,71.7357717
Guam,GUM,2021,0.0,,303.2037037037037,,75.434,,71.6837307
Guam,GUM,2022,0.0,,305.8888888888889,,77.102,,71.6658595
Guam,GUM,2023,0.0,,308.34444444444443,,77.209,,71.604473
Guam,GUM,2024,0.0,,,,77.422,,71.66361669999999
Guatemala,GTM,2024,0.370000005,,,60.22140121,72.746,60.22140121,28.660482599999998
Guinea,GIN,2024,0.0,,,33.30469894,60.904,33.30469894,24.0821006
Guinea-Bissau,GNB,2024,0.0,,,29.77739906,64.254,29.77739906,20.609331299999997
Guyana,GUY,2024,0.0,,,83.00080109,70.319,83.00080109,40.8333306
Haiti,HTI,2024,0.0,,,47.8614006,65.119,47.8614006,16.6757919
Honduras,HND,2024,0.75,,,58.62269974,73.044,58.62269974,22.6603858
Hong Kong,HKG,2024,0.0,,,95.75536971,85.39268292682928,95.75536971,79.6777038
Hungary,HUN,2024,0.689999998,,,93.77898628,76.72439024390246,93.77898628,48.653098899999996
Iceland,ISL,2024,0.01,,,98.209198,82.80975609756098,98.209198,84.87291019999999
India,IND,2024,81.54000092,,,64.9434967,72.235,64.9434967,41.876769599999996
Indonesia,IDN,2024,0.469999999,,,72.78075544,71.288,72.78075544,36.8309801
Iran,IRN,2024,1.25,,,85.3404007,77.854,85.3404007,24.632965799999997
Iraq,IRQ,2024,0.0,,,81.47450256,72.424,81.47450256,23.4634646
Ireland,IRL,2024,11.60000038,,,97.18769836,83.009756097561,97.18769836,79.686442
Israel,ISR,2024,0.460000008,,,88.18242225,83.19756097560976,88.18242225,65.1273135
Martinique,MTQ,1996,0.0,,,,,,65.962627
Martinique,MTQ,1998,0.0,,,,,,65.87218779999999
Martinique,MTQ,2000,0.0,,,,,,65.60776249999999
Martinique,MTQ,2002,0.0,,,,,,65.4205688
Martinique,MTQ,2003,0.0,,,,,,65.3567128
Martinique,MTQ,2004,0.0,,,,,,62.8205963
Martinique,MTQ,2005,0.0,,,,,,65.2440201
Martinique,MTQ,2006,0.0,,,,,,65.4096687
Martinique,MTQ,2007,0.0,,,,,,65.2910149
Martinique,MTQ,2008,0.0,,,,,,65.3225552
Martinique,MTQ,2009,0.0,,,,,,65.321444
Martinique,MTQ,2010,0.0,,,,,,65.3404832
Martinique,MTQ,2011,0.0,,,,,,65.2927921
Martinique,MTQ,2012,0.0,,,,,,65.1936875
Martinique,MTQ,2013,0.0,,,,,,65.2012194
Martinique,MTQ,2014,0.0,,,,,,71.4287157
Martinique,MTQ,2015,0.0,,,,,,71.5074391
Martinique,MTQ,2016,0.0,,,,,,71.5708781
Martinique,MTQ,2017,0.0,,,,,,71.5254905
Martinique,MTQ,2018,0.01,,,,,,71.6026897
Martinique,MTQ,2019,0.050000001,,,,,,71.7090468
Martinique,MTQ,2020,0.039999999,,,,,,59.104116999999995
Martinique,MTQ,2021,0.050000001,,,,,,59.052076
Martinique,MTQ,2022,0.039999999,,,,,,59.0342047
Martinique,MTQ,2023,0.029999999,,,,,,58.9728182
Morocco,MAR,2024,7.090000153,,,91.2,75.493,91.2,37.3557196
Mozambique,MOZ,2024,0.0,,,20.52729988,63.797,20.52729988,26.362155599999998
Myanmar,MMR,2024,0.0,,,,67.095,,22.4981317
Namibia,NAM,2024,0.02,,,64.87460327,67.516,64.87460327,50.4157905
Nauru,NRU,2024,0.0,,,83.01170349,62.279,83.01170349,58.0754604
Nepal,NPL,2024,0.01,,,46.32189941,70.636,46.32189941,35.0499922
Netherlands,NLD,2024,33.47999954,,,97.00679779,81.96585365853659,97.00679779,86.5164277
New Caledonia,NCL,2021,0.039999999,,15.602516411378556,,77.113,,50.5128284
New Caledonia,NCL,2022,0.039999999,,15.706947483588621,,77.698,,50.4240065
New Caledonia,NCL,2023,0.039999999,,15.85722100656455,,78.766,,50.118907899999996
New Caledonia,NCL,2024,0.039999999,,,,78.921,,50.412853399999996
New Zealand,NZL,2024,4.309999943,,,93.51930237,82.00975609756098,93.51930237,86.89146079999999
Nicaragua,NIC,2024,0.560000002,,,61.39550018,75.1,61.39550018,18.8549307
Niger,NER,2024,0.0,,,15.55760002,61.433,15.55760002,35.3675455
Nigeria,NGA,2024,0.0,,,41.21139908,54.635,41.21139908,25.293797299999998
North Korea,PRK,2024,0.0,,,,73.743,,16.3310097
North Macedonia,MKD,2024,0.170000002,,,93.6,76.61658536585368,93.6,41.1908811
Norway,NOR,2024,14.60000038,,,99.0,83.1609756097561,99.0,87.5486488
Oman,OMN,2024,0.100000001,,,95.25174678,80.246,95.25174678,58.122329699999995
Pakistan,PAK,2024,5.159999847,,,57.253,67.799,57.253,26.284968499999998
Palestine,PSE,2024,0.0,,,,69.213,,36.3001054
Panama,PAN,2024,0.959999979,,,72.77149963,79.775,72.77149963,36.6386167
Papua New Guinea,PNG,2024,0.0,,,18.81159973,66.256,18.81159973,31.7152136
Paraguay,PRY,2024,0.0,,,81.57806793,73.982,81.57806793,27.1095641
Netherlands Antilles,ANT,2004,,,,,,,58.227269899999996
Netherlands Antilles,ANT,2005,,,,,,,74.7177667
Netherlands Antilles,ANT,2006,,,,,,,74.8834153
Netherlands Antilles,ANT,2007,,,,,,,74.7647595
Netherlands Antilles,ANT,2008,,,,,,,74.7962998
Netherlands Antilles,ANT,2009,,,,,,,65.321444
Netherlands Antilles,ANT,2010,,,,,,,65.3404832
Netherlands Antilles,ANT,2011,,,,,,,65.2927921
Netherlands Antilles,ANT,2012,,,,,,,65.1936875
Netherlands Antilles,ANT,2013,,,,,,,65.2012194
Netherlands Antilles,ANT,2014,,,,,,,65.1128873
Netherlands Antilles,ANT,2015,,,,,,,65.1916107
Netherlands Antilles,ANT,2016,,,,,,,65.2550497
Netherlands Antilles,ANT,2017,,,,,,,65.2096621
Niue,NIU,2009,0.0,,,,,,40.971551999999996
Niue,NIU,2010,0.0,,,,,,41.0130248
Niue,NIU,2011,0.0,,,,,,40.9091392
Niue,NIU,2012,0.0,,,,,,40.693267299999995
Niue,NIU,2013,0.0,,,,,,40.7096751
Niue,NIU,2014,0.0,,,,,,40.517265099999996
Niue,NIU,2015,0.0,,,,,,40.6887453
Niue,NIU,2022,0.0,,,,,,37.8998323
Niue,NIU,2023,0.0,,,,,,37.5878515
Peru,PER,2024,2.089999914,,,81.95705992,77.941,81.95705992,33.273036499999996
Philippines,PHL,2024,1.5,,,67.26300914,69.946,67.26300914,36.1832247
Poland,POL,2024,25.88999939,,,88.58496367,78.40975609756099,88.58496367,63.9280835
Portugal,PRT,2024,14.34000015,,,88.48704454,82.3829268292683,88.48704454,64.5372586
Puerto Rico,PRI,1996,0.0,,419.9160090191657,0.268,73.995,0.268,56.488882399999994
Puerto Rico,PRI,1998,0.0,,426.2797068771139,2.65,74.556,2.65,56.3984412
Puerto Rico,PRI,2000,0.0,,429.60597519729424,10.4746482089399,75.514,10.4746482089399,65.60776249999999
Puerto Rico,PRI,2002,0.0,,431.082412626832,17.5476475654777,76.819,17.5476475654777,74.8943134
Puerto Rico,PRI,2003,0.0,,431.3523111612176,19.7070256578252,76.941,19.7070256578252,74.8304574
Puerto Rico,PRI,2004,0.0,,431.44058624577224,22.1307382347014,76.913,22.1307382347014,68.945039
Puerto Rico,PRI,2005,0.0,,430.81871476888386,23.4000504486583,76.703,23.4000504486583,74.7177667
Puerto Rico,PRI,2006,0.0,,428.99819616685454,25.4424182102582,77.561,25.4424182102582,60.8113629
Puerto Rico,PRI,2007,0.0,,426.49323562570464,27.86,77.659,27.86,57.8309103
Puerto Rico,PRI,2008,0.0,,423.9984216459977,38.0,78.111,38.0,57.5319995
Puerto Rico,PRI,2009,0.0,,421.6922209695603,41.5,78.377,41.5,59.377739999999996
Puerto Rico,PRI,2010,0.0,,419.8945885005637,45.3,78.717,45.3,59.127313799999996
Puerto Rico,PRI,2011,0.0,,416.39954904171367,48.0,78.766,48.0,58.168883199999996
Puerto Rico,PRI,2012,0.01,,412.7446448703495,68.9999826014151,79.258,68.9999826014151,59.4629589
Puerto Rico,PRI,2013,0.170000002,,409.4055242390079,68.999990004,80.318,68.999990004,58.4662374
Puerto Rico,PRI,2014,0.219999999,,404.1732807215333,76.1338597201667,80.039,76.1338597201667,57.4483331
Puerto Rico,PRI,2015,0.239999995,,398.5532130777903,63.4663353848474,80.677,63.4663353848474,52.946047099999994
Puerto Rico,PRI,2016,0.189999998,,392.38241262683204,68.6438071976518,80.355,68.6438071976518,52.967746
Puerto Rico,PRI,2017,0.150000006,,384.53630214205185,68.7407731407209,79.07,68.7407731407209,52.7274041
Puerto Rico,PRI,2018,0.109999999,,370.9909808342728,70.8563997424362,81.086,70.8563997424362,52.753807099999996
Puerto Rico,PRI,2019,0.159999996,,372.34396843291995,77.7364393708352,81.438,77.7364393708352,53.5808074
Puerto Rico,PRI,2020,0.140000001,,369.96516347237883,,80.009,,53.590197499999995
Puerto Rico,PRI,2021,0.159999996,,367.8388951521984,84.78666399,79.77,84.78666399,58.0102057
Puerto Rico,PRI,2022,0.159999996,,363.0381059751973,87.29178106,79.427,87.29178106,57.506893899999994
Puerto Rico,PRI,2023,0.159999996,,361.19436302142054,,81.69,,54.9944681
Puerto Rico,PRI,2024,0.180000007,,,,81.902,,55.9048574
Qatar,QAT,2024,0.0,,,98.08540344,82.522,98.08540344,63.133730799999995
Romania,ROU,2024,6.429999828,,,91.29048551,76.45853658536586,91.29048551,48.380564899999996
Russia,RUS,2024,4.570000172,,,94.36495368,73.44048780487806,94.36495368,29.8168147
Rwanda,RWA,2024,0.0,,,31.70330048,68.017,31.70330048,60.515777799999995
Saint Kitts and Nevis,KNA,2024,0.01,,,76.88400269,72.281,76.88400269,54.9008834
Saint Lucia,LCA,2024,0.0,,,68.20500183,72.846,68.20500183,56.9490008
Saint Vincent and the Grenadines,VCT,2024,0.0,,,76.19010162,71.382,76.19010162,62.1255222
Samoa,WSM,2024,0.0,,,,71.826,,61.783304699999995
Saudi Arabia,SAU,2024,1.590000033,,,100.0,78.982,100.0,63.0932113
Senegal,SEN,2024,0.409999996,,,60.11780167,68.924,60.11780167,50.1429568
Serbia,SRB,2024,1.25,,,87.69071294,75.96829268292684,87.69071294,36.502794
Seychelles,SYC,2024,0.01,,,87.81800079,76.29512195121951,87.81800079,72.7680211
Sierra Leone,SLE,2024,0.0,,,25.10499954,61.964,25.10499954,33.6395176
Singapore,SGP,2024,0.0,,,94.37757178,83.34634146341465,94.37757178,87.69263889999999
Slovakia,SVK,2024,0.0,,,89.82507032,78.37073170731709,89.82507032,50.0979964
Slovenia,SVN,2024,0.01,,,90.76355487,82.28536585365855,90.76355487,61.5046962
Solomon Islands,SLB,2024,0.0,,,29.04070091,70.694,29.04070091,45.0189156
Somalia,SOM,2024,0.01,,,27.94020081,58.967,27.94020081,11.701147299999999
South Africa,ZAF,2024,11.10000038,,,78.35759735,66.312,78.35759735,43.9726469
South Korea,KOR,2024,3.359999895,,,97.89563777,83.62926829268294,97.89563777,65.05119719999999
Reunion,REU,2004,0.0,,,,,,64.3517044
Reunion,REU,2005,0.0,,,,,,65.2440201
Reunion,REU,2006,0.0,,,,,,65.4096687
Reunion,REU,2007,0.01,,,,,,65.2910149
Reunion,REU,2008,0.01,,,,,,65.3225552
Reunion,REU,2009,0.02,,,,,,65.321444
Reunion,REU,2010,0.02,,,,,,65.3404832
Reunion,REU,2011,0.01,,,,,,65.2927921
Reunion,REU,2012,0.02,,,,,,65.1936875
Reunion,REU,2013,0.02,,,,,,65.2012194
Reunion,REU,2014,0.02,,,,,,58.797059
Reunion,REU,2015,0.02,,,,,,58.8757844
Reunion,REU,2016,0.02,,,,,,58.939223399999996
Reunion,REU,2017,0.01,,,,,,58.8938358
Reunion,REU,2018,0.01,,,,,,58.9710329
Reunion,REU,2019,0.01,,,,,,59.0773921
Reunion,REU,2020,0.01,,,,,,59.104116999999995
Reunion,REU,2021,0.0,,,,,,59.052076
Reunion,REU,2022,0.0,,,,,,59.0342047
Reunion,REU,2023,0.02,,,,,,58.9728182
South Sudan,SSD,2024,0.0,,,,57.738,,6.061704
Spain,ESP,2024,62.20000076,,,95.7574516,83.8878048780488,95.7574516,62.3193026
Sri Lanka,LKA,2024,0.870000005,,,54.59,77.672,54.59,40.066474
Sudan,SDN,2024,0.0,,,,66.521,,16.3300138
Suriname,SUR,2024,0.0,,,,73.757,,40.2263093
Sweden,SWE,2024,40.45000076,,,95.52930428,84.06341463414634,95.52930428,87.6821741
Switzerland,CHE,2024,0.180000007,,,97.3443985,84.40731707317074,97.3443985,88.484008
Syria,SYR,2024,0.0,,,,72.56,,13.4112838
Tajikistan,TJK,2024,0.0,,,55.79339981,71.927,55.79339981,23.2055692
Tanzania,TZA,2024,0.0,,,31.16209984,67.212,31.16209984,41.9016869
Thailand,THA,2024,3.380000114,,,90.86718789,76.564,90.86718789,37.1805433
Togo,TGO,2024,0.0,,,39.48320007,62.935,39.48320007,34.4270752
Tonga,TON,2024,0.0,,,67.4417038,73.07,67.4417038,39.7740182
Trinidad and Tobago,TTO,2024,0.0,,,82.15989685,73.617,82.15989685,40.976369399999996
Tunisia,TUN,2024,0.370000005,,,76.5,76.711,76.5,43.398560499999995
Turkey,TUR,2024,36.52999878,,,87.3078767,77.421,87.3078767,36.4544855
Turkmenistan,TKM,2024,0.0,,,,70.201,,21.5970433
Uganda,UGA,2024,0.0,,,8.949831061,68.487,8.949831061,25.261888499999998
Ukraine,UKR,2024,0.0,,,82.47489929,74.692,82.47489929,34.2448063
Taiwan,TWN,1996,0.0,,,,,,63.3887418
Taiwan,TWN,1998,0.0,,,,,,61.0793244
Taiwan,TWN,2000,0.0,,,,,,60.148523499999996
Taiwan,TWN,2002,0.02,,,,,,65.2698868
Taiwan,TWN,2003,0.02,,,,,,65.58338359999999
Taiwan,TWN,2004,0.029999999,,,,,,67.3761176
Taiwan,TWN,2005,0.090000004,,,,,,68.4386099
Taiwan,TWN,2006,0.280000001,,,,,,61.0201948
Taiwan,TWN,2007,0.439999998,,,,,,59.5481778
Taiwan,TWN,2008,0.589999974,,,,,,59.8477707
Taiwan,TWN,2009,0.790000021,,,,,,59.8017799
Taiwan,TWN,2010,1.029999971,,,,,,64.1113969
Taiwan,TWN,2011,1.49000001,,,,,,64.7718924
Taiwan,TWN,2012,1.409999967,,,,,,64.0021412
Taiwan,TWN,2013,1.639999986,,,,,,63.216057199999995
Taiwan,TWN,2014,1.5,,,,,,67.2896599
Taiwan,TWN,2015,1.529999971,,,,,,67.0665314
Taiwan,TWN,2016,1.460000038,,,,,,68.9562062
Taiwan,TWN,2017,1.720000029,,,,,,70.3939563
Taiwan,TWN,2018,1.710000038,,,,,,70.345494
Taiwan,TWN,2019,1.889999986,,,,,,71.1741906
Taiwan,TWN,2020,2.3099999430000002,,,,,,72.5916
Taiwan,TWN,2021,2.269999981,,,,,,72.7769477
Taiwan,TWN,2022,3.579999924,,,,,,71.9887565
Taiwan,TWN,2023,6.239999771,,,,,,71.9770285
Taiwan,TWN,2024,10.32999992,,,,,,71.79964389999999
United Arab Emirates,ARE,2024,0.200000003,,,100.0,83.069,100.0,71.5418396
United Kingdom,GBR,2024,83.27999878,,,95.4720993,81.3868536585366,95.4720993,78.4145814
United States,USA,2024,451.8999939,,,94.69380188,78.89024390243904,94.69380188,69.8551773
United States Virgin Islands,VIR,2004,0.0,,309.90285714285716,27.3770087880198,77.77317073170732,27.3770087880198,58.9928229
United States Virgin Islands,VIR,2005,0.0,,309.86571428571426,27.3443196733265,77.42195121951221,27.3443196733265,65.2440201
United States Virgin Islands,VIR,2006,0.0,,309.6257142857143,27.3326105376325,78.32439024390244,27.3326105376325,65.4096687
United States Virgin Islands,VIR,2007,0.0,,309.5342857142857,27.3393358364014,76.86341463414634,27.3393358364014,65.2910149
United States Virgin Islands,VIR,2008,0.0,,309.7057142857143,27.3617774210613,77.16341463414635,27.3617774210613,65.3225552
United States Virgin Islands,VIR,2009,0.0,,309.7257142857143,27.3965096846662,77.51463414634145,27.3965096846662,65.321444
United States Virgin Islands,VIR,2010,0.0,,309.5914285714286,31.22,77.8658536585366,31.22,65.3404832
United States Virgin Islands,VIR,2011,0.0,,309.4,35.6,78.31707317073172,35.6,65.2927921
United States Virgin Islands,VIR,2012,0.0,,309.10857142857145,40.5479,78.51707317073172,40.5479,65.1936875
United States Virgin Islands,VIR,2013,0.0,,308.68857142857144,45.3,78.71707317073172,45.3,65.2012194
United States Virgin Islands,VIR,2014,0.0,,308.2342857142857,50.07,78.86829268292684,50.07,58.797059
United States Virgin Islands,VIR,2015,0.0,,307.74857142857144,54.839137296,79.01707317073172,54.839137296,58.8757844
United States Virgin Islands,VIR,2016,0.0,,307.18857142857144,59.60831579895,79.16829268292685,59.60831579895,58.939223399999996
United States Virgin Islands,VIR,2017,0.0,,306.51714285714286,64.3774942980087,79.36829268292684,64.3774942980087,58.8938358
United States Virgin Islands,VIR,2018,0.0,,305.71714285714285,,79.51951219512195,,58.9710329
United States Virgin Islands,VIR,2019,0.0,,304.7685714285714,,79.66829268292683,,59.0773921
United States Virgin Islands,VIR,2020,0.0,,303.6857142857143,,79.81951219512196,,46.4724541
United States Virgin Islands,VIR,2021,0.0,,302.48571428571427,,80.06829268292682,,46.4204132
United States Virgin Islands,VIR,2022,0.0,,301.18,,80.31951219512196,,46.402541899999996
United States Virgin Islands,VIR,2023,0.0,,299.7628571428571,,80.51951219512196,,46.341153399999996
Uruguay,URY,2024,5.159999847,,,91.99109007,78.287,91.99109007,78.7823863
Uzbekistan,UZB,2024,1.899999976,,,89.50550079,72.528,89.50550079,32.586307999999995
Venezuela,VEN,2024,0.02,,,76.67890167,72.673,76.67890167,15.7286763
Vietnam,VNM,2024,12.75,,,84.15,74.736,84.15,42.7600555
Yemen,YEM,2024,0.0,,,,69.439,,14.7421343
Zambia,ZMB,2024,0.0,,,17.10099983,66.528,17.10099983,38.6078994
Zimbabwe,ZWE,2024,0.0,,,41.64279938,63.064,41.64279938,22.5194258
